place;city;country;time;magnitude;sig;sig_category;depth;depth_km;depth_category;latitude;longitude;tsunami
69 km E of Yamada, Japan;Yamada;Japan;2025-12-30 23:51:36.674;4,8;354;Sedang;35,0;35.0 km;Dangkal;39,4639;142,7562;Tidak
south of the Fiji Islands;The Fiji Islands;South Of The Fiji Islands;2025-12-30 23:24:29.876;4,1;259;Sedang;636,48;636.48 km;Dalam;-25,036;175,5176;Tidak
173 km NNE of Tobelo, Indonesia;Tobelo;Indonesia;2025-12-30 22:36:09.826;4,5;312;Sedang;10,0;10.0 km;Dangkal;3,0448;128,8654;Tidak
118 km E of Miyako, Japan;Miyako;Japan;2025-12-30 22:19:46.063;4,8;354;Sedang;25,08;25.08 km;Dangkal;39,6348;143,3259;Tidak
75 km NNE of Gorontalo, Indonesia;Gorontalo;Indonesia;2025-12-30 20:55:06.450;4,5;312;Sedang;10,0;10.0 km;Dangkal;1,1709;123,3204;Tidak
26 km SSE of Boyuibe, Bolivia;Boyuibe;Bolivia;2025-12-30 20:26:04.069;5,3;432;Sedang;553,82;553.82 km;Dalam;-20,6323;-63,1477;Tidak
202 km ESE of Ust’-Kamchatsk Staryy, Russia;Ust’-Kamchatsk Staryy;Russia;2025-12-30 19:16:16.990;4,3;284;Sedang;10,0;10.0 km;Dangkal;55,3497;165,3096;Tidak
75 km ESE of Pondaguitan, Philippines;Pondaguitan;Philippines;2025-12-30 16:45:05.128;4,5;312;Sedang;80,53;80.53 km;Menengah;6,2037;126,8425;Tidak
41 km NW of Campo Verde, Peru;Campo Verde;Peru;2025-12-30 16:11:17.265;4,1;259;Sedang;104,35;104.35 km;Menengah;-8,2285;-75,0877;Tidak
45 km W of Latakia, Syria;Latakia;Syria;2025-12-30 15:05:31.455;4,3;285;Sedang;10,0;10.0 km;Dangkal;35,5269;35,2882;Tidak
244 km ENE of Kuril’sk, Russia;Kuril’Sk;Russia;2025-12-30 14:29:49.403;4,3;284;Sedang;129,5;129.5 km;Menengah;45,9826;150,8201;Tidak
49 km S of Lhokseumawe, Indonesia;Lhokseumawe;Indonesia;2025-12-30 14:01:14.553;4,2;271;Sedang;13,53;13.53 km;Dangkal;4,7394;97,0968;Tidak
54 km E of Petropavlovsk-Kamchatsky, Russia;Petropavlovsk-Kamchatsky;Russia;2025-12-30 13:44:06.801;4,2;271;Sedang;70,64;70.64 km;Menengah;53,1542;159,433;Tidak
60 km SSW of Lhokseumawe, Indonesia;Lhokseumawe;Indonesia;2025-12-30 13:43:09.584;4,6;326;Sedang;10,18;10.18 km;Dangkal;4,6976;96,901;Tidak
32 km NE of Hingatungan, Philippines;Hingatungan;Philippines;2025-12-30 13:40:10.779;4,5;312;Sedang;91,46;91.46 km;Menengah;10,7931;125,3885;Tidak
52 km ESE of Londres, Argentina;Londres;Argentina;2025-12-30 13:20:50.525;4,3;284;Sedang;153,34;153.34 km;Menengah;-27,9645;-66,6791;Tidak
80 km SSW of Panguna, Papua New Guinea;Panguna;Papua New Guinea;2025-12-30 11:22:08.302;5,1;400;Sedang;10,0;10.0 km;Dangkal;-7,0134;155,273;Tidak
256 km E of Levuka, Fiji;Levuka;Fiji;2025-12-30 10:58:04.342;4,6;326;Sedang;540,57;540.57 km;Dalam;-18,1437;-178,2655;Tidak
97 km N of Yakutat, Alaska;Yakutat;Alaska;2025-12-30 10:17:19.219;5,1;401;Sedang;5,0;5.0 km;Dangkal;60,4206;-139,6135;Tidak
62 km W of Vallenar, Chile;Vallenar;Chile;2025-12-30 09:46:19.631;4,0;246;Sedang;27,34;27.34 km;Dangkal;-28,506;-71,388;Tidak
20 km NNW of Wadomari, Japan;Wadomari;Japan;2025-12-30 08:23:08.502;4,4;298;Sedang;41,78;41.78 km;Dangkal;27,5551;128,5811;Tidak
23 km N of Wadomari, Japan;Wadomari;Japan;2025-12-30 08:12:24.628;5,5;468;Sedang;11,0;11.0 km;Dangkal;27,5972;128,6805;Tidak
51 km ENE of Caucete, Argentina;Caucete;Argentina;2025-12-30 08:10:45.508;4,3;285;Sedang;39,86;39.86 km;Dangkal;-31,4952;-67,7744;Tidak
242 km E of Levuka, Fiji;Levuka;Fiji;2025-12-30 06:08:06.584;4,6;326;Sedang;555,39;555.39 km;Dalam;-17,8925;-178,3999;Tidak
Izu Islands, Japan region;Izu Islands;Japan;2025-12-30 06:04:12.828;4,6;326;Sedang;10,0;10.0 km;Dangkal;31,4462;140,1365;Tidak
Mid-Indian Ridge;Mid-Indian Ridge;Mid-Indian Ridge;2025-12-30 04:16:18.115;5,0;385;Sedang;10,0;10.0 km;Dangkal;-42,6392;83,5964;Tidak
Pagan region, Northern Mariana Islands;Pagan Region;Northern Mariana Islands;2025-12-30 03:44:01.085;4,6;326;Sedang;210,42;210.42 km;Menengah;18,2023;145,5359;Tidak
South Sandwich Islands region;South Sandwich Islands Region;South Sandwich Islands;2025-12-29 23:39:04.761;4,5;312;Sedang;10,0;10.0 km;Dangkal;-55,3642;-25,4729;Tidak
253 km E of Levuka, Fiji;Levuka;Fiji;2025-12-29 23:19:27.092;4,3;284;Sedang;617,74;617.74 km;Dalam;-17,8584;-178,3006;Tidak
223 km E of Levuka, Fiji;Levuka;Fiji;2025-12-29 23:04:11.009;4,4;298;Sedang;608,34;608.34 km;Dalam;-18,1119;-178,5727;Tidak
91 km ENE of Kuji, Japan;Kuji;Japan;2025-12-29 22:52:53.426;4,2;271;Sedang;41,29;41.29 km;Dangkal;40,5323;142,7502;Tidak
69 km ENE of Shikotan, Russia;Shikotan;Russia;2025-12-29 22:47:22.767;4,5;312;Sedang;35,0;35.0 km;Dangkal;44,0459;147,5159;Tidak
Fiji region;Fiji Region;Fiji;2025-12-29 21:50:33.423;4,8;354;Sedang;600,13;600.13 km;Dalam;-20,347;-178,4716;Tidak
184 km ENE of Levuka, Fiji;Levuka;Fiji;2025-12-29 19:42:01.627;4,2;271;Sedang;562,05;562.05 km;Dalam;-17,4239;-179,0828;Tidak
southwest of Sumatra, Indonesia;Sumatra;Indonesia;2025-12-29 19:37:34.950;4,2;271;Sedang;10,0;10.0 km;Dangkal;-6,7174;102,0604;Tidak
32 km ESE of Afántou, Greece;Afántou;Greece;2025-12-29 17:00:07.057;4,2;271;Sedang;43,46;43.46 km;Dangkal;36,1478;28,4752;Tidak
Mid-Indian Ridge;Mid-Indian Ridge;Mid-Indian Ridge;2025-12-29 16:39:00.969;4,9;369;Sedang;10,0;10.0 km;Dangkal;-23,5565;69,5042;Tidak
32 km SE of Sarupathar, India;Sarupathar;India;2025-12-29 15:30:29.804;4,2;271;Sedang;10,0;10.0 km;Dangkal;26,0392;97,0716;Tidak
123 km ESE of Bitung, Indonesia;Bitung;Indonesia;2025-12-29 14:43:00.650;4,6;326;Sedang;39,21;39.21 km;Dangkal;0,9508;126,1289;Tidak
Izu Islands, Japan region;Izu Islands;Japan;2025-12-29 14:16:12.759;4,5;312;Sedang;69,34;69.34 km;Dangkal;32,3307;140,8236;Tidak
115 km S of Kokopo, Papua New Guinea;Kokopo;Papua New Guinea;2025-12-29 11:40:02.089;5,1;400;Sedang;10,0;10.0 km;Dangkal;-5,3688;152,4689;Tidak
27 km NE of Soe, Indonesia;Soe;Indonesia;2025-12-29 11:32:44.772;4,4;298;Sedang;10,0;10.0 km;Dangkal;-9,7209;124,4911;Tidak
28 km SE of Ikungi, Tanzania;Ikungi;Tanzania;2025-12-29 09:51:40.385;4,6;326;Sedang;10,0;10.0 km;Dangkal;-5,3127;34,9465;Tidak
167 km SE of Petropavlovsk-Kamchatsky, Russia;Petropavlovsk-Kamchatsky;Russia;2025-12-29 05:39:24.848;4,7;340;Sedang;10,0;10.0 km;Dangkal;51,9871;160,3442;Tidak
94 km SW of Ternate, Indonesia;Ternate;Indonesia;2025-12-29 05:17:56.087;4,5;312;Sedang;112,84;112.84 km;Menengah;0,2388;126,7404;Tidak
56 km WNW of San Antonio de los Cobres, Argentina;San Antonio De Los Cobres;Argentina;2025-12-29 04:49:28.726;4,4;298;Sedang;222,05;222.05 km;Menengah;-24,0053;-66,8245;Tidak
259 km E of Levuka, Fiji;Levuka;Fiji;2025-12-29 02:43:48.375;4,4;298;Sedang;546,26;546.26 km;Dalam;-18,1779;-178,2385;Tidak
229 km NE of Neiafu, Tonga;Neiafu;Tonga;2025-12-29 02:18:17.620;4,7;340;Sedang;10,0;10.0 km;Dangkal;-17,4828;-172,1925;Tidak
48 km E of Villa Presidente Frei, Chile;Villa Presidente Frei;Chile;2025-12-29 02:06:38.379;4,1;259;Sedang;116,89;116.89 km;Menengah;-33,4641;-70,0595;Tidak
15 km NNW of Susanville, CA;Susanville;Ca;2025-12-29 00:41:14.360;4,7;568;Tinggi;6,78;6.78 km;Dangkal;40,547;-120,700833333333;Tidak
36 km SE of Ikungi, Tanzania;Ikungi;Tanzania;2025-12-29 00:02:22.732;4,2;271;Sedang;10,0;10.0 km;Dangkal;-5,3959;34,9614;Tidak
44 km W of Puerto Santa, Peru;Puerto Santa;Peru;2025-12-28 23:19:55.696;5,0;386;Sedang;71,23;71.23 km;Menengah;-9,0419;-79,0459;Tidak
106 km N of Yakutat, Alaska;Yakutat;Alaska;2025-12-28 18:50:49.224;4,3;284;Sedang;8,54;8.54 km;Dangkal;60,4996;-139,8774;Ya
South Sandwich Islands region;South Sandwich Islands Region;South Sandwich Islands;2025-12-28 18:49:54.245;4,4;298;Sedang;35,0;35.0 km;Dangkal;-55,6178;-27,8088;Tidak
25 km N of Loreto, Philippines;Loreto;Philippines;2025-12-28 18:47:55.071;4,3;284;Sedang;47,47;47.47 km;Dangkal;10,5975;125,5879;Tidak
130 km SSW of Hihifo, Tonga;Hihifo;Tonga;2025-12-28 18:03:49.198;4,6;326;Sedang;120,59;120.59 km;Menengah;-17,076;-174,1664;Tidak
153 km S of Severo-Kuril’sk, Russia;Severo-Kuril’Sk;Russia;2025-12-28 13:40:00.956;4,6;326;Sedang;54,64;54.64 km;Dangkal;49,2989;156,0604;Tidak
103 km WSW of San Vicente de Cañete, Peru;San Vicente De Cañete;Peru;2025-12-28 13:09:38.657;4,6;327;Sedang;10,0;10.0 km;Dangkal;-13,4851;-77,2455;Tidak
136 km SSW of Severo-Kuril’sk, Russia;Severo-Kuril’Sk;Russia;2025-12-28 10:46:27.929;4,6;326;Sedang;73,18;73.18 km;Menengah;49,5077;155,5501;Tidak
14 km NNE of Berlín, El Salvador;Berlín;El Salvador;2025-12-28 09:55:25.593;4,4;298;Sedang;189,42;189.42 km;Menengah;13,6258;-88,4988;Tidak
56 km NE of Khorugh, Tajikistan;Khorugh;Tajikistan;2025-12-28 09:54:55.602;4,3;284;Sedang;133,29;133.29 km;Menengah;37,7812;72,0809;Tidak
Fiji region;Fiji Region;Fiji;2025-12-28 08:44:55.335;4,4;298;Sedang;609,4;609.4 km;Dalam;-20,3133;-178,4532;Tidak
south of the Fiji Islands;The Fiji Islands;South Of The Fiji Islands;2025-12-28 08:43:33.164;4,2;271;Sedang;532,88;532.88 km;Dalam;-23,9394;-179,8439;Tidak
269 km WNW of Houma, Tonga;Houma;Tonga;2025-12-28 08:16:33.398;4,5;312;Sedang;540,2;540.2 km;Dalam;-20,3451;-177,7382;Tidak
72 km SE of Severo-Kuril’sk, Russia;Severo-Kuril’Sk;Russia;2025-12-28 08:11:16.864;4,3;284;Sedang;53,3;53.3 km;Dangkal;50,1857;156,7908;Tidak
Fiji region;Fiji Region;Fiji;2025-12-28 08:06:21.857;4,6;326;Sedang;628,03;628.03 km;Dalam;-20,2519;-178,5925;Tidak
51 km SE of Boca de Yuma, Dominican Republic;Boca De Yuma;Dominican Republic;2025-12-28 04:59:06.390;4,26;280;Sedang;77,0;77.0 km;Menengah;18,0925;-68,2255;Tidak
South Sandwich Islands region;South Sandwich Islands Region;South Sandwich Islands;2025-12-28 04:36:20.056;5,1;400;Sedang;35,0;35.0 km;Dangkal;-59,6912;-26,3164;Tidak
124 km N of Yakutat, Alaska;Yakutat;Alaska;2025-12-28 03:54:52.366;4,2;271;Sedang;5,0;5.0 km;Dangkal;60,6578;-139,9672;Tidak
61 km SW of Severo-Kuril’sk, Russia;Severo-Kuril’Sk;Russia;2025-12-28 02:52:44.320;4,2;271;Sedang;128,2;128.2 km;Menengah;50,2445;155,5733;Tidak
44 km W of Puerto Santa, Peru;Puerto Santa;Peru;2025-12-28 02:51:49.927;6,2;692;Tinggi;58,0;58.0 km;Dangkal;-8,9723;-79,0532;Tidak
42 km NNW of Bukittinggi, Indonesia;Bukittinggi;Indonesia;2025-12-28 02:15:51.645;4,6;326;Sedang;66,05;66.05 km;Dangkal;0,0103;100,1604;Tidak
34 km WNW of Bukittinggi, Indonesia;Bukittinggi;Indonesia;2025-12-28 02:11:39.544;4,6;326;Sedang;48,82;48.82 km;Dangkal;-0,1497;100,1081;Tidak
34 km NE of Luganville, Vanuatu;Luganville;Vanuatu;2025-12-27 23:52:00.001;4,4;298;Sedang;109,0;109.0 km;Menengah;-15,3445;167,4272;Tidak
western Xizang;Western Xizang;Western Xizang;2025-12-27 23:21:18.423;4,3;284;Sedang;10,0;10.0 km;Dangkal;35,7405;88,5284;Tidak
82 km ENE of Donggang, Taiwan;Donggang;Taiwan;2025-12-27 23:03:25.317;4,3;284;Sedang;25,47;25.47 km;Dangkal;22,7219;121,2041;Tidak
Izu Islands, Japan region;Izu Islands;Japan;2025-12-27 22:47:58.512;4,4;298;Sedang;10,0;10.0 km;Dangkal;29,6946;142,2399;Tidak
Fiji region;Fiji Region;Fiji;2025-12-27 22:11:46.715;4,8;354;Sedang;590,81;590.81 km;Dalam;-20,9109;-178,572;Tidak
95 km SW of Atka, Alaska;Atka;Alaska;2025-12-27 22:08:24.338;4,0;246;Sedang;45,28;45.28 km;Dangkal;51,5937;-175,1974;Tidak
84 km WNW of Attu Station, Alaska;Attu Station;Alaska;2025-12-27 21:56:29.779;4,3;284;Sedang;38,08;38.08 km;Dangkal;53,0417;171,9684;Tidak
206 km ENE of Levuka, Fiji;Levuka;Fiji;2025-12-27 21:49:11.324;4,1;259;Sedang;550,04;550.04 km;Dalam;-17,4676;-178,8382;Tidak
39 km SE of Yigo Village, Guam;Yigo Village;Guam;2025-12-27 21:35:19.957;4,1;259;Sedang;59,49;59.49 km;Dangkal;13,2781;145,1362;Tidak
western Indian-Antarctic Ridge;Western Indian-Antarctic Ridge;Western Indian-Antarctic Ridge;2025-12-27 19:06:02.032;4,5;312;Sedang;10,0;10.0 km;Dangkal;-50,2656;130,1089;Tidak
34 km WNW of Pante Makasar, Timor Leste;Pante Makasar;Timor Leste;2025-12-27 18:56:33.613;4,0;246;Sedang;94,91;94.91 km;Menengah;-9,0626;124,0975;Tidak
38 km NW of Ashkāsham, Afghanistan;Ashkāsham;Afghanistan;2025-12-27 18:45:15.085;4,2;271;Sedang;194,25;194.25 km;Menengah;36,9448;71,253;Tidak
13 km NE of San Juan, Philippines;San Juan;Philippines;2025-12-27 18:26:23.646;4,9;371;Sedang;64,16;64.16 km;Dangkal;15,3857;120,1378;Tidak
98 km N of Lae, Papua New Guinea;Lae;Papua New Guinea;2025-12-27 18:12:46.600;4,2;271;Sedang;136,79;136.79 km;Menengah;-5,835;147,0606;Tidak
Izu Islands, Japan region;Izu Islands;Japan;2025-12-27 17:44:32.948;4,9;369;Sedang;22,47;22.47 km;Dangkal;29,6473;142,1455;Tidak
36 km ESE of Yilan, Taiwan;Yilan;Taiwan;2025-12-27 16:45:42.674;4,3;285;Sedang;62,59;62.59 km;Dangkal;24,5928;122,0668;Tidak
263 km WNW of Houma, Tonga;Houma;Tonga;2025-12-27 16:18:17.844;4,4;298;Sedang;514,71;514.71 km;Dalam;-20,1916;-177,6091;Tidak
56 km W of Ollagüe, Chile;Ollagüe;Chile;2025-12-27 15:51:58.264;4,0;246;Sedang;120,45;120.45 km;Menengah;-21,2624;-68,8006;Tidak
30 km ESE of Yilan, Taiwan;Yilan;Taiwan;2025-12-27 15:05:55.419;6,6;915;Sangat Tinggi;63,0;63.0 km;Dangkal;24,6876;122,0478;Ya
12 km WNW of Dhekiajuli, India;Dhekiajuli;India;2025-12-27 12:42:49.553;4,5;312;Sedang;41,7;41.7 km;Dangkal;26,7466;92,3604;Tidak
102 km SSE of Pondaguitan, Philippines;Pondaguitan;Philippines;2025-12-27 12:00:19.813;4,3;284;Sedang;8,76;8.76 km;Dangkal;5,4994;126,5248;Tidak
37 km NW of Añatuya, Argentina;Añatuya;Argentina;2025-12-27 10:40:49.838;5,6;482;Sedang;593,43;593.43 km;Dalam;-28,2562;-63,1342;Tidak
92 km S of La Tirana, Chile;La Tirana;Chile;2025-12-27 10:26:05.240;4,1;259;Sedang;70,52;70.52 km;Menengah;-21,1742;-69,6433;Tidak
47 km SSE of Koshima, Japan;Koshima;Japan;2025-12-27 09:35:14.340;4,3;284;Sedang;41,71;41.71 km;Dangkal;29,8704;130,8015;Tidak
107 km WSW of Balai Pungut, Indonesia;Balai Pungut;Indonesia;2025-12-27 09:16:15.952;4,5;312;Sedang;10,0;10.0 km;Dangkal;0,7775;100,363;Tidak
34 km NW of Finschhafen, Papua New Guinea;Finschhafen;Papua New Guinea;2025-12-27 08:18:17.769;4,7;340;Sedang;66,18;66.18 km;Dangkal;-6,357;147,6044;Tidak
163 km ESE of Petropavlovsk-Kamchatsky, Russia;Petropavlovsk-Kamchatsky;Russia;2025-12-27 06:34:34.918;4,3;284;Sedang;10,0;10.0 km;Dangkal;52,4404;160,8249;Tidak
267 km WNW of Houma, Tonga;Houma;Tonga;2025-12-27 05:45:43.004;4,5;312;Sedang;502,59;502.59 km;Dalam;-20,1899;-177,6541;Tidak
113 km NNW of Labuan Bajo, Indonesia;Labuan Bajo;Indonesia;2025-12-27 04:51:10.160;4,1;259;Sedang;270,51;270.51 km;Menengah;-7,561;119,4745;Tidak
Bonin Islands, Japan region;Bonin Islands;Japan;2025-12-27 03:58:42.349;4,1;259;Sedang;406,27;406.27 km;Dalam;28,372;139,841;Tidak
41 km SSW of Nemuro, Japan;Nemuro;Japan;2025-12-27 03:55:21.066;4,3;284;Sedang;65,81;65.81 km;Dangkal;42,9656;145,4249;Tidak
141 km SSW of Acajutla, El Salvador;Acajutla;El Salvador;2025-12-27 03:13:54.461;4,2;271;Sedang;10,0;10.0 km;Dangkal;12,402;-90,2957;Tidak
193 km S of Bengkulu, Indonesia;Bengkulu;Indonesia;2025-12-27 03:00:16.979;4,9;369;Sedang;10,0;10.0 km;Dangkal;-5,5489;102,247;Tidak
194 km NE of Kuril’sk, Russia;Kuril’Sk;Russia;2025-12-27 02:54:41.692;4,1;259;Sedang;188,92;188.92 km;Menengah;46,4211;149,7086;Tidak
84 km ESE of Caburan, Philippines;Caburan;Philippines;2025-12-27 02:29:23.592;4,3;284;Sedang;57,56;57.56 km;Dangkal;5,5943;126,3364;Tidak
220 km ESE of Severo-Kuril’sk, Russia;Severo-Kuril’Sk;Russia;2025-12-27 02:25:16.091;5,1;400;Sedang;10,0;10.0 km;Dangkal;49,6988;158,8076;Tidak
191 km S of Bengkulu, Indonesia;Bengkulu;Indonesia;2025-12-27 01:10:11.630;5,2;416;Sedang;10,0;10.0 km;Dangkal;-5,5339;102,2674;Tidak
Bonin Islands, Japan region;Bonin Islands;Japan;2025-12-27 00:57:15.404;4,3;284;Sedang;209,19;209.19 km;Menengah;27,1217;140,4931;Tidak
D'Entrecasteaux Islands region;D'Entrecasteaux Islands Region;D'Entrecasteaux Islands;2025-12-27 00:57:09.158;4,2;271;Sedang;10,0;10.0 km;Dangkal;-9,9894;154,1088;Tidak
49 km WSW of Végueta, Peru;Végueta;Peru;2025-12-27 00:35:16.181;4,6;329;Sedang;35,01;35.01 km;Dangkal;-11,1183;-78,0877;Tidak
193 km S of Bengkulu, Indonesia;Bengkulu;Indonesia;2025-12-27 00:22:33.891;5,4;449;Sedang;25,0;25.0 km;Dangkal;-5,5478;102,3448;Tidak
108 km ESE of Kokopo, Papua New Guinea;Kokopo;Papua New Guinea;2025-12-26 23:02:24.826;5,2;416;Sedang;84,16;84.16 km;Menengah;-4,5433;153,2228;Tidak
6 km SE of Takahama, Japan;Takahama;Japan;2025-12-26 21:09:36.451;4,2;271;Sedang;352,62;352.62 km;Dalam;35,4532;135,6043;Tidak
113 km N of Yakutat, Alaska;Yakutat;Alaska;2025-12-26 21:07:09.381;4,1;259;Sedang;5,0;5.0 km;Dangkal;60,5621;-139,7269;Tidak
9 km SW of Pante Makasar, Timor Leste;Pante Makasar;Timor Leste;2025-12-26 20:48:48.958;4,4;298;Sedang;32,2;32.2 km;Dangkal;-9,2676;124,3365;Tidak
126 km SW of Jiquilillo, Nicaragua;Jiquilillo;Nicaragua;2025-12-26 20:11:29.767;4,3;284;Sedang;10,0;10.0 km;Dangkal;11,8324;-88,1576;Tidak
165 km WNW of Abepura, Indonesia;Abepura;Indonesia;2025-12-26 20:08:43.195;4,4;298;Sedang;25,66;25.66 km;Dangkal;-2,2499;139,1874;Tidak
138 km NW of Tumxuk, China;Tumxuk;China;2025-12-26 19:44:26.501;4,2;271;Sedang;10,0;10.0 km;Dangkal;40,8581;78,066;Tidak
Fiji region;Fiji Region;Fiji;2025-12-26 19:27:54.701;4,6;326;Sedang;623,05;623.05 km;Dalam;-20,5344;-178,9538;Tidak
107 km S of Kokopo, Papua New Guinea;Kokopo;Papua New Guinea;2025-12-26 19:22:46.899;4,5;312;Sedang;43,7;43.7 km;Dangkal;-5,3111;152,3367;Tidak
34 km ESE of Calama, Chile;Calama;Chile;2025-12-26 19:05:12.619;4,6;326;Sedang;108,2;108.2 km;Menengah;-22,5252;-68,5918;Tidak
208 km E of Labasa, Fiji;Labasa;Fiji;2025-12-26 19:01:25.321;4,0;246;Sedang;501,05;501.05 km;Dalam;-16,5437;-178,6879;Tidak
Rat Islands, Aleutian Islands, Alaska;Rat Islands;Alaska;2025-12-26 18:17:08.727;4,0;246;Sedang;93,27;93.27 km;Menengah;51,5493;177,8198;Tidak
Kermadec Islands region;Kermadec Islands Region;Kermadec Islands;2025-12-26 17:15:00.871;4,2;271;Sedang;10,0;10.0 km;Dangkal;-28,3595;-177,6876;Tidak
south of the Fiji Islands;The Fiji Islands;South Of The Fiji Islands;2025-12-26 16:41:04.648;4,8;354;Sedang;568,91;568.91 km;Dalam;-26,0168;178,919;Tidak
42 km W of Campo Verde, Peru;Campo Verde;Peru;2025-12-26 16:31:39.355;4,8;354;Sedang;128,25;128.25 km;Menengah;-8,4377;-75,1957;Tidak
8 km NNW of Baikunthpur, India;Baikunthpur;India;2025-12-26 16:10:18.268;4,1;259;Sedang;10,0;10.0 km;Dangkal;23,3367;82,5318;Tidak
170 km W of Tigil’, Russia;Tigil’;Russia;2025-12-26 15:31:40.823;4,5;312;Sedang;10,0;10.0 km;Dangkal;57,8398;155,8146;Tidak
114 km NNE of Mount Hagen, Papua New Guinea;Mount Hagen;Papua New Guinea;2025-12-26 15:29:51.891;4,5;312;Sedang;92,66;92.66 km;Menengah;-4,9555;144,7364;Tidak
194 km WNW of Hihifo, Tonga;Hihifo;Tonga;2025-12-26 14:38:22.139;4,8;354;Sedang;10,0;10.0 km;Dangkal;-15,1813;-175,4233;Tidak
43 km SSE of Dampit, Indonesia;Dampit;Indonesia;2025-12-26 14:19:38.675;4,5;312;Sedang;136,96;136.96 km;Menengah;-8,568;112,9143;Tidak
255 km E of Levuka, Fiji;Levuka;Fiji;2025-12-26 13:49:51.912;4,3;284;Sedang;609,74;609.74 km;Dalam;-17,9161;-178,2736;Tidak
204 km ESE of Kimbe, Papua New Guinea;Kimbe;Papua New Guinea;2025-12-26 12:33:55.761;4,7;340;Sedang;10,0;10.0 km;Dangkal;-6,2398;151,8498;Tidak
Kermadec Islands, New Zealand;Kermadec Islands;New Zealand;2025-12-26 11:05:30.591;4,2;271;Sedang;10,0;10.0 km;Dangkal;-30,5085;-177,1039;Tidak
Izu Islands, Japan region;Izu Islands;Japan;2025-12-26 10:44:53.530;4,8;354;Sedang;492,57;492.57 km;Dalam;29,0357;138,7343;Tidak
38 km WNW of Ollagüe, Chile;Ollagüe;Chile;2025-12-26 09:50:56.444;4,3;284;Sedang;128,26;128.26 km;Menengah;-21,0765;-68,5905;Tidak
129 km ESE of Alo, Wallis and Futuna;Alo;Wallis And Futuna;2025-12-26 08:36:07.520;5,6;482;Sedang;10,0;10.0 km;Dangkal;-14,5577;-176,9372;Tidak
Izu Islands, Japan region;Izu Islands;Japan;2025-12-26 08:03:00.015;4,3;284;Sedang;427,73;427.73 km;Dalam;30,3457;138,3942;Tidak
37 km NNW of Wewak, Papua New Guinea;Wewak;Papua New Guinea;2025-12-26 07:59:36.517;4,4;298;Sedang;10,0;10.0 km;Dangkal;-3,2176;143,5499;Tidak
64 km ENE of Blangpidie, Indonesia;Blangpidie;Indonesia;2025-12-26 07:47:53.383;4,2;271;Sedang;9,98;9.98 km;Dangkal;3,9623;97,3735;Tidak
96 km ENE of Tadine, New Caledonia;Tadine;New Caledonia;2025-12-26 07:45:39.252;4,9;369;Sedang;10,0;10.0 km;Dangkal;-21,0771;168,6603;Tidak
Mid-Indian Ridge;Mid-Indian Ridge;Mid-Indian Ridge;2025-12-26 07:14:06.513;4,7;340;Sedang;10,0;10.0 km;Dangkal;-16,2898;66,8529;Tidak
Mid-Indian Ridge;Mid-Indian Ridge;Mid-Indian Ridge;2025-12-26 07:12:33.963;4,5;312;Sedang;10,0;10.0 km;Dangkal;-20,8871;68,3582;Tidak
71 km E of Lakatoro, Vanuatu;Lakatoro;Vanuatu;2025-12-26 05:47:37.666;4,1;259;Sedang;262,61;262.61 km;Menengah;-16,0559;168,0852;Tidak
48 km NW of Calingasta, Argentina;Calingasta;Argentina;2025-12-26 05:37:30.177;4,4;298;Sedang;117,33;117.33 km;Menengah;-31,0094;-69,7696;Tidak
17 km N of Wewak, Papua New Guinea;Wewak;Papua New Guinea;2025-12-26 05:25:52.737;4,6;326;Sedang;10,0;10.0 km;Dangkal;-3,3888;143,6484;Tidak
79 km ENE of San Pedro de Atacama, Chile;San Pedro De Atacama;Chile;2025-12-26 04:55:16.225;4,2;271;Sedang;171,16;171.16 km;Menengah;-22,5211;-67,5523;Tidak
Drake Passage;Drake Passage;Drake Passage;2025-12-26 04:44:01.248;5,1;400;Sedang;10,0;10.0 km;Dangkal;-60,2506;-61,856;Tidak
central Mid-Atlantic Ridge;Central Mid-Atlantic Ridge;Central Mid-Atlantic Ridge;2025-12-26 03:29:17.836;4,6;326;Sedang;10,0;10.0 km;Dangkal;-0,4948;-20,0117;Tidak
south of the Fiji Islands;The Fiji Islands;South Of The Fiji Islands;2025-12-26 03:14:57.302;4,4;298;Sedang;539,32;539.32 km;Dalam;-23,7781;179,867;Tidak
14 km NNE of Wewak, Papua New Guinea;Wewak;Papua New Guinea;2025-12-26 03:03:16.450;4,1;259;Sedang;10,0;10.0 km;Dangkal;-3,4284;143,6869;Tidak
northern Mid-Atlantic Ridge;Northern Mid-Atlantic Ridge;Northern Mid-Atlantic Ridge;2025-12-26 02:13:14.202;4,3;284;Sedang;10,0;10.0 km;Dangkal;52,086;-30,5858;Tidak
176 km SE of Petropavlovsk-Kamchatsky, Russia;Petropavlovsk-Kamchatsky;Russia;2025-12-26 01:15:21.177;4,4;298;Sedang;10,0;10.0 km;Dangkal;52,1319;160,7323;Tidak
50 km SSE of Severo-Kuril’sk, Russia;Severo-Kuril’Sk;Russia;2025-12-26 01:00:17.223;4,3;284;Sedang;56,55;56.55 km;Dangkal;50,2714;156,439;Tidak
179 km SE of Perryville, Alaska;Perryville;Alaska;2025-12-26 00:09:46.617;4,1;259;Sedang;13,5;13.5 km;Dangkal;54,837;-157,03;Tidak
174 km SE of Perryville, Alaska;Perryville;Alaska;2025-12-25 23:38:02.435;4,2;271;Sedang;10,0;10.0 km;Dangkal;54,9129;-157,024;Tidak
27 km WNW of Rāpar, India;Rāpar;India;2025-12-25 23:00:05.553;4,6;326;Sedang;10,0;10.0 km;Dangkal;23,7096;70,4196;Tidak
194 km N of Sola, Vanuatu;Sola;Vanuatu;2025-12-25 22:29:11.265;4,8;354;Sedang;288,19;288.19 km;Menengah;-12,1351;167,293;Tidak
40 km N of Finschhafen, Papua New Guinea;Finschhafen;Papua New Guinea;2025-12-25 21:33:26.099;4,3;284;Sedang;49,9;49.9 km;Dangkal;-6,1939;147,8366;Tidak
45 km SW of Ollagüe, Chile;Ollagüe;Chile;2025-12-25 21:26:53.137;4,0;246;Sedang;148,94;148.94 km;Menengah;-21,4887;-68,5894;Tidak
106 km WNW of Waisai, Indonesia;Waisai;Indonesia;2025-12-25 20:26:16.333;4,5;312;Sedang;10,0;10.0 km;Dangkal;0,1711;129,64;Tidak
175 km W of Tigil’, Russia;Tigil’;Russia;2025-12-25 19:39:36.800;4,9;369;Sedang;10,0;10.0 km;Dangkal;57,8588;155,7394;Tidak
off the east coast of the Kamchatka Peninsula, Russia;The Kamchatka Peninsula;Russia;2025-12-25 19:30:23.266;4,5;312;Sedang;10,0;10.0 km;Dangkal;52,4334;163,6378;Tidak
18 km SSW of Kokopo, Papua New Guinea;Kokopo;Papua New Guinea;2025-12-25 18:52:41.478;4,2;271;Sedang;104,38;104.38 km;Menengah;-4,5045;152,2189;Tidak
37 km E of Copiapó, Chile;Copiapó;Chile;2025-12-25 18:24:42.321;4,2;271;Sedang;97,16;97.16 km;Menengah;-27,3008;-69,956;Tidak
25 km NNW of Castlepoint, New Zealand;Castlepoint;New Zealand;2025-12-25 18:16:50.284;4,5;313;Sedang;26,15;26.15 km;Dangkal;-40,6856;176,1199;Tidak
South Sandwich Islands region;South Sandwich Islands Region;South Sandwich Islands;2025-12-25 17:15:43.098;4,6;326;Sedang;34,33;34.33 km;Dangkal;-56,0161;-26,5191;Tidak
67 km E of Gorontalo, Indonesia;Gorontalo;Indonesia;2025-12-25 17:01:45.586;4,7;340;Sedang;260,89;260.89 km;Menengah;0,5079;123,6649;Tidak
101 km E of Yokohama, Japan;Yokohama;Japan;2025-12-25 16:25:51.382;4,6;326;Sedang;56,47;56.47 km;Dangkal;41,2616;142,4348;Tidak
98 km E of Yokohama, Japan;Yokohama;Japan;2025-12-25 16:17:41.849;5,6;482;Sedang;55,17;55.17 km;Dangkal;41,1736;142,4158;Tidak
228 km SW of Merizo Village, Guam;Merizo Village;Guam;2025-12-25 15:48:58.913;4,7;340;Sedang;10,0;10.0 km;Dangkal;11,7644;143,2277;Tidak
17 km NW of Yingjiang, China;Yingjiang;China;2025-12-25 15:19:41.275;4,4;298;Sedang;10,0;10.0 km;Dangkal;24,828;97,8254;Tidak
134 km SE of Kuril’sk, Russia;Kuril’Sk;Russia;2025-12-25 13:17:00.600;4,8;354;Sedang;35,0;35.0 km;Dangkal;44,3631;149,0615;Tidak
south of the Fiji Islands;The Fiji Islands;South Of The Fiji Islands;2025-12-25 09:57:14.387;5,2;416;Sedang;10,0;10.0 km;Dangkal;-26,4766;-176,0455;Tidak
Scotia Sea;Scotia Sea;Scotia Sea;2025-12-25 09:24:38.027;4,7;340;Sedang;10,0;10.0 km;Dangkal;-61,1497;-35,5473;Tidak
Scotia Sea;Scotia Sea;Scotia Sea;2025-12-25 08:48:20.428;4,4;298;Sedang;10,0;10.0 km;Dangkal;-61,0958;-36,1709;Tidak
Scotia Sea;Scotia Sea;Scotia Sea;2025-12-25 08:39:39.282;4,6;326;Sedang;10,0;10.0 km;Dangkal;-61,2144;-36,2321;Tidak
217 km E of Saipan, Northern Mariana Islands;Saipan;Northern Mariana Islands;2025-12-25 08:23:06.876;4,5;312;Sedang;10,0;10.0 km;Dangkal;15,0232;147,7715;Tidak
Scotia Sea;Scotia Sea;Scotia Sea;2025-12-25 08:14:47.433;5,0;385;Sedang;10,0;10.0 km;Dangkal;-61,1332;-36,3328;Tidak
Scotia Sea;Scotia Sea;Scotia Sea;2025-12-25 08:08:41.361;4,4;298;Sedang;10,0;10.0 km;Dangkal;-61,1895;-36,1611;Tidak
41 km W of Atiquipa, Peru;Atiquipa;Peru;2025-12-25 06:46:03.307;4,4;298;Sedang;25,02;25.02 km;Dangkal;-15,8352;-74,7509;Tidak
123 km SE of Kuril’sk, Russia;Kuril’Sk;Russia;2025-12-25 06:22:24.916;4,4;298;Sedang;58,3;58.3 km;Dangkal;44,4598;149,0076;Tidak
Easter Island region;Easter Island Region;Easter Island;2025-12-25 05:11:21.807;4,6;326;Sedang;10,0;10.0 km;Dangkal;-26,5967;-114,6183;Tidak
south of the Fiji Islands;The Fiji Islands;South Of The Fiji Islands;2025-12-25 04:29:34.948;4,3;284;Sedang;611,18;611.18 km;Dalam;-22,1152;-179,5665;Tidak
186 km SSE of Vilyuchinsk, Russia;Vilyuchinsk;Russia;2025-12-25 03:00:52.811;4,4;298;Sedang;35,0;35.0 km;Dangkal;51,3617;159,3469;Tidak
202 km NNE of Bitung, Indonesia;Bitung;Indonesia;2025-12-25 02:48:05.359;4,3;284;Sedang;138,46;138.46 km;Menengah;3,1466;125,7941;Tidak
4 km ESE of Aratoca, Colombia;Aratoca;Colombia;2025-12-25 02:38:27.062;4,3;284;Sedang;173,44;173.44 km;Menengah;6,6699;-72,9808;Tidak
281 km WNW of Houma, Tonga;Houma;Tonga;2025-12-25 01:50:53.950;4,3;284;Sedang;553,52;553.52 km;Dalam;-20,3859;-177,8699;Tidak
88 km E of Shikotan, Russia;Shikotan;Russia;2025-12-24 23:00:11.481;4,9;369;Sedang;47,63;47.63 km;Dangkal;43,6603;147,8058;Tidak
19 km N of Meknès, Morocco;Meknès;Morocco;2025-12-24 22:43:26.824;4,1;259;Sedang;10,0;10.0 km;Dangkal;34,0687;-5,5488;Tidak
236 km SW of Merizo Village, Guam;Merizo Village;Guam;2025-12-24 22:37:32.484;5,1;400;Sedang;10,0;10.0 km;Dangkal;11,7823;143,1062;Tidak
Norwegian Sea;Norwegian Sea;Norwegian Sea;2025-12-24 22:37:31.218;5,0;385;Sedang;10,0;10.0 km;Dangkal;72,1677;1,1218;Tidak
169 km NW of Neiafu, Tonga;Neiafu;Tonga;2025-12-24 21:47:06.129;4,3;284;Sedang;272,93;272.93 km;Menengah;-17,6371;-175,1886;Tidak
Norwegian Sea;Norwegian Sea;Norwegian Sea;2025-12-24 21:44:48.910;4,3;284;Sedang;10,0;10.0 km;Dangkal;72,0647;0,9333;Tidak
Reykjanes Ridge;Reykjanes Ridge;Reykjanes Ridge;2025-12-24 21:37:51.068;4,8;354;Sedang;10,0;10.0 km;Dangkal;58,3341;-32,1459;Tidak
12 km SW of Sangay, Philippines;Sangay;Philippines;2025-12-24 21:05:15.692;4,0;246;Sedang;529,93;529.93 km;Dalam;6,3659;123,9582;Tidak
west of Macquarie Island;Macquarie Island;West Of Macquarie Island;2025-12-24 21:03:14.487;4,7;340;Sedang;10,0;10.0 km;Dangkal;-57,3621;148,6989;Tidak
Mid-Indian Ridge;Mid-Indian Ridge;Mid-Indian Ridge;2025-12-24 20:18:25.623;4,5;312;Sedang;10,0;10.0 km;Dangkal;-33,461;78,0184;Tidak
southeast of the Loyalty Islands;The Loyalty Islands;Southeast Of The Loyalty Islands;2025-12-24 20:06:53.330;4,4;298;Sedang;10,0;10.0 km;Dangkal;-22,7284;170,9369;Tidak
Mid-Indian Ridge;Mid-Indian Ridge;Mid-Indian Ridge;2025-12-24 20:01:55.218;4,4;298;Sedang;10,0;10.0 km;Dangkal;-33,2603;77,945;Tidak
79 km ESE of Yujing, Taiwan;Yujing;Taiwan;2025-12-24 19:41:12.402;4,4;298;Sedang;8,28;8.28 km;Dangkal;22,8902;121,1966;Tidak
84 km E of Shikotan, Russia;Shikotan;Russia;2025-12-24 19:38:43.045;4,1;259;Sedang;55,34;55.34 km;Dangkal;43,7595;147,7755;Tidak
68 km SW of Jiquilillo, Nicaragua;Jiquilillo;Nicaragua;2025-12-24 19:24:48.543;4,3;284;Sedang;47,2;47.2 km;Dangkal;12,3753;-87,9581;Tidak
Reykjanes Ridge;Reykjanes Ridge;Reykjanes Ridge;2025-12-24 18:54:44.961;4,5;312;Sedang;10,0;10.0 km;Dangkal;58,3774;-32,1618;Tidak
191 km ESE of Alo, Wallis and Futuna;Alo;Wallis And Futuna;2025-12-24 18:00:18.009;4,5;312;Sedang;10,0;10.0 km;Dangkal;-14,9984;-176,4803;Tidak
Fiji region;Fiji Region;Fiji;2025-12-24 17:10:29.232;4,1;259;Sedang;598,3;598.3 km;Dalam;-18,8939;-177,6713;Tidak
215 km SW of Merizo Village, Guam;Merizo Village;Guam;2025-12-24 15:00:35.859;5,7;500;Tinggi;13,59;13.59 km;Dangkal;11,8121;143,3447;Tidak
24 km S of Merizo Village, Guam;Merizo Village;Guam;2025-12-24 13:33:58.121;5,0;388;Sedang;50,65;50.65 km;Dangkal;13,0455;144,6313;Tidak
112 km ESE of Shikotan, Russia;Shikotan;Russia;2025-12-24 12:39:36.495;4,3;284;Sedang;35,68;35.68 km;Dangkal;43,4728;148,0456;Tidak
17 km W of La Ligua, Chile;La Ligua;Chile;2025-12-24 12:18:18.835;4,2;271;Sedang;41,22;41.22 km;Dangkal;-32,4238;-71,4147;Tidak
167 km W of Neiafu, Tonga;Neiafu;Tonga;2025-12-24 12:12:15.887;4,4;298;Sedang;252,33;252.33 km;Menengah;-18,6824;-175,5727;Tidak
115 km SSW of Atka, Alaska;Atka;Alaska;2025-12-24 11:49:00.848;4,0;246;Sedang;35,0;35.0 km;Dangkal;51,297;-175,0281;Tidak
south of the Fiji Islands;The Fiji Islands;South Of The Fiji Islands;2025-12-24 11:34:39.025;4,4;298;Sedang;520,38;520.38 km;Dalam;-24,2137;179,9664;Tidak
111 km SSW of Atka, Alaska;Atka;Alaska;2025-12-24 10:57:03.431;4,8;354;Sedang;35,0;35.0 km;Dangkal;51,2992;-174,9119;Tidak
113 km WSW of Puerto Madero, Mexico;Puerto Madero;Mexico;2025-12-24 10:00:10.942;4,1;259;Sedang;10,0;10.0 km;Dangkal;14,2989;-93,3819;Tidak
2025 Taitung, Taiwan Earthquake;2025 Taitung;Taiwan;2025-12-24 09:47:06.866;6,0;600;Tinggi;8,0;8.0 km;Dangkal;22,9646;121,1764;Tidak
50 km NNE of Bandar-e Lengeh, Iran;Bandar-E Lengeh;Iran;2025-12-24 06:48:35.910;4,3;284;Sedang;10,0;10.0 km;Dangkal;27,0016;54,9871;Tidak
18 km SSW of Calama, Chile;Calama;Chile;2025-12-24 06:10:11.158;4,3;284;Sedang;110,11;110.11 km;Menengah;-22,6022;-69,0076;Tidak
114 km E of Barcelona, Philippines;Barcelona;Philippines;2025-12-24 05:50:52.267;4,7;340;Sedang;10,0;10.0 km;Dangkal;8,3133;127,463;Tidak
89 km SSE of Bengkulu, Indonesia;Bengkulu;Indonesia;2025-12-24 05:30:32.027;4,8;354;Sedang;59,0;59.0 km;Dangkal;-4,5297;102,6053;Tidak
103 km N of Bamboo Flat, India;Bamboo Flat;India;2025-12-24 04:09:47.901;4,8;354;Sedang;35,0;35.0 km;Dangkal;12,6319;92,7492;Tidak
120 km S of Honchō, Japan;Honchō;Japan;2025-12-24 04:04:30.322;4,1;259;Sedang;48,07;48.07 km;Dangkal;41,0526;142,7449;Tidak
34 km N of Kandrian, Papua New Guinea;Kandrian;Papua New Guinea;2025-12-24 03:12:29.509;4,1;259;Sedang;134,44;134.44 km;Menengah;-5,8971;149,5868;Tidak
83 km SSW of Ust’-Kamchatsk Staryy, Russia;Ust’-Kamchatsk Staryy;Russia;2025-12-24 03:05:45.006;4,2;271;Sedang;97,63;97.63 km;Menengah;55,5825;161,7852;Tidak
204 km ENE of Tokār, Sudan;Tokār;Sudan;2025-12-24 03:00:19.410;4,3;284;Sedang;10,0;10.0 km;Dangkal;19,3828;39,3851;Tidak
south of the Fiji Islands;The Fiji Islands;South Of The Fiji Islands;2025-12-24 02:53:23.684;4,1;259;Sedang;548,99;548.99 km;Dalam;-23,7281;179,9978;Tidak
Fiji region;Fiji Region;Fiji;2025-12-24 02:26:39.251;4,3;284;Sedang;626,14;626.14 km;Dalam;-18,0233;-177,7486;Tidak
183 km ENE of Tokār, Sudan;Tokār;Sudan;2025-12-24 01:55:53.268;4,5;312;Sedang;10,0;10.0 km;Dangkal;19,2908;39,2095;Tidak
23 km WNW of La Ligua, Chile;La Ligua;Chile;2025-12-24 01:05:20.681;4,5;315;Sedang;51,04;51.04 km;Dangkal;-32,3643;-71,4542;Tidak
154 km E of Beauséjour, Guadeloupe;Beauséjour;Guadeloupe;2025-12-24 00:53:13.538;4,5;312;Sedang;12,8;12.8 km;Dangkal;16,523;-59,6463;Tidak
101 km SSW of Urakawa, Japan;Urakawa;Japan;2025-12-24 00:18:19.787;4,3;284;Sedang;53,51;53.51 km;Dangkal;41,2672;142,5146;Tidak
Pagan region, Northern Mariana Islands;Pagan Region;Northern Mariana Islands;2025-12-23 23:01:01.069;4,0;246;Sedang;297,61;297.61 km;Menengah;18,1139;145,4741;Tidak
105 km SW of Fīrūzābād, Iran;Fīrūzābād;Iran;2025-12-23 22:43:05.739;4,1;259;Sedang;10,0;10.0 km;Dangkal;28,2952;51,6921;Tidak
101 km WSW of Gunungsitoli, Indonesia;Gunungsitoli;Indonesia;2025-12-23 22:04:44.392;4,1;259;Sedang;10,0;10.0 km;Dangkal;0,8;96,8472;Tidak
54 km N of Port-Olry, Vanuatu;Port-Olry;Vanuatu;2025-12-23 20:41:57.853;5,6;483;Sedang;157,0;157.0 km;Menengah;-14,5564;167,1377;Tidak
south of the Fiji Islands;The Fiji Islands;South Of The Fiji Islands;2025-12-23 20:32:22.538;4,5;312;Sedang;520,3;520.3 km;Dalam;-24,96;179,8016;Tidak
209 km ESE of Ozernovskiy, Russia;Ozernovskiy;Russia;2025-12-23 20:03:28.380;4,6;326;Sedang;10,0;10.0 km;Dangkal;51,1048;159,4435;Tidak
195 km SSE of Lata, Solomon Islands;Lata;Solomon Islands;2025-12-23 20:03:20.861;4,4;298;Sedang;199,01;199.01 km;Menengah;-12,2244;166,753;Tidak
162 km SE of Severo-Kuril’sk, Russia;Severo-Kuril’Sk;Russia;2025-12-23 19:49:17.378;4,7;340;Sedang;10,0;10.0 km;Dangkal;49,6991;157,8171;Tidak
84 km W of San Antonio de los Cobres, Argentina;San Antonio De Los Cobres;Argentina;2025-12-23 17:52:33.143;4,2;271;Sedang;143,36;143.36 km;Menengah;-24,2984;-67,1417;Tidak
Pacific-Antarctic Ridge;Pacific-Antarctic Ridge;Pacific-Antarctic Ridge;2025-12-23 17:31:18.208;4,2;271;Sedang;10,0;10.0 km;Dangkal;-56,8866;-140,9671;Tidak
60 km E of Petropavlovsk-Kamchatsky, Russia;Petropavlovsk-Kamchatsky;Russia;2025-12-23 15:04:43.098;4,4;298;Sedang;78,4;78.4 km;Menengah;53,0792;159,5291;Tidak
140 km E of Fangale’ounga, Tonga;Fangale’Ounga;Tonga;2025-12-23 14:19:38.088;4,5;312;Sedang;10,0;10.0 km;Dangkal;-19,5287;-173,008;Tidak
134 km WNW of Neiafu, Tonga;Neiafu;Tonga;2025-12-23 13:20:56.124;4,5;312;Sedang;182,38;182.38 km;Menengah;-18,1414;-175,1362;Tidak
93 km ESE of Shikotan, Russia;Shikotan;Russia;2025-12-23 13:19:30.985;4,2;271;Sedang;45,26;45.26 km;Dangkal;43,3943;147,7436;Tidak
South Sandwich Islands region;South Sandwich Islands Region;South Sandwich Islands;2025-12-23 12:16:25.803;5,0;385;Sedang;10,0;10.0 km;Dangkal;-58,3364;-23,3069;Tidak
77 km SE of Ambon, Indonesia;Ambon;Indonesia;2025-12-23 11:22:09.435;4,5;312;Sedang;10,0;10.0 km;Dangkal;-4,1381;128,7192;Tidak
119 km NNW of Finschhafen, Papua New Guinea;Finschhafen;Papua New Guinea;2025-12-23 09:54:54.368;5,2;416;Sedang;208,22;208.22 km;Menengah;-5,6145;147,3239;Tidak
160 km SSE of Shima, Japan;Shima;Japan;2025-12-23 09:44:22.202;5,2;416;Sedang;334,15;334.15 km;Dalam;33,1242;137,7749;Tidak
108 km WSW of Puerto Madero, Mexico;Puerto Madero;Mexico;2025-12-23 09:09:24.376;4,3;284;Sedang;35,87;35.87 km;Dangkal;14,3394;-93,3468;Tidak
27 km S of Hualien City, Taiwan;Hualien City;Taiwan;2025-12-23 07:46:09.541;4,8;355;Sedang;35,98;35.98 km;Dangkal;23,7299;121,6344;Tidak
282 km E of Levuka, Fiji;Levuka;Fiji;2025-12-23 07:21:46.636;4,4;298;Sedang;476,55;476.55 km;Dalam;-17,7597;-178,0375;Tidak
294 km ENE of Lospalos, Timor Leste;Lospalos;Timor Leste;2025-12-23 06:54:46.923;4,2;271;Sedang;137,45;137.45 km;Menengah;-7,1085;129,2665;Tidak
Galapagos Triple Junction region;Galapagos Triple Junction Region;Galapagos Triple Junction;2025-12-23 06:53:46.402;4,3;284;Sedang;10,0;10.0 km;Dangkal;2,3154;-101,5098;Tidak
277 km E of Levuka, Fiji;Levuka;Fiji;2025-12-23 06:26:29.687;4,3;284;Sedang;459,62;459.62 km;Dalam;-18,4639;-178,0883;Tidak
122 km NW of Türkmenbaşy, Turkmenistan;Türkmenbaşy;Turkmenistan;2025-12-23 04:32:34.098;5,1;400;Sedang;49,33;49.33 km;Dangkal;40,7155;51,8267;Tidak
West Chile Rise;West Chile Rise;West Chile Rise;2025-12-23 04:31:27.513;4,8;354;Sedang;10,0;10.0 km;Dangkal;-41,3993;-84,7589;Tidak
57 km NNE of Sape, Indonesia;Sape;Indonesia;2025-12-23 04:10:35.051;4,1;259;Sedang;9,92;9.92 km;Dangkal;-8,0859;119,191;Tidak
Kermadec Islands region;Kermadec Islands Region;Kermadec Islands;2025-12-23 03:54:56.001;4,7;340;Sedang;10,0;10.0 km;Dangkal;-27,5263;-176,2467;Tidak
272 km E of Katobu, Indonesia;Katobu;Indonesia;2025-12-23 03:16:44.790;4,3;284;Sedang;521,23;521.23 km;Dalam;-4,6583;125,1727;Tidak
South Sandwich Islands region;South Sandwich Islands Region;South Sandwich Islands;2025-12-23 01:28:28.145;4,4;298;Sedang;31,89;31.89 km;Dangkal;-57,8606;-25,0114;Tidak
40 km SE of Bushehr, Iran;Bushehr;Iran;2025-12-22 23:52:18.662;4,0;246;Sedang;10,0;10.0 km;Dangkal;28,6714;51,0691;Tidak
87 km SSE of Onagawa Chō, Japan;Onagawa Chō;Japan;2025-12-22 23:28:55.308;4,3;284;Sedang;58,7;58.7 km;Dangkal;37,7797;141,9747;Tidak
Reykjanes Ridge;Reykjanes Ridge;Reykjanes Ridge;2025-12-22 22:28:28.411;4,5;312;Sedang;10,0;10.0 km;Dangkal;59,8337;-30,0607;Tidak
18 km NNW of Ollagüe, Chile;Ollagüe;Chile;2025-12-22 22:04:48.440;4,8;354;Sedang;129,11;129.11 km;Menengah;-21,0754;-68,3246;Tidak
Reykjanes Ridge;Reykjanes Ridge;Reykjanes Ridge;2025-12-22 21:47:17.240;4,4;298;Sedang;10,0;10.0 km;Dangkal;59,9692;-29,7573;Tidak
37 km WSW of Port-Vila, Vanuatu;Port-Vila;Vanuatu;2025-12-22 21:34:01.033;4,4;298;Sedang;30,74;30.74 km;Dangkal;-17,8056;167,9699;Tidak
139 km NW of Hihifo, Tonga;Hihifo;Tonga;2025-12-22 21:28:34.815;4,2;271;Sedang;274,42;274.42 km;Menengah;-15,1851;-174,8226;Tidak
5 km SE of Kéfalos, Greece;Kéfalos;Greece;2025-12-22 21:09:20.250;4,2;271;Sedang;146,76;146.76 km;Menengah;36,7152;27,0117;Tidak
12 km W of Hiroo, Japan;Hiroo;Japan;2025-12-22 20:03:48.432;4,2;271;Sedang;65,47;65.47 km;Dangkal;42,2758;143,1513;Tidak
Kermadec Islands, New Zealand;Kermadec Islands;New Zealand;2025-12-22 19:16:07.570;4,5;312;Sedang;42,42;42.42 km;Dangkal;-30,8182;-178,3896;Tidak
223 km NNE of Palu, Indonesia;Palu;Indonesia;2025-12-22 18:45:41.373;4,6;326;Sedang;596,65;596.65 km;Dalam;0,9916;120,5479;Tidak
44 km W of Kandrian, Papua New Guinea;Kandrian;Papua New Guinea;2025-12-22 18:03:23.345;4,6;326;Sedang;55,61;55.61 km;Dangkal;-6,2539;149,149;Tidak
90 km SW of San Juan del Sur, Nicaragua;San Juan Del Sur;Nicaragua;2025-12-22 17:53:52.373;4,3;284;Sedang;10,0;10.0 km;Dangkal;10,7865;-86,5548;Tidak
179 km WSW of Tual, Indonesia;Tual;Indonesia;2025-12-22 17:29:00.598;4,6;326;Sedang;67,33;67.33 km;Dangkal;-6,1896;131,2316;Tidak
82 km NE of Shikotan, Russia;Shikotan;Russia;2025-12-22 16:31:19.987;4,2;271;Sedang;52,25;52.25 km;Dangkal;44,2572;147,5392;Tidak
278 km W of Houma, Tonga;Houma;Tonga;2025-12-22 16:02:33.175;4,8;354;Sedang;445,05;445.05 km;Dalam;-21,0645;-177,9776;Tidak
46 km NE of Luang Namtha, Laos;Luang Namtha;Laos;2025-12-22 15:45:58.501;4,3;284;Sedang;10,0;10.0 km;Dangkal;21,2891;101,6636;Tidak
10 km W of Banilad, Philippines;Banilad;Philippines;2025-12-22 15:42:42.102;4,2;271;Sedang;10,0;10.0 km;Dangkal;9,2927;123,1961;Tidak
108 km N of Yakutat, Alaska;Yakutat;Alaska;2025-12-22 14:59:47.560;4,5;312;Sedang;5,0;5.0 km;Dangkal;60,5229;-139,8536;Ya
196 km ESE of Kimbe, Papua New Guinea;Kimbe;Papua New Guinea;2025-12-22 14:00:22.634;4,9;369;Sedang;10,0;10.0 km;Dangkal;-6,2303;151,7778;Tidak
48 km S of Severo-Kuril’sk, Russia;Severo-Kuril’Sk;Russia;2025-12-22 13:57:43.528;4,4;298;Sedang;84,88;84.88 km;Menengah;50,2401;156,1622;Tidak
36 km NNE of Bandar-e Lengeh, Iran;Bandar-E Lengeh;Iran;2025-12-22 13:13:51.290;4,2;271;Sedang;10,0;10.0 km;Dangkal;26,8602;55,0341;Tidak
155 km NNE of Hirara, Japan;Hirara;Japan;2025-12-22 12:38:09.654;4,9;369;Sedang;89,97;89.97 km;Menengah;26,0146;126,0921;Tidak
92 km N of Beitanzhuang, China;Beitanzhuang;China;2025-12-22 12:31:20.493;4,6;326;Sedang;10,0;10.0 km;Dangkal;39,3391;114,4477;Tidak
89 km E of Petropavlovsk-Kamchatsky, Russia;Petropavlovsk-Kamchatsky;Russia;2025-12-22 11:18:51.044;4,3;284;Sedang;62,55;62.55 km;Dangkal;52,9701;159,9484;Tidak
45 km NNE of Goroka, Papua New Guinea;Goroka;Papua New Guinea;2025-12-22 10:31:27.918;6,5;657;Tinggi;107,0;107.0 km;Menengah;-5,7036;145,5368;Tidak
129 km NW of Ternate, Indonesia;Ternate;Indonesia;2025-12-22 10:05:15.480;4,1;259;Sedang;58,01;58.01 km;Dangkal;1,4709;126,4328;Tidak
119 km E of Antofagasta, Chile;Antofagasta;Chile;2025-12-22 05:36:42.109;4,3;284;Sedang;96,02;96.02 km;Menengah;-23,5648;-69,2329;Tidak
south of the Fiji Islands;The Fiji Islands;South Of The Fiji Islands;2025-12-22 04:18:03.997;4,3;284;Sedang;561,94;561.94 km;Dalam;-23,4771;178,859;Tidak
91 km WSW of Puerto Madero, Mexico;Puerto Madero;Mexico;2025-12-22 02:23:24.870;4,6;326;Sedang;35,0;35.0 km;Dangkal;14,3484;-93,1752;Tidak
90 km WSW of Puerto Madero, Mexico;Puerto Madero;Mexico;2025-12-22 02:20:23.312;5,3;432;Sedang;35,0;35.0 km;Dangkal;14,3738;-93,1789;Tidak
Mid-Indian Ridge;Mid-Indian Ridge;Mid-Indian Ridge;2025-12-22 01:43:15.397;4,3;284;Sedang;10,0;10.0 km;Dangkal;-20,8101;68,502;Tidak
139 km ENE of Barcelona, Philippines;Barcelona;Philippines;2025-12-22 01:14:13.055;4,6;326;Sedang;10,0;10.0 km;Dangkal;8,448;127,6638;Tidak
South Sandwich Islands region;South Sandwich Islands Region;South Sandwich Islands;2025-12-22 01:07:54.393;4,6;326;Sedang;10,0;10.0 km;Dangkal;-55,2488;-27,4874;Tidak
South Sandwich Islands region;South Sandwich Islands Region;South Sandwich Islands;2025-12-22 01:01:01.894;4,4;298;Sedang;10,0;10.0 km;Dangkal;-55,4329;-27,5119;Tidak
10 km S of Iwaizumi, Japan;Iwaizumi;Japan;2025-12-21 23:33:04.804;4,4;298;Sedang;67,3;67.3 km;Dangkal;39,7525;141,8182;Tidak
153 km SSW of Kokopo, Papua New Guinea;Kokopo;Papua New Guinea;2025-12-21 23:11:58.238;4,5;312;Sedang;35,0;35.0 km;Dangkal;-5,646;151,7832;Tidak
141 km SSW of Kokopo, Papua New Guinea;Kokopo;Papua New Guinea;2025-12-21 23:07:31.508;5,3;432;Sedang;48,59;48.59 km;Dangkal;-5,5178;151,7579;Tidak
271 km N of Saipan, Northern Mariana Islands;Saipan;Northern Mariana Islands;2025-12-21 22:26:58.421;4,8;354;Sedang;137,73;137.73 km;Menengah;17,648;146,0916;Tidak
South Sandwich Islands region;South Sandwich Islands Region;South Sandwich Islands;2025-12-21 22:25:37.235;4,8;354;Sedang;15,92;15.92 km;Dangkal;-55,3529;-27,4001;Tidak
south of Africa;Africa;South Of Africa;2025-12-21 21:45:03.768;4,5;312;Sedang;10,0;10.0 km;Dangkal;-53,5331;24,905;Tidak
157 km E of Yigo Village, Guam;Yigo Village;Guam;2025-12-21 21:40:40.916;4,5;312;Sedang;10,0;10.0 km;Dangkal;13,3812;146,3363;Tidak
112 km N of Yakutat, Alaska;Yakutat;Alaska;2025-12-21 21:26:14.066;4,1;259;Sedang;5,0;5.0 km;Dangkal;60,5542;-139,7581;Tidak
117 km WNW of Aykol, China;Aykol;China;2025-12-21 21:16:45.624;4,5;312;Sedang;10,0;10.0 km;Dangkal;41,2329;78,7846;Tidak
110 km S of Honchō, Japan;Honchō;Japan;2025-12-21 19:32:37.107;4,3;284;Sedang;41,62;41.62 km;Dangkal;41,143;143,0842;Tidak
141 km E of Barcelona, Philippines;Barcelona;Philippines;2025-12-21 17:53:56.762;5,6;482;Sedang;9,0;9.0 km;Dangkal;8,3269;127,7059;Tidak
84 km SW of Jiquilillo, Nicaragua;Jiquilillo;Nicaragua;2025-12-21 17:41:57.173;4,4;298;Sedang;38,53;38.53 km;Dangkal;12,1739;-87,9686;Tidak
122 km W of Kirakira, Solomon Islands;Kirakira;Solomon Islands;2025-12-21 17:10:30.328;4,9;369;Sedang;13,99;13.99 km;Dangkal;-10,385;160,8038;Tidak
295 km ENE of Lospalos, Timor Leste;Lospalos;Timor Leste;2025-12-21 17:03:00.569;4,3;284;Sedang;151,32;151.32 km;Menengah;-7,1723;129,3087;Tidak
136 km SE of Kuril’sk, Russia;Kuril’Sk;Russia;2025-12-21 16:45:44.243;4,4;298;Sedang;61,72;61.72 km;Dangkal;44,4729;149,2385;Tidak
95 km SW of Jiquilillo, Nicaragua;Jiquilillo;Nicaragua;2025-12-21 16:33:53.708;4,2;271;Sedang;35,0;35.0 km;Dangkal;12,0948;-88,0283;Tidak
Izu Islands, Japan region;Izu Islands;Japan;2025-12-21 15:50:42.739;4,1;259;Sedang;408,14;408.14 km;Dalam;30,0004;138,8563;Tidak
148 km SSW of Kokopo, Papua New Guinea;Kokopo;Papua New Guinea;2025-12-21 14:23:33.447;4,9;369;Sedang;53,45;53.45 km;Dangkal;-5,63;151,8978;Tidak
7 km ENE of Neiva, Colombia;Neiva;Colombia;2025-12-21 14:05:32.344;4,1;259;Sedang;58,19;58.19 km;Dangkal;2,9645;-75,2202;Tidak
Balleny Islands region;Balleny Islands Region;Balleny Islands;2025-12-21 13:12:47.995;5,0;385;Sedang;10,0;10.0 km;Dangkal;-61,9909;161,4223;Tidak
47 km WNW of Ollagüe, Chile;Ollagüe;Chile;2025-12-21 12:47:02.484;4,2;271;Sedang;129,23;129.23 km;Menengah;-21,085;-68,6888;Tidak
132 km WNW of Ternate, Indonesia;Ternate;Indonesia;2025-12-21 12:21:45.837;5,5;466;Sedang;44,0;44.0 km;Dangkal;1,4457;126,392;Tidak
155 km ESE of San Jose Village, Northern Mariana Islands;San Jose Village;Northern Mariana Islands;2025-12-21 10:17:41.838;4,5;312;Sedang;10,0;10.0 km;Dangkal;14,3872;146,9368;Tidak
91 km ESE of Hualien City, Taiwan;Hualien City;Taiwan;2025-12-21 10:00:41.116;4,4;298;Sedang;10,0;10.0 km;Dangkal;23,7593;122,4732;Tidak
277 km WNW of Bandon, Oregon;Bandon;Oregon;2025-12-21 09:57:17.388;4,5;312;Sedang;10,0;10.0 km;Dangkal;43,7897;-127,7108;Tidak
Kermadec Islands region;Kermadec Islands Region;Kermadec Islands;2025-12-21 09:46:29.902;4,5;312;Sedang;10,0;10.0 km;Dangkal;-28,9279;-176,8872;Tidak
Izu Islands, Japan region;Izu Islands;Japan;2025-12-21 09:36:02.341;4,3;284;Sedang;415,35;415.35 km;Dalam;30,0685;138,7379;Tidak
43 km WNW of Campo Verde, Peru;Campo Verde;Peru;2025-12-21 08:23:27.130;4,1;259;Sedang;128,48;128.48 km;Menengah;-8,3905;-75,191;Tidak
24 km S of Serrezuela, Argentina;Serrezuela;Argentina;2025-12-21 07:02:23.128;4,8;354;Sedang;189,83;189.83 km;Menengah;-30,8559;-65,4179;Tidak
140 km SE of Hasaki, Japan;Hasaki;Japan;2025-12-21 06:58:47.794;5,1;400;Sedang;10,0;10.0 km;Dangkal;34,7697;141,8354;Tidak
32 km SSE of Isen, Japan;Isen;Japan;2025-12-21 06:51:40.730;4,2;271;Sedang;38,42;38.42 km;Dangkal;27,4102;129,0743;Tidak
90 km SSW of Severo-Kuril’sk, Russia;Severo-Kuril’Sk;Russia;2025-12-21 06:40:08.854;4,0;246;Sedang;93,44;93.44 km;Menengah;49,8811;155,8327;Tidak
250 km ENE of Lospalos, Timor Leste;Lospalos;Timor Leste;2025-12-21 05:41:58.397;4,5;312;Sedang;151,05;151.05 km;Menengah;-7,3365;128,9356;Tidak
142 km SSW of Kokopo, Papua New Guinea;Kokopo;Papua New Guinea;2025-12-21 05:25:25.421;5,2;416;Sedang;33,35;33.35 km;Dangkal;-5,5625;151,8606;Tidak
30 km SE of Rasht, Tajikistan;Rasht;Tajikistan;2025-12-21 05:15:04.388;4,8;354;Sedang;10,0;10.0 km;Dangkal;38,8378;70,6248;Tidak
102 km ESE of Shikotan, Russia;Shikotan;Russia;2025-12-21 05:14:39.139;4,4;298;Sedang;44,5;44.5 km;Dangkal;43,4728;147,9039;Tidak
78 km ESE of Shikotan, Russia;Shikotan;Russia;2025-12-21 04:47:09.318;4,7;340;Sedang;35,0;35.0 km;Dangkal;43,5908;147,6524;Tidak
106 km ESE of Shikotan, Russia;Shikotan;Russia;2025-12-21 04:03:38.795;5,0;385;Sedang;10,0;10.0 km;Dangkal;43,3719;147,8962;Tidak
106 km N of Yakutat, Alaska;Yakutat;Alaska;2025-12-21 04:02:32.980;4,1;259;Sedang;5,11;5.11 km;Dangkal;60,5009;-139,9091;Ya
206 km SW of Tual, Indonesia;Tual;Indonesia;2025-12-21 04:02:08.814;5,2;416;Sedang;35,0;35.0 km;Dangkal;-6,7257;131,238;Tidak
103 km ESE of Shikotan, Russia;Shikotan;Russia;2025-12-21 03:52:40.794;5,0;385;Sedang;35,0;35.0 km;Dangkal;43,4104;147,8847;Tidak
114 km ESE of Shikotan, Russia;Shikotan;Russia;2025-12-21 03:47:59.694;5,2;416;Sedang;10,0;10.0 km;Dangkal;43,382;148,0115;Tidak
101 km ESE of Shikotan, Russia;Shikotan;Russia;2025-12-21 03:46:01.364;4,3;284;Sedang;35,0;35.0 km;Dangkal;43,5793;147,9402;Tidak
90 km ESE of Shikotan, Russia;Shikotan;Russia;2025-12-21 03:33:44.321;4,8;354;Sedang;35,0;35.0 km;Dangkal;43,5394;147,7812;Tidak
137 km ESE of Shikotan, Russia;Shikotan;Russia;2025-12-21 03:10:44.799;4,3;284;Sedang;10,0;10.0 km;Dangkal;43,2082;148,2215;Tidak
81 km NE of Cabatuan, Philippines;Cabatuan;Philippines;2025-12-21 02:49:08.341;4,2;271;Sedang;10,0;10.0 km;Dangkal;13,0963;125,6848;Tidak
222 km E of Levuka, Fiji;Levuka;Fiji;2025-12-21 02:26:10.670;4,1;259;Sedang;624,31;624.31 km;Dalam;-18,0377;-178,5833;Tidak
83 km ESE of Shikotan, Russia;Shikotan;Russia;2025-12-21 02:05:38.318;5,1;400;Sedang;35,0;35.0 km;Dangkal;43,5958;147,717;Tidak
57 km ENE of Misawa, Japan;Misawa;Japan;2025-12-21 01:29:03.535;5,4;450;Sedang;57,22;57.22 km;Dangkal;40,8014;142,0514;Tidak
South Sandwich Islands region;South Sandwich Islands Region;South Sandwich Islands;2025-12-21 01:12:10.804;4,5;312;Sedang;24,45;24.45 km;Dangkal;-58,3225;-24,8998;Tidak
90 km NE of Shikotan, Russia;Shikotan;Russia;2025-12-21 00:33:24.945;4,4;298;Sedang;78,09;78.09 km;Menengah;44,4737;147,3609;Tidak
86 km ESE of Shikotan, Russia;Shikotan;Russia;2025-12-21 00:26:01.790;4,9;369;Sedang;35,0;35.0 km;Dangkal;43,5603;147,7479;Tidak
88 km ESE of Shikotan, Russia;Shikotan;Russia;2025-12-21 00:22:26.331;5,0;385;Sedang;56,31;56.31 km;Dangkal;43,6227;147,7912;Tidak
100 km ESE of Shikotan, Russia;Shikotan;Russia;2025-12-21 00:19:01.633;4,9;369;Sedang;10,0;10.0 km;Dangkal;43,5316;147,9119;Tidak
241 km NNE of Hicks Bay, New Zealand;Hicks Bay;New Zealand;2025-12-21 00:02:02.080;4,1;259;Sedang;10,0;10.0 km;Dangkal;-35,5154;179,0807;Tidak
91 km ESE of Shikotan, Russia;Shikotan;Russia;2025-12-20 23:46:28.368;4,8;354;Sedang;10,0;10.0 km;Dangkal;43,6347;147,8298;Tidak
12 km WSW of Amorgós, Greece;Amorgós;Greece;2025-12-20 23:13:56.133;4,0;246;Sedang;10,0;10.0 km;Dangkal;36,7861;25,7763;Tidak
147 km E of Masamba, Indonesia;Masamba;Indonesia;2025-12-20 22:59:23.138;4,3;285;Sedang;10,0;10.0 km;Dangkal;-2,518;121,6537;Tidak
39 km SW of Ialibu, Papua New Guinea;Ialibu;Papua New Guinea;2025-12-20 21:20:58.786;4,3;284;Sedang;20,4;20.4 km;Dangkal;-6,5068;143,714;Tidak
south of Africa;Africa;South Of Africa;2025-12-20 20:31:52.554;4,5;312;Sedang;10,0;10.0 km;Dangkal;-52,3544;28,0513;Tidak
108 km SSE of Colchane, Chile;Colchane;Chile;2025-12-20 20:30:24.856;5,3;432;Sedang;151,44;151.44 km;Menengah;-20,1183;-68,1067;Tidak
14 km WSW of Punta de Bombón, Peru;Punta De Bombón;Peru;2025-12-20 20:11:16.949;4,2;271;Sedang;72,71;72.71 km;Menengah;-17,2313;-71,9149;Tidak
99 km SSW of Houma, Tonga;Houma;Tonga;2025-12-20 19:08:24.570;4,9;369;Sedang;73,29;73.29 km;Menengah;-22,001;-175,6772;Tidak
South Sandwich Islands region;South Sandwich Islands Region;South Sandwich Islands;2025-12-20 18:27:50.653;4,2;271;Sedang;10,0;10.0 km;Dangkal;-60,2994;-25,4834;Tidak
90 km W of Tobelo, Indonesia;Tobelo;Indonesia;2025-12-20 16:49:32.662;4,0;246;Sedang;99,58;99.58 km;Menengah;1,6029;127,2081;Tidak
Balleny Islands region;Balleny Islands Region;Balleny Islands;2025-12-20 16:20:59.602;4,3;284;Sedang;10,0;10.0 km;Dangkal;-63,458;173,854;Tidak
95 km W of San Jose Village, Northern Mariana Islands;San Jose Village;Northern Mariana Islands;2025-12-20 15:51:17.597;4,1;259;Sedang;17,61;17.61 km;Dangkal;14,9206;144,7328;Tidak
off the coast of Oregon;Oregon;Off The Coast Of Oregon;2025-12-20 14:05:09.324;4,3;284;Sedang;10,0;10.0 km;Dangkal;43,9588;-128,6435;Tidak
223 km SSE of Vilyuchinsk, Russia;Vilyuchinsk;Russia;2025-12-20 13:40:11.329;4,4;298;Sedang;10,0;10.0 km;Dangkal;51,081;159,6891;Tidak
159 km SSW of Pagar Alam, Indonesia;Pagar Alam;Indonesia;2025-12-20 13:13:26.934;4,6;326;Sedang;34,44;34.44 km;Dangkal;-5,2321;102,4614;Tidak
70 km SSE of Nemuro, Japan;Nemuro;Japan;2025-12-20 12:58:54.590;5,2;416;Sedang;35,0;35.0 km;Dangkal;42,752;145,9512;Tidak
25 km SSW of Puerto Cortés, Costa Rica;Puerto Cortés;Costa Rica;2025-12-20 12:43:51.342;4,1;259;Sedang;36,54;36.54 km;Dangkal;8,7445;-83,5964;Tidak
75 km SE of Nemuro, Japan;Nemuro;Japan;2025-12-20 12:33:54.746;4,8;354;Sedang;30,41;30.41 km;Dangkal;42,7784;146,1329;Tidak
75 km SSE of Nemuro, Japan;Nemuro;Japan;2025-12-20 12:30:32.222;5,3;432;Sedang;41,62;41.62 km;Dangkal;42,7172;145,9797;Tidak
126 km W of Gorontalo, Indonesia;Gorontalo;Indonesia;2025-12-20 10:33:26.018;5,0;385;Sedang;121,63;121.63 km;Menengah;0,4908;121,9251;Tidak
Balleny Islands region;Balleny Islands Region;Balleny Islands;2025-12-20 10:25:03.976;5,3;432;Sedang;10,0;10.0 km;Dangkal;-63,7108;172,3365;Tidak
Kermadec Islands region;Kermadec Islands Region;Kermadec Islands;2025-12-20 07:31:40.449;4,6;326;Sedang;199,19;199.19 km;Menengah;-30,9679;-179,3514;Tidak
south of the Fiji Islands;The Fiji Islands;South Of The Fiji Islands;2025-12-20 07:12:32.160;4,1;259;Sedang;531,15;531.15 km;Dalam;-24,3772;179,9373;Tidak
Balleny Islands region;Balleny Islands Region;Balleny Islands;2025-12-20 06:57:09.754;5,6;482;Sedang;10,0;10.0 km;Dangkal;-63,8087;172,771;Tidak
61 km NE of Calingasta, Argentina;Calingasta;Argentina;2025-12-20 06:29:36.545;4,3;284;Sedang;112,5;112.5 km;Menengah;-30,9601;-68,9483;Tidak
south of the Fiji Islands;The Fiji Islands;South Of The Fiji Islands;2025-12-20 05:55:36.733;4,2;271;Sedang;520,88;520.88 km;Dalam;-25,384;179,6597;Tidak
24 km NE of Santa Monica, Philippines;Santa Monica;Philippines;2025-12-20 05:52:31.330;4,5;312;Sedang;10,0;10.0 km;Dangkal;10,1964;126,1748;Tidak
55 km ESE of Shikotan, Russia;Shikotan;Russia;2025-12-20 05:33:35.761;4,3;284;Sedang;55,3;55.3 km;Dangkal;43,5911;147,3447;Tidak
8 km NW of Jand, Pakistan;Jand;Pakistan;2025-12-20 04:37:15.458;4,3;284;Sedang;10,0;10.0 km;Dangkal;33,4962;71,9641;Tidak
186 km SE of Vilyuchinsk, Russia;Vilyuchinsk;Russia;2025-12-20 02:50:34.655;4,4;298;Sedang;10,0;10.0 km;Dangkal;51,7563;160,359;Tidak
43 km SE of Unalaska, Alaska;Unalaska;Alaska;2025-12-20 01:16:09.101;4,3;284;Sedang;54,02;54.02 km;Dangkal;53,5883;-166,0881;Tidak
182 km SE of Vilyuchinsk, Russia;Vilyuchinsk;Russia;2025-12-20 00:24:53.729;4,9;369;Sedang;22,43;22.43 km;Dangkal;51,7074;160,1951;Tidak
53 km SW of Panguna, Papua New Guinea;Panguna;Papua New Guinea;2025-12-19 23:07:25.838;4,4;298;Sedang;10,0;10.0 km;Dangkal;-6,6746;155,1661;Tidak
32 km NW of Archidona, Ecuador;Archidona;Ecuador;2025-12-19 21:59:54.515;5,1;403;Sedang;10,0;10.0 km;Dangkal;-0,7114;-78,0227;Tidak
78 km S of Severo-Kuril’sk, Russia;Severo-Kuril’Sk;Russia;2025-12-19 21:51:26.555;4,4;298;Sedang;76,48;76.48 km;Menengah;49,9822;155,9471;Tidak
113 km E of Miyako, Japan;Miyako;Japan;2025-12-19 21:40:07.401;4,7;340;Sedang;36,17;36.17 km;Dangkal;39,7195;143,2649;Tidak
26 km WNW of Agat Village, Guam;Agat Village;Guam;2025-12-19 20:56:47.335;4,0;246;Sedang;121,2;121.2 km;Menengah;13,4712;144,4359;Tidak
Fiji region;Fiji Region;Fiji;2025-12-19 19:56:33.736;4,3;284;Sedang;627,27;627.27 km;Dalam;-19,0185;-177,4555;Tidak
141 km WNW of Hihifo, Tonga;Hihifo;Tonga;2025-12-19 19:49:17.372;4,6;326;Sedang;243,23;243.23 km;Menengah;-15,2859;-174,9259;Tidak
116 km SE of Petropavlovsk-Kamchatsky, Russia;Petropavlovsk-Kamchatsky;Russia;2025-12-19 18:12:45.265;4,2;271;Sedang;50,99;50.99 km;Dangkal;52,2582;159,7259;Tidak
Mariana Islands region;Mariana Islands Region;Mariana Islands;2025-12-19 16:55:21.127;4,4;298;Sedang;10,0;10.0 km;Dangkal;20,1401;148,0872;Tidak
80 km ENE of Hinatuan, Philippines;Hinatuan;Philippines;2025-12-19 16:51:24.746;4,4;298;Sedang;42,1;42.1 km;Dangkal;8,6086;127,0236;Tidak
99 km S of Kuril’sk, Russia;Kuril’Sk;Russia;2025-12-19 15:45:51.999;4,4;298;Sedang;94,8;94.8 km;Menengah;44,3318;147,9332;Tidak
38 km E of Baganga, Philippines;Baganga;Philippines;2025-12-19 14:51:34.187;4,1;259;Sedang;35,05;35.05 km;Dangkal;7,603;126,9087;Tidak
Balleny Islands region;Balleny Islands Region;Balleny Islands;2025-12-19 14:50:10.842;4,6;326;Sedang;10,0;10.0 km;Dangkal;-63,6798;173,3616;Tidak
30 km W of Vilcanchos, Peru;Vilcanchos;Peru;2025-12-19 14:30:27.470;4,1;259;Sedang;83,83;83.83 km;Menengah;-13,6156;-74,8094;Tidak
Balleny Islands region;Balleny Islands Region;Balleny Islands;2025-12-19 13:51:19.689;4,5;312;Sedang;10,0;10.0 km;Dangkal;-63,6835;172,6283;Tidak
52 km SSW of Gerāsh, Iran;Gerāsh;Iran;2025-12-19 13:38:52.420;4,4;298;Sedang;10,0;10.0 km;Dangkal;27,2631;53,8535;Tidak
Kermadec Islands, New Zealand;Kermadec Islands;New Zealand;2025-12-19 13:29:07.618;4,6;326;Sedang;35,0;35.0 km;Dangkal;-29,3347;-177,8608;Tidak
277 km W of Houma, Tonga;Houma;Tonga;2025-12-19 13:09:42.773;4,4;298;Sedang;466,67;466.67 km;Dalam;-20,7635;-177,935;Tidak
270 km SSE of Shimoda, Japan;Shimoda;Japan;2025-12-19 12:54:19.425;4,7;340;Sedang;145,1;145.1 km;Menengah;32,4181;140,0522;Tidak
180 km E of Ozernovskiy, Russia;Ozernovskiy;Russia;2025-12-19 12:54:15.785;4,8;354;Sedang;10,0;10.0 km;Dangkal;51,3041;159,0728;Tidak
113 km NE of Kuji, Japan;Kuji;Japan;2025-12-19 12:37:54.394;4,1;259;Sedang;46,72;46.72 km;Dangkal;40,8936;142,7446;Tidak
133 km N of Baukau, Timor Leste;Baukau;Timor Leste;2025-12-19 12:36:58.735;4,1;259;Sedang;330,72;330.72 km;Dalam;-7,2788;126,5952;Tidak
70 km W of San Antonio de los Cobres, Argentina;San Antonio De Los Cobres;Argentina;2025-12-19 10:51:53.512;4,1;259;Sedang;217,23;217.23 km;Menengah;-24,2455;-67,0137;Tidak
132 km NE of Labasa, Fiji;Labasa;Fiji;2025-12-19 10:36:02.708;4,4;298;Sedang;10,0;10.0 km;Dangkal;-15,6033;-179,7463;Tidak
51 km SSW of Puerto Madero, Mexico;Puerto Madero;Mexico;2025-12-19 09:13:10.433;4,6;326;Sedang;35,0;35.0 km;Dangkal;14,3234;-92,6674;Tidak
125 km ENE of Kuji, Japan;Kuji;Japan;2025-12-19 08:35:59.342;4,0;246;Sedang;44,87;44.87 km;Dangkal;40,8139;143,0055;Tidak
11 km NNE of Nahrīn, Afghanistan;Nahrīn;Afghanistan;2025-12-19 06:34:49.785;4,6;326;Sedang;10,0;10.0 km;Dangkal;36,1554;69,1865;Tidak
27 km NNE of Nahrīn, Afghanistan;Nahrīn;Afghanistan;2025-12-19 05:39:10.142;5,3;433;Sedang;35,0;35.0 km;Dangkal;36,2913;69,2473;Tidak
42 km N of Pagudpud, Philippines;Pagudpud;Philippines;2025-12-19 05:33:32.711;4,4;298;Sedang;31,53;31.53 km;Dangkal;18,9416;120,8161;Tidak
24 km ENE of Kinablangan, Philippines;Kinablangan;Philippines;2025-12-19 05:25:52.803;4,9;370;Sedang;64,55;64.55 km;Dangkal;7,7554;126,7636;Tidak
130 km NE of Labasa, Fiji;Labasa;Fiji;2025-12-19 05:00:18.582;5,7;500;Tinggi;10,0;10.0 km;Dangkal;-15,7533;-179,6415;Tidak
123 km S of Honchō, Japan;Honchō;Japan;2025-12-19 04:58:33.478;4,0;246;Sedang;53,1;53.1 km;Dangkal;41,0188;143,0447;Tidak
155 km N of Hirara, Japan;Hirara;Japan;2025-12-19 04:35:54.118;4,6;326;Sedang;185,2;185.2 km;Menengah;26,1958;125,128;Tidak
109 km ESE of Shikotan, Russia;Shikotan;Russia;2025-12-19 04:30:59.248;4,3;284;Sedang;38,73;38.73 km;Dangkal;43,424;147,9825;Tidak
188 km E of Levuka, Fiji;Levuka;Fiji;2025-12-19 04:04:48.899;4,5;312;Sedang;544,98;544.98 km;Dalam;-17,9614;-178,9021;Tidak
48 km ENE of Hinatuan, Philippines;Hinatuan;Philippines;2025-12-19 04:02:40.342;5,1;400;Sedang;74,15;74.15 km;Menengah;8,5784;126,7206;Tidak
160 km SE of Nikolski, Alaska;Nikolski;Alaska;2025-12-19 03:06:07.214;4,0;246;Sedang;10,0;10.0 km;Dangkal;51,8746;-167,2656;Tidak
154 km ESE of Shikotan, Russia;Shikotan;Russia;2025-12-19 01:25:11.415;4,4;298;Sedang;10,0;10.0 km;Dangkal;43,0759;148,3479;Tidak
36 km W of Elfin Cove, Alaska;Elfin Cove;Alaska;2025-12-19 00:54:00.199;4,0;246;Sedang;5,0;5.0 km;Dangkal;58,205;-136,96;Ya
284 km WSW of Houma, Tonga;Houma;Tonga;2025-12-19 00:49:59.128;4,3;284;Sedang;359,77;359.77 km;Dalam;-21,9951;-177,9062;Tidak
92 km NW of Ambon, Indonesia;Ambon;Indonesia;2025-12-19 00:45:35.312;4,7;340;Sedang;16,73;16.73 km;Dangkal;-3,182;127,5291;Tidak
52 km WSW of Ilioilio, Philippines;Ilioilio;Philippines;2025-12-18 23:43:06.965;4,6;326;Sedang;10,0;10.0 km;Dangkal;15,7751;119,3171;Tidak
82 km E of Petropavlovsk-Kamchatsky, Russia;Petropavlovsk-Kamchatsky;Russia;2025-12-18 23:25:41.363;4,3;284;Sedang;51,36;51.36 km;Dangkal;53,0932;159,8619;Tidak
78 km W of Ollagüe, Chile;Ollagüe;Chile;2025-12-18 23:22:55.020;4,1;259;Sedang;113,22;113.22 km;Menengah;-21,113;-68,9959;Tidak
250 km SSE of Severo-Kuril’sk, Russia;Severo-Kuril’Sk;Russia;2025-12-18 22:52:09.014;4,8;354;Sedang;10,0;10.0 km;Dangkal;48,5464;157,2603;Tidak
102 km WNW of Panguna, Papua New Guinea;Panguna;Papua New Guinea;2025-12-18 22:35:29.403;4,6;326;Sedang;416,61;416.61 km;Dalam;-6,1334;154,5809;Tidak
83 km ESE of Manay, Philippines;Manay;Philippines;2025-12-18 21:19:36.111;4,7;340;Sedang;10,0;10.0 km;Dangkal;6,883;127,2192;Tidak
Balleny Islands region;Balleny Islands Region;Balleny Islands;2025-12-18 20:09:34.644;5,2;416;Sedang;10,0;10.0 km;Dangkal;-61,919;162,9338;Tidak
153 km SSE of Pondaguitan, Philippines;Pondaguitan;Philippines;2025-12-18 19:32:57.185;4,4;298;Sedang;80,33;80.33 km;Menengah;5,1478;126,8482;Tidak
133 km SSW of Lorengau, Papua New Guinea;Lorengau;Papua New Guinea;2025-12-18 18:43:36.707;4,1;259;Sedang;10,0;10.0 km;Dangkal;-3,1926;146,9392;Tidak
24 km WSW of San Nicolas, Philippines;San Nicolas;Philippines;2025-12-18 18:07:06.523;4,8;354;Sedang;42,58;42.58 km;Dangkal;14,8483;119,8742;Tidak
62 km SSW of Champerico, Guatemala;Champerico;Guatemala;2025-12-18 17:14:39.790;4,4;298;Sedang;35,0;35.0 km;Dangkal;13,7632;-92,0983;Tidak
85 km E of Shikotan, Russia;Shikotan;Russia;2025-12-18 16:55:59.036;4,4;298;Sedang;35,0;35.0 km;Dangkal;43,7031;147,7791;Tidak
South Sandwich Islands region;South Sandwich Islands Region;South Sandwich Islands;2025-12-18 14:56:19.248;4,5;312;Sedang;10,0;10.0 km;Dangkal;-55,9284;-26,0252;Tidak
35 km SSE of Ust’-Kamchatsk Staryy, Russia;Ust’-Kamchatsk Staryy;Russia;2025-12-18 14:56:03.804;4,1;259;Sedang;47,1;47.1 km;Dangkal;55,9265;162,6864;Tidak
99 km ESE of Shikotan, Russia;Shikotan;Russia;2025-12-18 14:42:38.891;4,9;369;Sedang;35,0;35.0 km;Dangkal;43,5116;147,8876;Tidak
31 km SE of Iwaki, Japan;Iwaki;Japan;2025-12-18 13:57:21.549;4,2;271;Sedang;61,33;61.33 km;Dangkal;36,8411;141,1242;Tidak
61 km W of Sinabang, Indonesia;Sinabang;Indonesia;2025-12-18 13:48:04.797;4,2;271;Sedang;33,8;33.8 km;Dangkal;2,5581;95,8302;Tidak
151 km WSW of Tual, Indonesia;Tual;Indonesia;2025-12-18 13:19:19.025;4,4;298;Sedang;88,66;88.66 km;Menengah;-6,2536;131,5376;Tidak
93 km ESE of Petropavlovsk-Kamchatsky, Russia;Petropavlovsk-Kamchatsky;Russia;2025-12-18 12:37:19.411;5,9;536;Tinggi;38,0;38.0 km;Dangkal;52,8123;159,953;Tidak
89 km S of Severo-Kuril’sk, Russia;Severo-Kuril’Sk;Russia;2025-12-18 12:21:13.515;4,1;259;Sedang;81,94;81.94 km;Menengah;49,8776;155,9521;Tidak
20 km ENE of Hualien City, Taiwan;Hualien City;Taiwan;2025-12-18 11:32:50.036;4,6;330;Sedang;32,18;32.18 km;Dangkal;24,0702;121,7741;Tidak
176 km SSE of Vilyuchinsk, Russia;Vilyuchinsk;Russia;2025-12-18 11:19:43.955;4,3;284;Sedang;44,53;44.53 km;Dangkal;51,5468;159,6746;Tidak
Bonin Islands, Japan region;Bonin Islands;Japan;2025-12-18 11:15:31.698;4,4;298;Sedang;10,0;10.0 km;Dangkal;27,9608;142,7311;Tidak
44 km NE of Sibolga, Indonesia;Sibolga;Indonesia;2025-12-18 10:45:04.736;4,4;298;Sedang;145,07;145.07 km;Menengah;2,0198;99,0703;Tidak
87 km E of Shikotan, Russia;Shikotan;Russia;2025-12-18 09:54:24.472;4,2;271;Sedang;10,0;10.0 km;Dangkal;43,754;147,8069;Tidak
71 km SE of Kokopo, Papua New Guinea;Kokopo;Papua New Guinea;2025-12-18 07:47:25.196;4,4;298;Sedang;50,63;50.63 km;Dangkal;-4,7558;152,7685;Tidak
93 km SW of Basco, Philippines;Basco;Philippines;2025-12-18 07:33:31.681;4,5;312;Sedang;39,25;39.25 km;Dangkal;19,8566;121,3308;Tidak
92 km SW of Basco, Philippines;Basco;Philippines;2025-12-18 07:27:44.896;5,5;466;Sedang;18,0;18.0 km;Dangkal;19,9353;121,2672;Tidak
230 km ESE of Severo-Kuril’sk, Russia;Severo-Kuril’Sk;Russia;2025-12-18 07:25:05.714;4,4;298;Sedang;10,0;10.0 km;Dangkal;50,0947;159,2446;Tidak
72 km E of Bitung, Indonesia;Bitung;Indonesia;2025-12-18 05:30:17.659;5,0;385;Sedang;65,74;65.74 km;Dangkal;1,3857;125,7798;Tidak
100 km E of Miyako, Japan;Miyako;Japan;2025-12-18 05:20:11.019;4,6;326;Sedang;41,58;41.58 km;Dangkal;39,8128;143,098;Tidak
82 km S of Pundong, Indonesia;Pundong;Indonesia;2025-12-18 04:22:49.808;4,4;298;Sedang;75,67;75.67 km;Menengah;-8,6951;110,3162;Tidak
75 km NNW of Nuku‘alofa, Tonga;Nuku‘Alofa;Tonga;2025-12-18 03:54:16.247;4,9;369;Sedang;173,02;173.02 km;Menengah;-20,4745;-175,3687;Tidak
42 km SW of Reuleuet, Indonesia;Reuleuet;Indonesia;2025-12-18 03:40:35.919;4,6;326;Sedang;10,0;10.0 km;Dangkal;4,9696;95,9887;Tidak
201 km ESE of Ozernovskiy, Russia;Ozernovskiy;Russia;2025-12-18 03:11:07.920;4,3;284;Sedang;10,0;10.0 km;Dangkal;51,1507;159,343;Tidak
110 km E of Yamada, Japan;Yamada;Japan;2025-12-18 03:05:26.249;4,3;284;Sedang;35,0;35.0 km;Dangkal;39,4427;143,2367;Tidak
61 km E of Chuquitira, Peru;Chuquitira;Peru;2025-12-18 02:19:26.612;4,2;271;Sedang;177,24;177.24 km;Menengah;-17,3134;-69,466;Tidak
91 km S of Isangel, Vanuatu;Isangel;Vanuatu;2025-12-18 01:59:32.447;5,2;416;Sedang;61,49;61.49 km;Dangkal;-20,3697;169,2956;Tidak
104 km SSE of Vilyuchinsk, Russia;Vilyuchinsk;Russia;2025-12-18 01:48:04.217;4,1;259;Sedang;48,51;48.51 km;Dangkal;52,1365;159,2386;Tidak
96 km ENE of Miyako, Japan;Miyako;Japan;2025-12-18 00:50:42.467;4,6;326;Sedang;42,19;42.19 km;Dangkal;39,9039;143,0208;Tidak
38 km ESE of Sarupathar, India;Sarupathar;India;2025-12-18 00:34:32.270;4,6;326;Sedang;10,0;10.0 km;Dangkal;26,1352;97,1858;Tidak
148 km SSE of Burica, Panama;Burica;Panama;2025-12-17 23:07:46.062;5,6;483;Sedang;10,0;10.0 km;Dangkal;6,7182;-82,5956;Tidak
181 km SSE of Vilyuchinsk, Russia;Vilyuchinsk;Russia;2025-12-17 22:44:21.032;4,3;284;Sedang;35,0;35.0 km;Dangkal;51,4078;159,3352;Tidak
224 km SSE of Ambon, Indonesia;Ambon;Indonesia;2025-12-17 22:33:10.789;4,0;246;Sedang;258,34;258.34 km;Menengah;-5,4174;129,2534;Tidak
82 km SSE of Port-Vila, Vanuatu;Port-Vila;Vanuatu;2025-12-17 22:30:07.077;5,0;386;Sedang;95,77;95.77 km;Menengah;-18,4434;168,5671;Tidak
9 km SE of Babino Polje, Croatia;Babino Polje;Croatia;2025-12-17 22:07:46.126;4,4;298;Sedang;10,0;10.0 km;Dangkal;42,6832;17,6545;Tidak
49 km SE of Porto Martins, Portugal;Porto Martins;Portugal;2025-12-17 21:42:35.141;4,5;312;Sedang;11,49;11.49 km;Dangkal;38,3638;-26,6536;Tidak
155 km S of Alo, Wallis and Futuna;Alo;Wallis And Futuna;2025-12-17 20:20:58.523;4,1;259;Sedang;438,78;438.78 km;Dalam;-15,7027;-177,938;Tidak
77 km SSE of Kuqa, China;Kuqa;China;2025-12-17 19:01:47.805;4,5;312;Sedang;10,0;10.0 km;Dangkal;41,0658;83,2521;Tidak
278 km SSE of Alo, Wallis and Futuna;Alo;Wallis And Futuna;2025-12-17 17:23:28.291;5,4;449;Sedang;400,26;400.26 km;Dalam;-16,7324;-177,4109;Tidak
70 km SSW of Hihifo, Tonga;Hihifo;Tonga;2025-12-17 17:08:27.271;4,4;298;Sedang;164,57;164.57 km;Menengah;-16,543;-174,0424;Tidak
South Sandwich Islands region;South Sandwich Islands Region;South Sandwich Islands;2025-12-17 17:05:57.414;5,7;500;Tinggi;35,0;35.0 km;Dangkal;-58,6464;-25,295;Tidak
157 km SSW of Teluk Dalam, Indonesia;Teluk Dalam;Indonesia;2025-12-17 15:48:05.723;4,5;312;Sedang;10,0;10.0 km;Dangkal;-0,6773;97,1344;Tidak
South Indian Ocean;South Indian Ocean;South Indian Ocean;2025-12-17 15:34:11.970;4,6;326;Sedang;10,0;10.0 km;Dangkal;-10,2536;91,0785;Tidak
285 km E of Yamada, Japan;Yamada;Japan;2025-12-17 15:16:50.165;4,3;284;Sedang;10,0;10.0 km;Dangkal;39,105;145,2308;Tidak
south of the Fiji Islands;The Fiji Islands;South Of The Fiji Islands;2025-12-17 13:27:16.784;4,5;312;Sedang;568,44;568.44 km;Dalam;-23,8942;179,6029;Tidak
Bonin Islands, Japan region;Bonin Islands;Japan;2025-12-17 12:01:02.910;4,3;284;Sedang;486,64;486.64 km;Dalam;27,5427;139,8854;Tidak
34 km ENE of Barkhan, Pakistan;Barkhan;Pakistan;2025-12-17 11:43:14.769;4,4;298;Sedang;10,0;10.0 km;Dangkal;30,0712;69,8249;Tidak
Pagan region, Northern Mariana Islands;Pagan Region;Northern Mariana Islands;2025-12-17 10:30:47.283;4,5;312;Sedang;227,26;227.26 km;Menengah;18,6559;145,5107;Tidak
Carlsberg Ridge;Carlsberg Ridge;Carlsberg Ridge;2025-12-17 10:24:41.911;4,3;284;Sedang;10,0;10.0 km;Dangkal;-0,4941;67,5628;Tidak
94 km E of Mutsu, Japan;Mutsu;Japan;2025-12-17 09:50:18.556;5,0;385;Sedang;51,96;51.96 km;Dangkal;41,2916;142,346;Tidak
83 km ENE of Manokwari, Indonesia;Manokwari;Indonesia;2025-12-17 09:42:32.398;4,3;284;Sedang;21,38;21.38 km;Dangkal;-0,5648;134,7547;Tidak
176 km NE of Lospalos, Timor Leste;Lospalos;Timor Leste;2025-12-17 08:51:57.727;4,3;284;Sedang;152,14;152.14 km;Menengah;-7,5435;128,2641;Tidak
108 km ESE of Shikotan, Russia;Shikotan;Russia;2025-12-17 07:19:55.952;4,3;284;Sedang;10,0;10.0 km;Dangkal;43,5148;148,0085;Tidak
67 km S of Puerto El Triunfo, El Salvador;Puerto El Triunfo;El Salvador;2025-12-17 07:17:46.357;4,3;284;Sedang;62,91;62.91 km;Dangkal;12,6793;-88,4711;Tidak
80 km SE of Gorontalo, Indonesia;Gorontalo;Indonesia;2025-12-17 06:42:27.323;4,3;284;Sedang;137,5;137.5 km;Menengah;0,0096;123,5546;Tidak
Chagos Archipelago region;Chagos Archipelago Region;Chagos Archipelago;2025-12-17 06:00:54.362;4,6;326;Sedang;10,0;10.0 km;Dangkal;-5,3724;68,6478;Tidak
122 km ESE of Shikotan, Russia;Shikotan;Russia;2025-12-17 05:27:47.286;4,6;326;Sedang;10,0;10.0 km;Dangkal;43,4286;148,1529;Tidak
105 km ESE of Shikotan, Russia;Shikotan;Russia;2025-12-17 04:41:41.428;4,1;259;Sedang;35,0;35.0 km;Dangkal;43,3932;147,9077;Tidak
30 km NNW of Yaguaraparo, Venezuela;Yaguaraparo;Venezuela;2025-12-17 04:39:20.086;4,0;246;Sedang;122,97;122.97 km;Menengah;10,8074;-62,9704;Tidak
23 km NW of Jiangyou, China;Jiangyou;China;2025-12-17 04:24:40.169;4,3;284;Sedang;10,0;10.0 km;Dangkal;31,9149;104,5459;Tidak
102 km N of Finschhafen, Papua New Guinea;Finschhafen;Papua New Guinea;2025-12-17 03:13:03.021;4,4;298;Sedang;181,36;181.36 km;Menengah;-5,6327;147,7505;Tidak
170 km ESE of Tatsugō, Japan;Tatsugō;Japan;2025-12-17 02:43:37.474;4,7;340;Sedang;10,0;10.0 km;Dangkal;27,8628;131,2057;Tidak
147 km E of Kuril’sk, Russia;Kuril’Sk;Russia;2025-12-17 01:48:05.241;4,5;312;Sedang;104,28;104.28 km;Menengah;45,162;149,7545;Tidak
96 km E of Shikotan, Russia;Shikotan;Russia;2025-12-17 01:44:11.862;5,2;416;Sedang;10,0;10.0 km;Dangkal;43,7129;147,9133;Tidak
east of the Kuril Islands;The Kuril Islands;East Of The Kuril Islands;2025-12-17 01:40:26.263;4,4;298;Sedang;39,09;39.09 km;Dangkal;46,7344;155,6465;Tidak
146 km E of Ozernovskiy, Russia;Ozernovskiy;Russia;2025-12-17 01:37:01.151;4,4;298;Sedang;70,57;70.57 km;Menengah;51,6082;158,6018;Tidak
17 km NNE of Kırıkhan, Turkey;Kırıkhan;Turkey;2025-12-17 01:15:09.462;4,1;259;Sedang;10,0;10.0 km;Dangkal;36,6364;36,4572;Tidak
112 km WNW of Mohr, Iran;Mohr;Iran;2025-12-16 23:55:50.768;4,1;259;Sedang;10,0;10.0 km;Dangkal;27,9134;51,8213;Tidak
258 km ESE of Chiniak, Alaska;Chiniak;Alaska;2025-12-16 23:35:25.281;5,0;385;Sedang;9,7;9.7 km;Dangkal;56,3789;-148,6739;Ya
160 km SE of Kuril’sk, Russia;Kuril’Sk;Russia;2025-12-16 23:34:14.658;5,1;400;Sedang;35,0;35.0 km;Dangkal;44,3837;149,5287;Tidak
93 km WNW of Tobelo, Indonesia;Tobelo;Indonesia;2025-12-16 22:29:41.121;4,4;298;Sedang;88,13;88.13 km;Menengah;2,0579;127,2379;Tidak
62 km ENE of Hachinohe, Japan;Hachinohe;Japan;2025-12-16 22:28:38.457;4,3;284;Sedang;58,92;58.92 km;Dangkal;40,7972;142,1268;Tidak
159 km SSW of Al Hufūf, Saudi Arabia;Al Hufūf;Saudi Arabia;2025-12-16 22:11:23.651;4,0;246;Sedang;10,0;10.0 km;Dangkal;23,9928;49,1093;Tidak
150 km NNE of Aksu, China;Aksu;China;2025-12-16 21:32:35.926;4,2;271;Sedang;10,0;10.0 km;Dangkal;42,3604;81,1837;Tidak
199 km SSE of Shimoda, Japan;Shimoda;Japan;2025-12-16 21:09:10.505;4,2;271;Sedang;192,74;192.74 km;Menengah;32,9767;139,6336;Tidak
south of the Fiji Islands;The Fiji Islands;South Of The Fiji Islands;2025-12-16 20:29:40.146;4,2;271;Sedang;554,61;554.61 km;Dalam;-23,4783;179,7963;Tidak
70 km WSW of Kuril’sk, Russia;Kuril’Sk;Russia;2025-12-16 19:18:49.059;4,0;246;Sedang;127,43;127.43 km;Menengah;45,0014;147,0375;Tidak
119 km ESE of Shikotan, Russia;Shikotan;Russia;2025-12-16 17:27:39.569;4,6;326;Sedang;10,0;10.0 km;Dangkal;43,3963;148,0922;Tidak
114 km ENE of Hihifo, Tonga;Hihifo;Tonga;2025-12-16 17:19:23.929;4,7;340;Sedang;10,0;10.0 km;Dangkal;-15,556;-172,8115;Tidak
Fiji region;Fiji Region;Fiji;2025-12-16 16:43:47.829;4,4;298;Sedang;568,77;568.77 km;Dalam;-18,3819;-177,7835;Tidak
137 km SSW of Pagar Alam, Indonesia;Pagar Alam;Indonesia;2025-12-16 16:29:41.095;4,1;259;Sedang;38,83;38.83 km;Dangkal;-5,1266;102,6714;Tidak
68 km SSE of Panguna, Papua New Guinea;Panguna;Papua New Guinea;2025-12-16 15:49:24.206;4,6;326;Sedang;35,0;35.0 km;Dangkal;-6,9036;155,6917;Tidak
17 km SW of Pos’yet, Russia;Pos’Yet;Russia;2025-12-16 14:38:42.997;4,4;298;Sedang;575,72;575.72 km;Dalam;42,539;130,6594;Tidak
191 km SW of Methóni, Greece;Methóni;Greece;2025-12-16 14:04:54.159;4,0;246;Sedang;38,48;38.48 km;Dangkal;35,4073;20,488;Tidak
southern Mid-Atlantic Ridge;Southern Mid-Atlantic Ridge;Southern Mid-Atlantic Ridge;2025-12-16 13:52:42.264;4,6;326;Sedang;10,0;10.0 km;Dangkal;-43,5631;-16,1095;Tidak
southern Mid-Atlantic Ridge;Southern Mid-Atlantic Ridge;Southern Mid-Atlantic Ridge;2025-12-16 13:45:24.885;5,0;385;Sedang;10,0;10.0 km;Dangkal;-43,7809;-16,2259;Tidak
southern Mid-Atlantic Ridge;Southern Mid-Atlantic Ridge;Southern Mid-Atlantic Ridge;2025-12-16 13:44:15.042;5,1;400;Sedang;10,0;10.0 km;Dangkal;-43,6591;-16,3214;Tidak
164 km SW of Houma, Tonga;Houma;Tonga;2025-12-16 13:21:58.519;4,8;354;Sedang;10,0;10.0 km;Dangkal;-22,2752;-176,3666;Tidak
5 km SW of Santa Rita Aplaya, Philippines;Santa Rita Aplaya;Philippines;2025-12-16 13:13:48.991;4,4;298;Sedang;10,0;10.0 km;Dangkal;13,7314;120,9981;Tidak
8 km NE of Muratpaşa, Turkey;Muratpaşa;Turkey;2025-12-16 13:11:01.688;4,1;259;Sedang;105,95;105.95 km;Menengah;36,9515;30,8279;Tidak
71 km SW of Lithakiá, Greece;Lithakiá;Greece;2025-12-16 11:56:39.710;4,2;271;Sedang;48,86;48.86 km;Dangkal;37,2698;20,2582;Tidak
south of the Fiji Islands;The Fiji Islands;South Of The Fiji Islands;2025-12-16 11:39:33.426;4,9;369;Sedang;508,72;508.72 km;Dalam;-25,9649;179,6835;Tidak
Kuril Islands;Kuril Islands;Kuril Islands;2025-12-16 10:08:49.465;4,5;312;Sedang;140,05;140.05 km;Menengah;48,1893;153,2737;Tidak
190 km SSE of Vilyuchinsk, Russia;Vilyuchinsk;Russia;2025-12-16 09:30:44.895;4,7;340;Sedang;29,1;29.1 km;Dangkal;51,3192;159,3399;Tidak
213 km SE of Kirakira, Solomon Islands;Kirakira;Solomon Islands;2025-12-16 09:18:45.057;5,2;416;Sedang;10,0;10.0 km;Dangkal;-11,6932;163,4164;Tidak
31 km ESE of Los Andes, Chile;Los Andes;Chile;2025-12-16 07:42:41.980;4,5;313;Sedang;114,6;114.6 km;Menengah;-32,9637;-70,3023;Tidak
299 km E of Levuka, Fiji;Levuka;Fiji;2025-12-16 07:32:59.138;4,4;298;Sedang;620,42;620.42 km;Dalam;-18,0453;-177,8588;Tidak
86 km NE of Otrada, Russia;Otrada;Russia;2025-12-16 06:40:22.341;4,2;271;Sedang;156,66;156.66 km;Menengah;44,7058;146,4943;Tidak
29 km SE of Copiapó, Chile;Copiapó;Chile;2025-12-16 06:10:10.401;4,1;259;Sedang;91,38;91.38 km;Menengah;-27,5598;-70,1251;Tidak
10 km NNW of Katobu, Indonesia;Katobu;Indonesia;2025-12-16 05:41:29.993;4,4;298;Sedang;10,0;10.0 km;Dangkal;-4,7414;122,6823;Tidak
131 km NE of Kuji, Japan;Kuji;Japan;2025-12-16 05:38:47.676;5,1;400;Sedang;10,0;10.0 km;Dangkal;40,8936;143,0119;Tidak
15 km SSW of El Rosario, Nicaragua;El Rosario;Nicaragua;2025-12-16 04:55:52.171;4,5;313;Sedang;87,75;87.75 km;Menengah;11,6461;-86,4167;Tidak
160 km ESE of Petropavlovsk-Kamchatsky, Russia;Petropavlovsk-Kamchatsky;Russia;2025-12-16 04:25:10.518;4,1;259;Sedang;10,0;10.0 km;Dangkal;52,3467;160,6799;Tidak
central Mid-Atlantic Ridge;Central Mid-Atlantic Ridge;Central Mid-Atlantic Ridge;2025-12-16 03:42:36.889;4,5;312;Sedang;10,0;10.0 km;Dangkal;0,853;-29,6642;Tidak
29 km S of Ōfunato, Japan;Ōfunato;Japan;2025-12-16 02:45:35.766;4,5;312;Sedang;94,27;94.27 km;Menengah;38,8057;141,7486;Tidak
61 km NE of Calama, Chile;Calama;Chile;2025-12-16 02:11:49.547;4,0;246;Sedang;117,64;117.64 km;Menengah;-22,0283;-68,5443;Tidak
71 km N of Port-Vila, Vanuatu;Port-Vila;Vanuatu;2025-12-16 00:43:00.974;4,2;271;Sedang;215,64;215.64 km;Menengah;-17,1006;168,4113;Tidak
28 km NE of Palora, Ecuador;Palora;Ecuador;2025-12-16 00:30:40.757;4,1;259;Sedang;181,43;181.43 km;Menengah;-1,5529;-77,7537;Tidak
70 km WSW of Lithakiá, Greece;Lithakiá;Greece;2025-12-15 23:41:47.437;5,4;449;Sedang;16,44;16.44 km;Dangkal;37,4097;20,1314;Tidak
81 km SSE of San Jose Village, Northern Mariana Islands;San Jose Village;Northern Mariana Islands;2025-12-15 23:06:14.167;5,6;496;Sedang;97,36;97.36 km;Menengah;14,2575;145,8168;Tidak
68 km S of Atiquipa, Peru;Atiquipa;Peru;2025-12-15 22:19:50.709;4,0;246;Sedang;28,63;28.63 km;Dangkal;-16,4174;-74,3964;Tidak
123 km S of Honchō, Japan;Honchō;Japan;2025-12-15 21:44:49.494;4,4;298;Sedang;41,31;41.31 km;Dangkal;41,02;142,8972;Tidak
Banda Sea;Banda Sea;Banda Sea;2025-12-15 20:50:56.245;4,3;284;Sedang;159,76;159.76 km;Menengah;-6,2417;130,006;Tidak
38 km NW of Gadani, Pakistan;Gadani;Pakistan;2025-12-15 19:50:59.270;4,8;357;Sedang;10,0;10.0 km;Dangkal;25,405;66,512;Tidak
Southwest Indian Ridge;Southwest Indian Ridge;Southwest Indian Ridge;2025-12-15 19:48:31.030;5,0;385;Sedang;10,0;10.0 km;Dangkal;-28,3037;62,7506;Tidak
230 km SE of Petropavlovsk-Kamchatsky, Russia;Petropavlovsk-Kamchatsky;Russia;2025-12-15 19:33:07.423;5,7;500;Tinggi;34,0;34.0 km;Dangkal;51,7083;161,1959;Tidak
57 km SSE of Adak, Alaska;Adak;Alaska;2025-12-15 18:03:51.843;4,9;371;Sedang;42,42;42.42 km;Dangkal;51,383;-176,3758;Tidak
58 km E of Arica, Chile;Arica;Chile;2025-12-15 16:04:49.544;4,3;284;Sedang;126,8;126.8 km;Menengah;-18,5726;-69,7518;Tidak
81 km E of Shikotan, Russia;Shikotan;Russia;2025-12-15 15:47:19.299;4,4;298;Sedang;10,0;10.0 km;Dangkal;43,7417;147,7272;Tidak
Scotia Sea;Scotia Sea;Scotia Sea;2025-12-15 14:52:07.188;4,7;340;Sedang;10,0;10.0 km;Dangkal;-60,7713;-51,9006;Tidak
Fiji region;Fiji Region;Fiji;2025-12-15 14:21:04.903;4,2;271;Sedang;585,95;585.95 km;Dalam;-19,6384;-177,7592;Tidak
3 km E of Mangatainoka, New Zealand;Mangatainoka;New Zealand;2025-12-15 12:05:08.336;4,0;247;Sedang;38,19;38.19 km;Dangkal;-40,4194;175,8995;Tidak
36 km N of Severomuysk, Russia;Severomuysk;Russia;2025-12-15 11:20:00.771;4,3;284;Sedang;10,0;10.0 km;Dangkal;56,4736;113,4967;Tidak
southern Mid-Atlantic Ridge;Southern Mid-Atlantic Ridge;Southern Mid-Atlantic Ridge;2025-12-15 11:11:04.560;4,8;354;Sedang;10,0;10.0 km;Dangkal;-46,9301;-13,7452;Tidak
81 km S of Jatiroto, Indonesia;Jatiroto;Indonesia;2025-12-15 10:54:49.612;4,1;259;Sedang;115,43;115.43 km;Menengah;-8,6197;111,0938;Tidak
southern Mid-Atlantic Ridge;Southern Mid-Atlantic Ridge;Southern Mid-Atlantic Ridge;2025-12-15 10:42:55.758;4,5;312;Sedang;10,0;10.0 km;Dangkal;-47,2927;-13,4534;Tidak
217 km SSW of Severo-Kuril’sk, Russia;Severo-Kuril’Sk;Russia;2025-12-15 09:31:14.596;4,5;312;Sedang;85,26;85.26 km;Menengah;48,8886;154,8832;Tidak
156 km ESE of Carrozziere, Italy;Carrozziere;Italy;2025-12-15 09:11:20.344;4,2;271;Sedang;10,0;10.0 km;Dangkal;36,5712;16,9247;Tidak
82 km ESE of Teluk Dalam, Indonesia;Teluk Dalam;Indonesia;2025-12-15 09:06:34.531;4,4;298;Sedang;41,1;41.1 km;Dangkal;0,2561;98,4728;Tidak
49 km WSW of Ovalle, Chile;Ovalle;Chile;2025-12-15 08:51:34.321;4,7;340;Sedang;26,85;26.85 km;Dangkal;-30,6923;-71,7087;Tidak
184 km SE of Petropavlovsk-Kamchatsky, Russia;Petropavlovsk-Kamchatsky;Russia;2025-12-15 08:11:16.123;5,3;432;Sedang;10,0;10.0 km;Dangkal;51,8362;160,4527;Tidak
Fiji region;Fiji Region;Fiji;2025-12-15 07:43:58.718;4,9;369;Sedang;603,16;603.16 km;Dalam;-20,673;-178,5956;Tidak
126 km SE of Lukatan, Philippines;Lukatan;Philippines;2025-12-15 06:50:34.262;4,6;326;Sedang;10,0;10.0 km;Dangkal;6,3466;127,3576;Tidak
78 km N of Calama, Chile;Calama;Chile;2025-12-15 06:47:11.446;4,2;271;Sedang;96,38;96.38 km;Menengah;-21,7442;-68,9232;Tidak
southeast Indian Ridge;Southeast Indian Ridge;Southeast Indian Ridge;2025-12-15 05:53:19.419;4,6;326;Sedang;10,0;10.0 km;Dangkal;-47,2853;97,2931;Tidak
southeast Indian Ridge;Southeast Indian Ridge;Southeast Indian Ridge;2025-12-15 05:37:23.392;4,4;298;Sedang;10,0;10.0 km;Dangkal;-47,3288;97,6416;Tidak
southeast Indian Ridge;Southeast Indian Ridge;Southeast Indian Ridge;2025-12-15 05:23:06.729;4,6;326;Sedang;10,0;10.0 km;Dangkal;-47,4548;97,5199;Tidak
southeast Indian Ridge;Southeast Indian Ridge;Southeast Indian Ridge;2025-12-15 05:22:13.469;4,4;298;Sedang;10,0;10.0 km;Dangkal;-47,1298;97,264;Tidak
southeast Indian Ridge;Southeast Indian Ridge;Southeast Indian Ridge;2025-12-15 05:09:03.507;4,4;298;Sedang;10,0;10.0 km;Dangkal;-47,2472;97,1715;Tidak
21 km ENE of Lapuan, Philippines;Lapuan;Philippines;2025-12-15 04:30:48.273;4,4;298;Sedang;125,47;125.47 km;Menengah;6,2254;125,8788;Tidak
164 km S of La Libertad, El Salvador;La Libertad;El Salvador;2025-12-15 03:29:27.655;4,2;271;Sedang;10,0;10.0 km;Dangkal;11,9988;-89,3955;Tidak
171 km N of Masohi, Indonesia;Masohi;Indonesia;2025-12-15 02:11:59.680;4,4;298;Sedang;10,0;10.0 km;Dangkal;-1,7712;128,6834;Tidak
154 km WNW of Corral, Chile;Corral;Chile;2025-12-15 00:52:51.860;4,3;284;Sedang;10,0;10.0 km;Dangkal;-39,3222;-75,076;Tidak
South Sandwich Islands region;South Sandwich Islands Region;South Sandwich Islands;2025-12-15 00:43:14.974;5,3;432;Sedang;71,67;71.67 km;Menengah;-58,7745;-25,6748;Tidak
30 km WSW of Nemuro, Japan;Nemuro;Japan;2025-12-14 23:44:07.235;4,3;284;Sedang;35,0;35.0 km;Dangkal;43,2701;145,2114;Tidak
6 km W of Glen Ellen, CA;Glen Ellen;Ca;2025-12-14 23:30:43.210;4,03;800;Sangat Tinggi;3,13;3.13 km;Dangkal;38,373;-122,604;Ya
169 km S of Wonosari, Indonesia;Wonosari;Indonesia;2025-12-14 23:26:14.697;4,0;246;Sedang;10,0;10.0 km;Dangkal;-9,4878;110,4116;Tidak
50 km WNW of San Antonio de los Cobres, Argentina;San Antonio De Los Cobres;Argentina;2025-12-14 23:24:04.484;4,3;284;Sedang;198,34;198.34 km;Menengah;-24,1137;-66,7998;Tidak
70 km E of Noda, Japan;Noda;Japan;2025-12-14 22:19:24.017;4,1;259;Sedang;40,98;40.98 km;Dangkal;40,0424;142,638;Tidak
210 km N of Sola, Vanuatu;Sola;Vanuatu;2025-12-14 20:46:32.956;4,2;271;Sedang;332,41;332.41 km;Dalam;-11,9882;167,8248;Tidak
97 km SW of Basco, Philippines;Basco;Philippines;2025-12-14 20:35:07.263;4,6;326;Sedang;20,52;20.52 km;Dangkal;19,7558;121,3942;Tidak
11 km SW of Palora, Ecuador;Palora;Ecuador;2025-12-14 20:23:42.032;4,5;312;Sedang;155,62;155.62 km;Menengah;-1,7675;-78,0415;Tidak
21 km NNW of Hakui, Japan;Hakui;Japan;2025-12-14 19:03:36.348;4,9;369;Sedang;7,59;7.59 km;Dangkal;37,0518;136,6567;Tidak
106 km SSW of Honchō, Japan;Honchō;Japan;2025-12-14 18:09:28.080;4,7;340;Sedang;45,72;45.72 km;Dangkal;41,1977;142,6177;Tidak
Drake Passage;Drake Passage;Drake Passage;2025-12-14 15:54:18.757;4,8;354;Sedang;10,0;10.0 km;Dangkal;-59,3012;-60,2417;Tidak
53 km ENE of Misawa, Japan;Misawa;Japan;2025-12-14 14:53:57.330;4,1;259;Sedang;63,55;63.55 km;Dangkal;40,934;141,9271;Tidak
25 km NNW of Hakui, Japan;Hakui;Japan;2025-12-14 14:26:54.678;4,8;356;Sedang;35,0;35.0 km;Dangkal;37,0762;136,6323;Tidak
81 km ENE of Mutsu, Japan;Mutsu;Japan;2025-12-14 13:49:42.740;4,3;284;Sedang;60,97;60.97 km;Dangkal;41,4541;142,1713;Tidak
156 km ENE of Bitung, Indonesia;Bitung;Indonesia;2025-12-14 12:03:27.070;5,1;400;Sedang;54,04;54.04 km;Dangkal;1,9913;126,4277;Tidak
147 km N of Metinaro, Timor Leste;Metinaro;Timor Leste;2025-12-14 11:55:42.575;4,6;326;Sedang;504,31;504.31 km;Dalam;-7,1995;125,6981;Tidak
131 km SSW of Severo-Kuril’sk, Russia;Severo-Kuril’Sk;Russia;2025-12-14 10:50:25.277;4,8;354;Sedang;87,71;87.71 km;Menengah;49,5245;155,7098;Tidak
174 km NW of Sola, Vanuatu;Sola;Vanuatu;2025-12-14 10:44:01.863;4,4;298;Sedang;73,57;73.57 km;Menengah;-12,6786;166,5107;Tidak
southeast of Easter Island;Easter Island;Southeast Of Easter Island;2025-12-14 09:44:42.164;5,4;449;Sedang;10,0;10.0 km;Dangkal;-35,8507;-102,4356;Tidak
42 km SW of Tari, Papua New Guinea;Tari;Papua New Guinea;2025-12-14 09:32:50.655;4,4;298;Sedang;10,0;10.0 km;Dangkal;-6,096;142,6566;Tidak
Pacific-Antarctic Ridge;Pacific-Antarctic Ridge;Pacific-Antarctic Ridge;2025-12-14 09:23:10.581;4,6;326;Sedang;10,0;10.0 km;Dangkal;-58,9791;-149,8336;Tidak
southern Mid-Atlantic Ridge;Southern Mid-Atlantic Ridge;Southern Mid-Atlantic Ridge;2025-12-14 09:18:35.356;4,6;326;Sedang;10,0;10.0 km;Dangkal;-43,7903;-16,0949;Tidak
Pacific-Antarctic Ridge;Pacific-Antarctic Ridge;Pacific-Antarctic Ridge;2025-12-14 09:04:37.257;4,8;354;Sedang;10,0;10.0 km;Dangkal;-59,9209;-151,1211;Tidak
51 km NE of Hachinohe, Japan;Hachinohe;Japan;2025-12-14 08:51:21.210;4,1;259;Sedang;57,69;57.69 km;Dangkal;40,7657;141,9948;Tidak
South Sandwich Islands region;South Sandwich Islands Region;South Sandwich Islands;2025-12-14 08:38:14.161;4,2;271;Sedang;10,0;10.0 km;Dangkal;-59,2854;-24,9625;Tidak
145 km E of Miyako, Japan;Miyako;Japan;2025-12-14 07:58:11.223;5,0;385;Sedang;10,0;10.0 km;Dangkal;39,8072;143,6256;Tidak
180 km ENE of Tual, Indonesia;Tual;Indonesia;2025-12-14 07:00:17.501;4,5;312;Sedang;10,0;10.0 km;Dangkal;-4,8068;134,1588;Tidak
Bonin Islands, Japan region;Bonin Islands;Japan;2025-12-14 06:50:38.296;4,7;340;Sedang;10,0;10.0 km;Dangkal;27,945;140,802;Tidak
158 km SSE of Longyearbyen, Svalbard and Jan Mayen;Longyearbyen;Svalbard And Jan Mayen;2025-12-14 06:26:41.343;4,0;246;Sedang;10,0;10.0 km;Dangkal;76,8813;17,7424;Tidak
West Chile Rise;West Chile Rise;West Chile Rise;2025-12-14 05:51:47.361;4,6;326;Sedang;10,0;10.0 km;Dangkal;-43,0653;-82,4902;Tidak
22 km NW of Ollagüe, Chile;Ollagüe;Chile;2025-12-14 03:34:29.564;4,1;259;Sedang;141,94;141.94 km;Menengah;-21,0632;-68,3817;Tidak
72 km SW of Basco, Philippines;Basco;Philippines;2025-12-14 03:10:00.950;4,4;298;Sedang;35,0;35.0 km;Dangkal;20,0407;121,4317;Tidak
111 km N of Yakutat, Alaska;Yakutat;Alaska;2025-12-14 01:36:25.451;4,2;271;Sedang;5,0;5.0 km;Dangkal;60,5366;-139,9898;Tidak
117 km WNW of Bengkulu, Indonesia;Bengkulu;Indonesia;2025-12-14 00:58:15.106;5,2;416;Sedang;58,69;58.69 km;Dangkal;-3,2368;101,3683;Tidak
78 km W of Tobelo, Indonesia;Tobelo;Indonesia;2025-12-14 00:55:44.718;4,4;298;Sedang;122,0;122.0 km;Menengah;1,5998;127,3177;Tidak
195 km SE of Severo-Kuril’sk, Russia;Severo-Kuril’Sk;Russia;2025-12-14 00:20:40.753;4,4;298;Sedang;10,0;10.0 km;Dangkal;49,717;158,4175;Tidak
159 km ENE of Noda, Japan;Noda;Japan;2025-12-13 23:09:14.146;4,2;271;Sedang;28,75;28.75 km;Dangkal;40,4899;143,6278;Tidak
16 km S of Tomioka, Japan;Tomioka;Japan;2025-12-13 22:52:58.062;4,4;298;Sedang;60,18;60.18 km;Dangkal;37,183;141,0446;Tidak
241 km ENE of Lospalos, Timor Leste;Lospalos;Timor Leste;2025-12-13 22:42:11.824;4,1;259;Sedang;168,35;168.35 km;Menengah;-7,3932;128,8747;Tidak
168 km ENE of Noda, Japan;Noda;Japan;2025-12-13 21:49:37.347;4,5;312;Sedang;32,05;32.05 km;Dangkal;40,6117;143,6865;Tidak
92 km SSW of Puerto San José, Guatemala;Puerto San José;Guatemala;2025-12-13 21:21:40.811;4,7;340;Sedang;10,0;10.0 km;Dangkal;13,2092;-91,2553;Tidak
139 km S of Hihifo, Tonga;Hihifo;Tonga;2025-12-13 20:47:13.900;4,0;246;Sedang;126,22;126.22 km;Menengah;-17,1914;-174,0296;Tidak
128 km WSW of Gorontalo, Indonesia;Gorontalo;Indonesia;2025-12-13 20:09:41.623;4,7;340;Sedang;199,31;199.31 km;Menengah;0,1486;121,9721;Tidak
Volcano Islands, Japan region;Volcano Islands;Japan;2025-12-13 19:19:06.561;4,3;284;Sedang;44,86;44.86 km;Dangkal;22,4915;144,2289;Tidak
33 km NW of Binabalian, Philippines;Binabalian;Philippines;2025-12-13 19:09:39.912;4,6;326;Sedang;10,0;10.0 km;Dangkal;16,6492;119,729;Tidak
159 km NNW of Sola, Vanuatu;Sola;Vanuatu;2025-12-13 18:53:54.255;4,7;340;Sedang;201,19;201.19 km;Menengah;-12,5365;167,0174;Tidak
64 km SSE of Soe, Indonesia;Soe;Indonesia;2025-12-13 18:15:37.904;4,4;298;Sedang;10,0;10.0 km;Dangkal;-10,4067;124,4798;Tidak
38 km ENE of Hualien City, Taiwan;Hualien City;Taiwan;2025-12-13 17:58:35.236;4,1;259;Sedang;32,91;32.91 km;Dangkal;24,1435;121,9403;Tidak
Pagan region, Northern Mariana Islands;Pagan Region;Northern Mariana Islands;2025-12-13 17:14:46.680;4,2;271;Sedang;116,38;116.38 km;Menengah;18,8319;146,0976;Tidak
152 km S of Abepura, Indonesia;Abepura;Indonesia;2025-12-13 16:46:42.306;4,1;259;Sedang;63,28;63.28 km;Dangkal;-3,9733;140,7437;Tidak
83 km SSE of Pondaguitan, Philippines;Pondaguitan;Philippines;2025-12-13 16:34:08.704;4,5;312;Sedang;99,49;99.49 km;Menengah;5,6678;126,4752;Tidak
60 km N of Barkhan, Pakistan;Barkhan;Pakistan;2025-12-13 15:53:32.948;4,4;298;Sedang;37,48;37.48 km;Dangkal;30,4466;69,518;Tidak
south of the Fiji Islands;The Fiji Islands;South Of The Fiji Islands;2025-12-13 15:20:34.064;4,1;259;Sedang;535,22;535.22 km;Dalam;-24,0778;179,7929;Tidak
46 km NW of San Antonio de los Cobres, Argentina;San Antonio De Los Cobres;Argentina;2025-12-13 14:44:26.635;4,3;284;Sedang;206,06;206.06 km;Menengah;-23,9419;-66,6591;Tidak
Reykjanes Ridge;Reykjanes Ridge;Reykjanes Ridge;2025-12-13 14:30:38.295;4,5;312;Sedang;10,0;10.0 km;Dangkal;57,3297;-32,9584;Tidak
South Sandwich Islands region;South Sandwich Islands Region;South Sandwich Islands;2025-12-13 14:04:33.462;5,0;385;Sedang;69,66;69.66 km;Dangkal;-59,0406;-25,829;Tidak
140 km WNW of Sabang, Indonesia;Sabang;Indonesia;2025-12-13 13:45:31.103;4,3;284;Sedang;78,48;78.48 km;Menengah;6,4483;94,1726;Tidak
19 km NE of Barkhan, Pakistan;Barkhan;Pakistan;2025-12-13 13:14:55.780;4,4;298;Sedang;10,0;10.0 km;Dangkal;30,035;69,6437;Tidak
222 km ENE of Levuka, Fiji;Levuka;Fiji;2025-12-13 13:09:31.455;4,2;271;Sedang;560,43;560.43 km;Dalam;-17,3385;-178,7291;Tidak
295 km E of Port Mathurin, Mauritius;Port Mathurin;Mauritius;2025-12-13 12:19:36.254;4,3;284;Sedang;10,0;10.0 km;Dangkal;-20,0679;66,208;Tidak
75 km W of Ollagüe, Chile;Ollagüe;Chile;2025-12-13 12:18:45.823;5,4;455;Sedang;90,29;90.29 km;Menengah;-21,2293;-68,984;Tidak
205 km E of Levuka, Fiji;Levuka;Fiji;2025-12-13 11:46:41.829;4,3;284;Sedang;564,79;564.79 km;Dalam;-17,8062;-178,7594;Tidak
134 km NW of Manado, Indonesia;Manado;Indonesia;2025-12-13 11:44:32.733;4,3;284;Sedang;355,44;355.44 km;Dalam;2,2496;123,9124;Tidak
southeast of the Loyalty Islands;The Loyalty Islands;Southeast Of The Loyalty Islands;2025-12-13 11:13:06.082;4,6;326;Sedang;62,34;62.34 km;Dangkal;-22,581;171,0902;Tidak
Rat Islands, Aleutian Islands, Alaska;Rat Islands;Alaska;2025-12-13 10:51:00.036;5,5;465;Sedang;108,0;108.0 km;Menengah;52,1512;178,3529;Tidak
9 km SSW of San Miguel, Ecuador;San Miguel;Ecuador;2025-12-13 09:40:52.664;4,5;312;Sedang;10,0;10.0 km;Dangkal;-1,7906;-79,0755;Tidak
140 km SE of Port Blair, India;Port Blair;India;2025-12-13 06:18:09.957;4,2;271;Sedang;167,63;167.63 km;Menengah;10,9166;93,7806;Tidak
76 km ENE of Misawa, Japan;Misawa;Japan;2025-12-13 05:59:44.006;4,6;326;Sedang;66,79;66.79 km;Dangkal;41,0241;142,1743;Tidak
188 km ENE of Levuka, Fiji;Levuka;Fiji;2025-12-13 05:18:59.737;4,4;298;Sedang;545,41;545.41 km;Dalam;-17,6163;-178,9715;Tidak
284 km WNW of Houma, Tonga;Houma;Tonga;2025-12-13 04:31:07.789;4,4;298;Sedang;515,37;515.37 km;Dalam;-20,6232;-177,9692;Tidak
North Atlantic Ocean;North Atlantic Ocean;North Atlantic Ocean;2025-12-13 03:03:19.737;4,3;284;Sedang;10,0;10.0 km;Dangkal;6,7996;-46,4776;Tidak
41 km E of Baganga, Philippines;Baganga;Philippines;2025-12-13 02:01:57.750;4,4;298;Sedang;35,0;35.0 km;Dangkal;7,6037;126,9374;Tidak
161 km E of Beauséjour, Guadeloupe;Beauséjour;Guadeloupe;2025-12-13 01:20:25.009;4,3;284;Sedang;10,0;10.0 km;Dangkal;16,3711;-59,5654;Tidak
99 km SSW of Urakawa, Japan;Urakawa;Japan;2025-12-12 23:41:42.244;4,3;284;Sedang;48,35;48.35 km;Dangkal;41,2835;142,4972;Tidak
27 km W of Mianzhu, Deyang, Sichuan, China;Mianzhu;China;2025-12-12 22:52:16.711;4,4;298;Sedang;10,0;10.0 km;Dangkal;31,3103;103,9332;Tidak
109 km E of Barcelona, Philippines;Barcelona;Philippines;2025-12-12 20:13:54.992;4,9;369;Sedang;10,0;10.0 km;Dangkal;8,2727;127,4169;Tidak
202 km SE of Kushimoto, Japan;Kushimoto;Japan;2025-12-12 19:03:12.415;5,3;432;Sedang;367,01;367.01 km;Dalam;32,3881;137,523;Tidak
102 km SSW of Nikolski, Alaska;Nikolski;Alaska;2025-12-12 18:14:57.495;4,8;355;Sedang;13,44;13.44 km;Dangkal;52,0654;-169,3422;Tidak
57 km ENE of Severo-Kuril’sk, Russia;Severo-Kuril’Sk;Russia;2025-12-12 17:43:14.444;5,2;416;Sedang;78,9;78.9 km;Menengah;50,8904;156,8617;Tidak
16 km WSW of Fef, Indonesia;Fef;Indonesia;2025-12-12 17:32:12.005;4,0;246;Sedang;39,42;39.42 km;Dangkal;-0,8814;132,2985;Tidak
20 km S of Koloni, Cyprus;Koloni;Cyprus;2025-12-12 17:20:16.372;4,2;272;Sedang;10,0;10.0 km;Dangkal;34,5682;32,4728;Tidak
28 km WSW of Balaklava, Ukraine;Balaklava;Ukraine;2025-12-12 17:13:16.338;4,1;259;Sedang;9,36;9.36 km;Dangkal;44,404;33,2724;Tidak
119 km N of Yakutat, Alaska;Yakutat;Alaska;2025-12-12 16:59:31.086;4,2;271;Sedang;5,0;5.0 km;Dangkal;60,6064;-140,0927;Tidak
Mid-Indian Ridge;Mid-Indian Ridge;Mid-Indian Ridge;2025-12-12 15:34:27.382;5,0;385;Sedang;10,0;10.0 km;Dangkal;-31,4451;78,9003;Tidak
106 km S of Severo-Kuril’sk, Russia;Severo-Kuril’Sk;Russia;2025-12-12 15:20:14.705;4,3;284;Sedang;68,41;68.41 km;Dangkal;49,7307;155,9237;Tidak
146 km E of Masohi, Indonesia;Masohi;Indonesia;2025-12-12 14:49:56.070;4,6;326;Sedang;26,24;26.24 km;Dangkal;-3,0501;130,262;Tidak
79 km SE of Zepu, China;Zepu;China;2025-12-12 14:22:10.906;4,4;298;Sedang;10,0;10.0 km;Dangkal;37,642;77,8563;Tidak
148 km SSW of Bengkulu, Indonesia;Bengkulu;Indonesia;2025-12-12 14:15:32.469;4,4;298;Sedang;10,0;10.0 km;Dangkal;-5,0344;101,7423;Tidak
130 km S of Honchō, Japan;Honchō;Japan;2025-12-12 14:09:26.839;4,0;246;Sedang;44,77;44.77 km;Dangkal;40,957;143,0467;Tidak
South Sandwich Islands region;South Sandwich Islands Region;South Sandwich Islands;2025-12-12 13:55:56.732;5,1;400;Sedang;61,34;61.34 km;Dangkal;-59,6349;-26,2964;Tidak
113 km S of Honchō, Japan;Honchō;Japan;2025-12-12 12:24:28.330;4,1;259;Sedang;57,54;57.54 km;Dangkal;41,1082;142,9076;Tidak
south of the Fiji Islands;The Fiji Islands;South Of The Fiji Islands;2025-12-12 12:09:36.474;4,2;271;Sedang;525,63;525.63 km;Dalam;-23,5484;179,9739;Tidak
97 km SSW of Urakawa, Japan;Urakawa;Japan;2025-12-12 11:45:56.045;4,2;271;Sedang;47,62;47.62 km;Dangkal;41,3078;142,4867;Tidak
81 km SE of Sarangani, Philippines;Sarangani;Philippines;2025-12-12 11:45:10.288;4,3;284;Sedang;76,49;76.49 km;Menengah;4,9649;126,051;Tidak
127 km ENE of Nuuk, Greenland;Nuuk;Greenland;2025-12-12 10:17:14.338;4,4;298;Sedang;10,0;10.0 km;Dangkal;64,7126;-49,3631;Tidak
120 km S of Honchō, Japan;Honchō;Japan;2025-12-12 10:14:35.463;4,3;284;Sedang;44,74;44.74 km;Dangkal;41,04;142,8684;Tidak
south of Tonga;Tonga;South Of Tonga;2025-12-12 10:09:20.299;4,9;369;Sedang;10,0;10.0 km;Dangkal;-26,7074;-175,8669;Tidak
south of Tonga;Tonga;South Of Tonga;2025-12-12 10:05:36.569;4,5;312;Sedang;10,0;10.0 km;Dangkal;-26,6535;-175,638;Tidak
10 km NNW of Ishige, Japan;Ishige;Japan;2025-12-12 10:05:21.410;4,7;366;Sedang;70,26;70.26 km;Menengah;36,207;139,935;Tidak
Kermadec Islands region;Kermadec Islands Region;Kermadec Islands;2025-12-12 09:59:08.582;4,4;298;Sedang;35,0;35.0 km;Dangkal;-27,0006;-176,2579;Tidak
south of the Fiji Islands;The Fiji Islands;South Of The Fiji Islands;2025-12-12 09:14:46.454;4,3;284;Sedang;503,62;503.62 km;Dalam;-23,8747;-179,8676;Tidak
south of the Fiji Islands;The Fiji Islands;South Of The Fiji Islands;2025-12-12 08:47:08.505;4,5;312;Sedang;42,53;42.53 km;Dangkal;-26,9572;-176,4619;Tidak
163 km S of Ust’-Kamchatsk Staryy, Russia;Ust’-Kamchatsk Staryy;Russia;2025-12-12 08:19:16.048;4,3;284;Sedang;59,6;59.6 km;Dangkal;54,7835;162,0226;Tidak
106 km E of Yokohama, Japan;Yokohama;Japan;2025-12-12 07:55:43.106;4,6;326;Sedang;60,68;60.68 km;Dangkal;41,1488;142,516;Tidak
121 km S of Honchō, Japan;Honchō;Japan;2025-12-12 07:05:11.367;4,2;271;Sedang;47,86;47.86 km;Dangkal;41,0317;142,9382;Tidak
76 km ESE of Pondaguitan, Philippines;Pondaguitan;Philippines;2025-12-12 06:40:40.754;4,4;298;Sedang;95,21;95.21 km;Menengah;5,9979;126,7703;Tidak
132 km S of Severo-Kuril’sk, Russia;Severo-Kuril’Sk;Russia;2025-12-12 05:53:18.312;4,1;259;Sedang;35,05;35.05 km;Dangkal;49,4872;156,3144;Tidak
118 km ENE of Hachinohe, Japan;Hachinohe;Japan;2025-12-12 05:21:58.304;4,2;271;Sedang;42,02;42.02 km;Dangkal;40,9861;142,7521;Tidak
126 km NE of Kuji, Japan;Kuji;Japan;2025-12-12 04:58:22.803;4,6;326;Sedang;35,0;35.0 km;Dangkal;40,8435;142,9824;Tidak
115 km WSW of Gorontalo, Indonesia;Gorontalo;Indonesia;2025-12-12 04:29:22.093;4,8;354;Sedang;180,45;180.45 km;Menengah;0,2625;122,0601;Tidak
44 km NNW of Bandar Abbas, Iran;Bandar Abbas;Iran;2025-12-12 04:06:58.363;4,2;271;Sedang;35,0;35.0 km;Dangkal;27,5753;56,1775;Tidak
178 km E of Petropavlovsk-Kamchatsky, Russia;Petropavlovsk-Kamchatsky;Russia;2025-12-12 03:52:51.627;4,2;271;Sedang;25,2;25.2 km;Dangkal;53,0246;161,2832;Tidak
131 km S of Honchō, Japan;Honchō;Japan;2025-12-12 03:26:12.443;4,7;340;Sedang;38,88;38.88 km;Dangkal;40,944;143,0009;Tidak
124 km S of Honchō, Japan;Honchō;Japan;2025-12-12 03:21:39.757;5,5;465;Sedang;35,11;35.11 km;Dangkal;41,0117;142,928;Tidak
219 km E of Levuka, Fiji;Levuka;Fiji;2025-12-12 03:11:27.767;4,3;284;Sedang;607,16;607.16 km;Dalam;-17,8596;-178,6221;Tidak
126 km NE of Kuji, Japan;Kuji;Japan;2025-12-12 03:06:35.563;4,6;326;Sedang;35,0;35.0 km;Dangkal;40,9483;142,877;Tidak
97 km WSW of Turpan, China;Turpan;China;2025-12-12 03:04:57.603;4,5;312;Sedang;10,0;10.0 km;Dangkal;42,5481;88,1162;Tidak
Volcano Islands, Japan region;Volcano Islands;Japan;2025-12-12 02:53:21.985;4,6;326;Sedang;40,89;40.89 km;Dangkal;22,8936;143,7755;Tidak
111 km NE of Kuji, Japan;Kuji;Japan;2025-12-12 02:44:12.662;6,7;701;Tinggi;19,0;19.0 km;Dangkal;40,8342;142,7767;Ya
29 km WSW of Atico, Peru;Atico;Peru;2025-12-12 00:46:18.153;4,5;312;Sedang;24,14;24.14 km;Dangkal;-16,3051;-73,8752;Tidak
171 km E of Noda, Japan;Noda;Japan;2025-12-12 00:46:14.125;4,1;259;Sedang;10,0;10.0 km;Dangkal;40,3695;143,8063;Tidak
89 km S of Acajutla, El Salvador;Acajutla;El Salvador;2025-12-12 00:40:05.484;4,3;284;Sedang;10,0;10.0 km;Dangkal;12,7869;-89,8868;Tidak
264 km SSE of Severo-Kuril’sk, Russia;Severo-Kuril’Sk;Russia;2025-12-12 00:25:26.009;5,0;385;Sedang;10,0;10.0 km;Dangkal;48,4112;157,2249;Tidak
133 km ENE of Kuji, Japan;Kuji;Japan;2025-12-11 23:54:21.455;4,1;259;Sedang;35,34;35.34 km;Dangkal;40,8351;143,0935;Tidak
106 km SSE of Gul’cha, Kyrgyzstan;Gul’Cha;Kyrgyzstan;2025-12-11 22:52:42.516;4,3;284;Sedang;10,0;10.0 km;Dangkal;39,4366;73,9333;Tidak
111 km S of Honchō, Japan;Honchō;Japan;2025-12-11 22:09:19.485;5,0;385;Sedang;28,98;28.98 km;Dangkal;41,1264;142,8124;Tidak
258 km E of Levuka, Fiji;Levuka;Fiji;2025-12-11 22:08:08.665;5,1;400;Sedang;575,9;575.9 km;Dalam;-18,1107;-178,2408;Tidak
24 km E of Yokohama, Japan;Yokohama;Japan;2025-12-11 21:40:05.302;4,3;284;Sedang;85,33;85.33 km;Menengah;41,0789;141,5385;Tidak
Fiji region;Fiji Region;Fiji;2025-12-11 21:00:22.031;4,1;259;Sedang;385,12;385.12 km;Dalam;-17,758;-176,8844;Tidak
80 km ESE of Finschhafen, Papua New Guinea;Finschhafen;Papua New Guinea;2025-12-11 20:56:21.686;4,9;369;Sedang;27,43;27.43 km;Dangkal;-6,9338;148,4706;Tidak
southern East Pacific Rise;Southern East Pacific Rise;Southern East Pacific Rise;2025-12-11 20:02:08.910;4,7;340;Sedang;10,0;10.0 km;Dangkal;-34,803;-109,2545;Tidak
59 km ENE of Khorugh, Tajikistan;Khorugh;Tajikistan;2025-12-11 19:25:47.617;4,2;271;Sedang;187,38;187.38 km;Menengah;37,6452;72,2002;Tidak
110 km N of Yakutat, Alaska;Yakutat;Alaska;2025-12-11 19:20:44.145;4,3;284;Sedang;5,87;5.87 km;Dangkal;60,5383;-139,9131;Tidak
57 km NNW of Fef, Indonesia;Fef;Indonesia;2025-12-11 18:37:48.327;4,3;284;Sedang;10,0;10.0 km;Dangkal;-0,3219;132,261;Tidak
98 km SSW of Honchō, Japan;Honchō;Japan;2025-12-11 18:11:05.710;4,8;354;Sedang;43,07;43.07 km;Dangkal;41,2718;142,6321;Tidak
38 km SW of Shuanglong, China;Shuanglong;China;2025-12-11 17:18:33.784;4,7;340;Sedang;16,69;16.69 km;Dangkal;28,2337;104,0375;Tidak
89 km S of Acajutla, El Salvador;Acajutla;El Salvador;2025-12-11 17:18:33.313;4,8;354;Sedang;30,99;30.99 km;Dangkal;12,7888;-89,9533;Tidak
87 km S of Honchō, Japan;Honchō;Japan;2025-12-11 17:04:20.169;4,4;298;Sedang;49,78;49.78 km;Dangkal;41,3422;142,9552;Tidak
43 km ESE of Nikolski, Alaska;Nikolski;Alaska;2025-12-11 16:23:01.806;4,4;298;Sedang;35,0;35.0 km;Dangkal;52,7348;-168,3029;Tidak
19 km E of Yujing, Taiwan;Yujing;Taiwan;2025-12-11 15:19:40.693;4,7;340;Sedang;10,0;10.0 km;Dangkal;23,1407;120,6469;Tidak
5 km E of Yujing, Taiwan;Yujing;Taiwan;2025-12-11 14:49:01.223;4,5;312;Sedang;10,0;10.0 km;Dangkal;23,1147;120,5185;Tidak
Kuril Islands;Kuril Islands;Kuril Islands;2025-12-11 14:48:58.562;4,4;298;Sedang;138,61;138.61 km;Menengah;47,7371;152,4835;Tidak
54 km S of Baubau, Indonesia;Baubau;Indonesia;2025-12-11 14:42:08.763;4,4;298;Sedang;21,9;21.9 km;Dangkal;-5,9533;122,5619;Tidak
western Xizang;Western Xizang;Western Xizang;2025-12-11 11:59:21.639;5,1;400;Sedang;10,0;10.0 km;Dangkal;32,9051;88,6265;Tidak
Azores Islands region;Azores Islands Region;Azores Islands;2025-12-11 11:13:58.245;4,6;326;Sedang;10,0;10.0 km;Dangkal;35,2157;-34,7911;Tidak
Scotia Sea;Scotia Sea;Scotia Sea;2025-12-11 11:01:12.803;4,9;369;Sedang;10,0;10.0 km;Dangkal;-61,2388;-36,4468;Tidak
60 km ESE of Pangai, Tonga;Pangai;Tonga;2025-12-11 10:37:48.184;4,9;369;Sedang;10,0;10.0 km;Dangkal;-20,0686;-173,839;Tidak
40 km S of Honchō, Japan;Honchō;Japan;2025-12-11 10:12:14.111;4,0;246;Sedang;61,94;61.94 km;Dangkal;41,7642;142,9023;Tidak
68 km ENE of Aras-asan, Philippines;Aras-Asan;Philippines;2025-12-11 08:56:39.301;4,4;298;Sedang;10,0;10.0 km;Dangkal;9,126;126,8851;Tidak
13 km ENE of Sındırgı, Turkey;Sındırgı;Turkey;2025-12-11 07:06:14.533;4,5;312;Sedang;10,0;10.0 km;Dangkal;39,2885;28,3186;Tidak
92 km SW of Basco, Philippines;Basco;Philippines;2025-12-11 06:42:07.689;4,0;246;Sedang;67,15;67.15 km;Dangkal;19,8145;121,392;Tidak
285 km WSW of Olonkinbyen, Svalbard and Jan Mayen;Olonkinbyen;Svalbard And Jan Mayen;2025-12-11 05:40:45.421;4,3;284;Sedang;10,0;10.0 km;Dangkal;70,0212;-15,8857;Tidak
17 km NNE of La Ligua, Chile;La Ligua;Chile;2025-12-11 03:07:16.153;4,1;259;Sedang;81,87;81.87 km;Menengah;-32,3033;-71,1697;Tidak
106 km E of Yokohama, Japan;Yokohama;Japan;2025-12-11 02:22:24.172;4,0;246;Sedang;49,26;49.26 km;Dangkal;41,197;142,5052;Tidak
131 km NE of Kuji, Japan;Kuji;Japan;2025-12-11 01:22:57.863;4,5;312;Sedang;42,75;42.75 km;Dangkal;40,8561;143,057;Tidak
210 km SSE of Alo, Wallis and Futuna;Alo;Wallis And Futuna;2025-12-10 23:15:07.943;4,4;298;Sedang;429,6;429.6 km;Dalam;-16,0175;-177,2411;Tidak
159 km SE of Kirakira, Solomon Islands;Kirakira;Solomon Islands;2025-12-10 23:08:40.339;4,2;271;Sedang;10,0;10.0 km;Dangkal;-11,3425;163,0711;Tidak
148 km NNE of Ambler, Alaska;Ambler;Alaska;2025-12-10 22:17:11.750;4,2;272;Sedang;0,5;0.5 km;Dangkal;68,308;-156,462;Tidak
23 km SSW of Qingnian, China;Qingnian;China;2025-12-10 20:06:59.123;4,5;312;Sedang;10,0;10.0 km;Dangkal;36,6426;115,6142;Tidak
Izu Islands, Japan region;Izu Islands;Japan;2025-12-10 20:02:28.537;4,0;246;Sedang;30,67;30.67 km;Dangkal;29,6455;141,9378;Tidak
85 km WNW of Arauco, Chile;Arauco;Chile;2025-12-10 20:00:04.364;4,0;246;Sedang;10,0;10.0 km;Dangkal;-36,9195;-74,1943;Tidak
35 km SW of Illapel, Chile;Illapel;Chile;2025-12-10 15:49:02.383;4,4;298;Sedang;43,27;43.27 km;Dangkal;-31,8201;-71,4676;Tidak
Kermadec Islands region;Kermadec Islands Region;Kermadec Islands;2025-12-10 14:53:27.994;4,5;312;Sedang;192,96;192.96 km;Menengah;-27,6633;-177,8685;Tidak
108 km ENE of Hachinohe, Japan;Hachinohe;Japan;2025-12-10 14:52:24.118;5,7;500;Tinggi;33,0;33.0 km;Dangkal;40,9018;142,6725;Tidak
242 km SE of Severo-Kuril’sk, Russia;Severo-Kuril’Sk;Russia;2025-12-10 14:34:59.225;4,3;284;Sedang;10,0;10.0 km;Dangkal;48,968;158,2315;Tidak
99 km NNE of Lorengau, Papua New Guinea;Lorengau;Papua New Guinea;2025-12-10 14:31:40.740;4,4;298;Sedang;10,0;10.0 km;Dangkal;-1,1916;147,5797;Tidak
160 km ESE of Pondaguitan, Philippines;Pondaguitan;Philippines;2025-12-10 14:09:19.257;4,5;312;Sedang;10,0;10.0 km;Dangkal;6,0139;127,5901;Tidak
97 km E of Yokohama, Japan;Yokohama;Japan;2025-12-10 14:01:30.025;4,5;312;Sedang;50,83;50.83 km;Dangkal;41,219;142,4005;Tidak
South Sandwich Islands region;South Sandwich Islands Region;South Sandwich Islands;2025-12-10 13:43:00.422;4,4;298;Sedang;96,91;96.91 km;Menengah;-56,9272;-26,5621;Tidak
66 km W of Panguna, Papua New Guinea;Panguna;Papua New Guinea;2025-12-10 13:30:15.673;5,1;400;Sedang;87,79;87.79 km;Menengah;-6,3904;154,8914;Tidak
121 km N of Yakutat, Alaska;Yakutat;Alaska;2025-12-10 11:28:32.988;4,7;340;Sedang;5,94;5.94 km;Dangkal;60,6249;-139,9973;Tidak
222 km SSE of Alo, Wallis and Futuna;Alo;Wallis And Futuna;2025-12-10 11:17:01.541;4,3;284;Sedang;10,0;10.0 km;Dangkal;-16,2769;-177,683;Tidak
120 km N of Yakutat, Alaska;Yakutat;Alaska;2025-12-10 10:58:41.577;4,0;246;Sedang;1,42;1.42 km;Dangkal;60,6272;-139,9301;Tidak
142 km E of Yamada, Japan;Yamada;Japan;2025-12-10 10:55:12.096;4,7;340;Sedang;10,0;10.0 km;Dangkal;39,3511;143,602;Tidak
117 km N of Yakutat, Alaska;Yakutat;Alaska;2025-12-10 09:50:17.020;4,3;285;Sedang;5,0;5.0 km;Dangkal;60,5945;-139,9977;Tidak
33 km E of Shwebo, Burma (Myanmar);Shwebo;Burma (Myanmar);2025-12-10 09:35:35.862;4,7;340;Sedang;10,0;10.0 km;Dangkal;22,5952;96,0249;Tidak
262 km SW of Severo-Kuril’sk, Russia;Severo-Kuril’Sk;Russia;2025-12-10 09:25:31.628;4,4;298;Sedang;161,8;161.8 km;Menengah;48,9237;153,6849;Tidak
6 km WNW of Cepitá, Colombia;Cepitá;Colombia;2025-12-10 08:27:08.631;5,5;510;Tinggi;164,62;164.62 km;Menengah;6,7679;-73,0303;Tidak
80 km NW of Kimbe, Papua New Guinea;Kimbe;Papua New Guinea;2025-12-10 08:10:23.948;4,4;298;Sedang;393,85;393.85 km;Dalam;-5,0624;149,6006;Tidak
106 km WSW of Banda Aceh, Indonesia;Banda Aceh;Indonesia;2025-12-10 07:42:59.419;4,9;369;Sedang;42,62;42.62 km;Dangkal;5,3113;94,4019;Tidak
9 km SW of Lapinigan, Philippines;Lapinigan;Philippines;2025-12-10 07:41:03.846;4,4;298;Sedang;35,0;35.0 km;Dangkal;8,346;125,9317;Tidak
South Sandwich Islands region;South Sandwich Islands Region;South Sandwich Islands;2025-12-10 07:33:51.431;4,3;284;Sedang;10,0;10.0 km;Dangkal;-59,4211;-25,4353;Tidak
67 km WSW of Vallenar, Chile;Vallenar;Chile;2025-12-10 06:38:26.810;5,2;416;Sedang;44,75;44.75 km;Dangkal;-28,8423;-71,3853;Tidak
113 km ENE of Misawa, Japan;Misawa;Japan;2025-12-10 06:23:49.788;4,5;312;Sedang;51,63;51.63 km;Dangkal;41,0148;142,6678;Tidak
Volcano Islands, Japan region;Volcano Islands;Japan;2025-12-10 05:18:49.584;4,8;354;Sedang;42,44;42.44 km;Dangkal;23,2217;143,6223;Tidak
126 km WNW of Houma, Tonga;Houma;Tonga;2025-12-10 05:12:37.615;4,3;284;Sedang;263,41;263.41 km;Menengah;-20,7068;-176,4087;Tidak
283 km WNW of Houma, Tonga;Houma;Tonga;2025-12-10 04:07:12.018;4,2;271;Sedang;523,29;523.29 km;Dalam;-20,3002;-177,8617;Tidak
Kepulauan Babar, Indonesia;Kepulauan Babar;Indonesia;2025-12-10 01:47:41.841;4,3;284;Sedang;127,35;127.35 km;Menengah;-7,2997;129,7215;Tidak
south of the Kermadec Islands;The Kermadec Islands;South Of The Kermadec Islands;2025-12-10 01:36:16.895;4,4;298;Sedang;10,0;10.0 km;Dangkal;-32,6436;-177,9727;Tidak
20 km ENE of Vinchina, Argentina;Vinchina;Argentina;2025-12-10 00:15:25.618;4,4;298;Sedang;89,08;89.08 km;Menengah;-28,6627;-68,0306;Tidak
85 km ESE of Severo-Kuril’sk, Russia;Severo-Kuril’Sk;Russia;2025-12-09 23:19:52.227;4,5;312;Sedang;35,0;35.0 km;Dangkal;50,2716;157,1564;Tidak
95 km ENE of Yokohama, Japan;Yokohama;Japan;2025-12-09 23:04:36.382;4,6;326;Sedang;49,98;49.98 km;Dangkal;41,2677;142,3659;Tidak
127 km NE of Kuji, Japan;Kuji;Japan;2025-12-09 22:49:47.435;4,1;259;Sedang;35,0;35.0 km;Dangkal;40,9028;142,9449;Tidak
119 km ENE of Hachinohe, Japan;Hachinohe;Japan;2025-12-09 22:20:05.736;4,5;312;Sedang;49,28;49.28 km;Dangkal;40,9883;142,7584;Tidak
105 km SSW of Honchō, Japan;Honchō;Japan;2025-12-09 22:14:40.366;4,3;284;Sedang;62,52;62.52 km;Dangkal;41,2056;142,5948;Tidak
48 km NNW of Naisano Dua, Indonesia;Naisano Dua;Indonesia;2025-12-09 21:51:09.991;4,1;259;Sedang;35,0;35.0 km;Dangkal;-9,1708;123,6698;Tidak
182 km ESE of Ozernovskiy, Russia;Ozernovskiy;Russia;2025-12-09 21:26:09.156;4,3;284;Sedang;10,0;10.0 km;Dangkal;51,0151;158,9937;Tidak
south of the Fiji Islands;The Fiji Islands;South Of The Fiji Islands;2025-12-09 21:00:16.339;5,3;432;Sedang;10,0;10.0 km;Dangkal;-26,9202;-176,3142;Tidak
south of the Fiji Islands;The Fiji Islands;South Of The Fiji Islands;2025-12-09 20:31:15.858;5,0;385;Sedang;10,0;10.0 km;Dangkal;-26,7478;-176,0596;Tidak
24 km ESE of Solok, Indonesia;Solok;Indonesia;2025-12-09 19:48:26.724;4,9;369;Sedang;10,0;10.0 km;Dangkal;-0,9033;100,8527;Tidak
266 km ESE of Ozernovskiy, Russia;Ozernovskiy;Russia;2025-12-09 19:43:38.901;4,9;369;Sedang;10,0;10.0 km;Dangkal;50,472;159,9345;Tidak
136 km NW of Ternate, Indonesia;Ternate;Indonesia;2025-12-09 18:02:29.579;4,7;340;Sedang;44,81;44.81 km;Dangkal;1,6191;126,4763;Tidak
51 km W of Abra Pampa, Argentina;Abra Pampa;Argentina;2025-12-09 17:54:43.997;4,5;312;Sedang;250,22;250.22 km;Menengah;-22,8036;-66,1865;Tidak
30 km WSW of Sarpol-e Z̄ahāb, Iran;Sarpol-E Z̄Ahāb;Iran;2025-12-09 17:16:06.824;4,5;312;Sedang;10,0;10.0 km;Dangkal;34,3203;45,5786;Tidak
70 km NNE of Serang, Indonesia;Serang;Indonesia;2025-12-09 16:56:42.254;4,0;246;Sedang;162,11;162.11 km;Menengah;-5,4925;106,2967;Tidak
194 km SE of Kuril’sk, Russia;Kuril’Sk;Russia;2025-12-09 16:29:16.837;4,0;246;Sedang;10,0;10.0 km;Dangkal;44,1475;149,8065;Tidak
20 km N of Burang, China;Burang;China;2025-12-09 15:39:11.542;4,2;271;Sedang;19,23;19.23 km;Dangkal;30,4765;81,1429;Tidak
82 km WSW of Gorontalo, Indonesia;Gorontalo;Indonesia;2025-12-09 15:20:47.163;4,1;259;Sedang;129,77;129.77 km;Menengah;0,3533;122,348;Tidak
off the coast of Oregon;Oregon;Off The Coast Of Oregon;2025-12-09 15:12:46.352;4,0;246;Sedang;10,0;10.0 km;Dangkal;44,4079;-129,4365;Tidak
143 km W of Port-Vila, Vanuatu;Port-Vila;Vanuatu;2025-12-09 14:28:52.348;4,1;259;Sedang;10,0;10.0 km;Dangkal;-17,5689;166,9762;Tidak
south of the Kermadec Islands;The Kermadec Islands;South Of The Kermadec Islands;2025-12-09 13:14:57.102;4,5;312;Sedang;43,18;43.18 km;Dangkal;-33,1068;-179,1803;Tidak
42 km NNE of Calama, Chile;Calama;Chile;2025-12-09 12:57:27.268;4,3;284;Sedang;117,13;117.13 km;Menengah;-22,119;-68,7234;Tidak
14 km SSE of Cimin, Turkey;Cimin;Turkey;2025-12-09 12:34:14.298;4,4;298;Sedang;10,0;10.0 km;Dangkal;39,5831;39,7579;Tidak
southern East Pacific Rise;Southern East Pacific Rise;Southern East Pacific Rise;2025-12-09 12:30:59.966;4,7;340;Sedang;10,0;10.0 km;Dangkal;-34,802;-108,325;Tidak
91 km S of Hualien City, Taiwan;Hualien City;Taiwan;2025-12-09 12:01:44.110;4,4;298;Sedang;34,5;34.5 km;Dangkal;23,151;121,6227;Tidak
189 km NW of Sola, Vanuatu;Sola;Vanuatu;2025-12-09 11:25:37.343;4,7;340;Sedang;67,12;67.12 km;Dangkal;-12,5471;166,4468;Tidak
south of the Fiji Islands;The Fiji Islands;South Of The Fiji Islands;2025-12-09 11:15:08.715;4,8;354;Sedang;10,0;10.0 km;Dangkal;-26,8807;-176,3446;Tidak
4 km SSE of Lanuza, Philippines;Lanuza;Philippines;2025-12-09 11:06:36.276;4,4;298;Sedang;102,63;102.63 km;Menengah;9,1991;126,085;Tidak
134 km E of Petropavlovsk-Kamchatsky, Russia;Petropavlovsk-Kamchatsky;Russia;2025-12-09 10:54:36.862;4,4;298;Sedang;35,0;35.0 km;Dangkal;52,9308;160,6207;Tidak
39 km W of Ulagan, Russia;Ulagan;Russia;2025-12-09 10:36:50.444;4,4;298;Sedang;10,0;10.0 km;Dangkal;50,6548;87,3988;Tidak
284 km SW of Grindavík, Iceland;Grindavík;Iceland;2025-12-09 10:12:35.083;5,0;385;Sedang;10,0;10.0 km;Dangkal;62,0873;-26,5302;Tidak
120 km S of Honchō, Japan;Honchō;Japan;2025-12-09 10:04:53.345;4,3;284;Sedang;43,06;43.06 km;Dangkal;41,0404;142,932;Tidak
106 km S of Honchō, Japan;Honchō;Japan;2025-12-09 09:20:03.412;4,5;312;Sedang;43,49;43.49 km;Dangkal;41,1731;142,9607;Tidak
89 km E of Mutsu, Japan;Mutsu;Japan;2025-12-09 09:09:47.904;5,0;385;Sedang;60,1;60.1 km;Dangkal;41,3127;142,2857;Tidak
58 km WNW of Mejillones, Chile;Mejillones;Chile;2025-12-09 09:01:19.079;4,3;284;Sedang;19,16;19.16 km;Dangkal;-22,8496;-70,9449;Tidak
32 km W of San Pedro de Atacama, Chile;San Pedro De Atacama;Chile;2025-12-09 08:47:34.009;4,0;246;Sedang;107,97;107.97 km;Menengah;-22,901;-68,5169;Tidak
93 km NNE of Yakutat, Alaska;Yakutat;Alaska;2025-12-09 08:11:22.063;4,0;246;Sedang;5,0;5.0 km;Dangkal;60,3666;-139,4041;Tidak
31 km NNE of Jalālābād, Afghanistan;Jalālābād;Afghanistan;2025-12-09 07:47:39.999;4,3;284;Sedang;65,43;65.43 km;Dangkal;34,6827;70,6043;Tidak
40 km WNW of Sinabang, Indonesia;Sinabang;Indonesia;2025-12-09 07:02:53.596;5,2;416;Sedang;10,0;10.0 km;Dangkal;2,5896;96,0297;Tidak
Kermadec Islands region;Kermadec Islands Region;Kermadec Islands;2025-12-09 06:54:53.556;4,5;312;Sedang;404,6;404.6 km;Dalam;-27,4856;-177,2562;Tidak
98 km E of Gerāsh, Iran;Gerāsh;Iran;2025-12-09 06:06:11.622;4,2;271;Sedang;10,0;10.0 km;Dangkal;27,626;55,1368;Tidak
Kuril Islands;Kuril Islands;Kuril Islands;2025-12-09 05:57:27.138;4,0;246;Sedang;98,51;98.51 km;Menengah;48,3865;153,5989;Tidak
130 km ENE of Kuji, Japan;Kuji;Japan;2025-12-09 05:48:24.817;4,1;259;Sedang;39,88;39.88 km;Dangkal;40,769;143,1019;Tidak
81 km WSW of Antofagasta, Chile;Antofagasta;Chile;2025-12-09 05:46:50.655;4,4;298;Sedang;10,0;10.0 km;Dangkal;-23,9907;-71,108;Tidak
39 km S of Lata, Solomon Islands;Lata;Solomon Islands;2025-12-09 05:44:30.604;4,5;312;Sedang;35,0;35.0 km;Dangkal;-11,0777;165,7765;Tidak
88 km S of Honchō, Japan;Honchō;Japan;2025-12-09 05:15:51.034;4,6;326;Sedang;52,93;52.93 km;Dangkal;41,3365;142,8344;Tidak
104 km E of Yokohama, Japan;Yokohama;Japan;2025-12-09 04:47:27.581;4,4;298;Sedang;51,76;51.76 km;Dangkal;41,2148;142,4853;Tidak
91 km S of San Juan, Peru;San Juan;Peru;2025-12-09 04:34:18.000;4,1;259;Sedang;10,0;10.0 km;Dangkal;-16,1945;-75,1677;Tidak
Rat Islands, Aleutian Islands, Alaska;Rat Islands;Alaska;2025-12-09 04:29:59.508;4,7;340;Sedang;18,81;18.81 km;Dangkal;51,1565;178,5551;Tidak
57 km NNE of Lae, Papua New Guinea;Lae;Papua New Guinea;2025-12-09 03:33:14.590;4,6;326;Sedang;65,0;65.0 km;Dangkal;-6,2552;147,2248;Tidak
south of the Kermadec Islands;The Kermadec Islands;South Of The Kermadec Islands;2025-12-09 03:08:56.832;5,2;416;Sedang;10,0;10.0 km;Dangkal;-32,6071;-177,5916;Tidak
24 km ESE of Salamanca, Chile;Salamanca;Chile;2025-12-09 01:57:31.713;4,1;259;Sedang;93,27;93.27 km;Menengah;-31,8934;-70,7405;Tidak
64 km N of Nekā, Iran;Nekā;Iran;2025-12-09 00:52:42.086;4,1;259;Sedang;10,0;10.0 km;Dangkal;37,2237;53,1893;Tidak
Kermadec Islands region;Kermadec Islands Region;Kermadec Islands;2025-12-09 00:37:07.377;5,3;432;Sedang;10,0;10.0 km;Dangkal;-27,0266;-176,063;Tidak
76 km E of Yokohama, Japan;Yokohama;Japan;2025-12-09 00:18:27.748;4,9;369;Sedang;54,88;54.88 km;Dangkal;41,2096;142,1449;Tidak
98 km N of Yakutat, Alaska;Yakutat;Alaska;2025-12-09 00:14:39.776;4,1;259;Sedang;5,0;5.0 km;Dangkal;60,4278;-139,664;Tidak
134 km S of Honchō, Japan;Honchō;Japan;2025-12-09 00:09:05.294;4,4;298;Sedang;47,5;47.5 km;Dangkal;40,9216;143,11;Tidak
109 km NE of Kuji, Japan;Kuji;Japan;2025-12-08 23:59:06.545;5,6;482;Sedang;47,79;47.79 km;Dangkal;40,8255;142,7591;Tidak
150 km SSE of Honchō, Japan;Honchō;Japan;2025-12-08 23:30:21.683;4,3;284;Sedang;35,0;35.0 km;Dangkal;40,8201;143,3748;Tidak
south of the Fiji Islands;The Fiji Islands;South Of The Fiji Islands;2025-12-08 22:57:18.657;4,6;326;Sedang;35,0;35.0 km;Dangkal;-26,9863;-176,3965;Tidak
109 km N of Yakutat, Alaska;Yakutat;Alaska;2025-12-08 22:51:54.145;4,3;284;Sedang;4,19;4.19 km;Dangkal;60,5247;-139,836;Tidak
111 km E of Yokohama, Japan;Yokohama;Japan;2025-12-08 22:39:28.700;4,4;298;Sedang;42,48;42.48 km;Dangkal;41,1518;142,5761;Tidak
119 km ENE of Kuji, Japan;Kuji;Japan;2025-12-08 22:30:31.405;4,4;298;Sedang;35,0;35.0 km;Dangkal;40,7407;142,9837;Tidak
119 km S of Honchō, Japan;Honchō;Japan;2025-12-08 22:07:17.141;5,0;385;Sedang;35,0;35.0 km;Dangkal;41,0582;142,9996;Tidak
129 km S of Honchō, Japan;Honchō;Japan;2025-12-08 21:52:41.270;6,6;672;Tinggi;19,0;19.0 km;Dangkal;40,9761;143,1505;Tidak
64 km SSW of Yonakuni, Japan;Yonakuni;Japan;2025-12-08 21:24:32.569;4,4;298;Sedang;20,21;20.21 km;Dangkal;23,9524;122,6959;Tidak
127 km SSE of Honchō, Japan;Honchō;Japan;2025-12-08 21:24:29.915;4,6;326;Sedang;35,0;35.0 km;Dangkal;41,0076;143,2602;Tidak
179 km E of Yamada, Japan;Yamada;Japan;2025-12-08 21:16:47.543;4,4;298;Sedang;10,0;10.0 km;Dangkal;39,5886;144,0274;Tidak
south of the Fiji Islands;The Fiji Islands;South Of The Fiji Islands;2025-12-08 21:16:23.942;4,4;298;Sedang;554,24;554.24 km;Dalam;-23,5326;-179,6245;Tidak
28 km NW of Port-Olry, Vanuatu;Port-Olry;Vanuatu;2025-12-08 21:15:51.302;4,6;326;Sedang;35,0;35.0 km;Dangkal;-14,842;166,9071;Tidak
Kepulauan Babar, Indonesia;Kepulauan Babar;Indonesia;2025-12-08 20:39:39.354;4,5;312;Sedang;147,95;147.95 km;Menengah;-7,1004;129,3514;Tidak
189 km NNE of Colonia, Micronesia;Colonia;Micronesia;2025-12-08 20:31:36.800;5,0;385;Sedang;10,0;10.0 km;Dangkal;11,1719;138,5544;Tidak
140 km S of Honchō, Japan;Honchō;Japan;2025-12-08 19:45:31.833;4,4;298;Sedang;42,57;42.57 km;Dangkal;40,8805;143,1576;Tidak
South Sandwich Islands region;South Sandwich Islands Region;South Sandwich Islands;2025-12-08 19:08:15.348;4,4;298;Sedang;10,0;10.0 km;Dangkal;-58,9813;-24,917;Tidak
128 km S of Honchō, Japan;Honchō;Japan;2025-12-08 19:04:28.308;4,3;284;Sedang;47,89;47.89 km;Dangkal;40,9719;142,9348;Tidak
138 km S of Honchō, Japan;Honchō;Japan;2025-12-08 19:01:10.789;5,1;400;Sedang;31,27;31.27 km;Dangkal;40,902;143,2141;Tidak
126 km S of Honchō, Japan;Honchō;Japan;2025-12-08 18:56:28.321;6,0;554;Tinggi;22,94;22.94 km;Dangkal;40,9948;143,1105;Tidak
South Sandwich Islands region;South Sandwich Islands Region;South Sandwich Islands;2025-12-08 18:41:15.496;5,5;465;Sedang;29,99;29.99 km;Dangkal;-58,8007;-25,4875;Tidak
123 km S of Honchō, Japan;Honchō;Japan;2025-12-08 17:58:28.011;4,8;354;Sedang;44,94;44.94 km;Dangkal;41,0271;143,0895;Tidak
112 km N of Yakutat, Alaska;Yakutat;Alaska;2025-12-08 17:45:35.956;4,5;312;Sedang;7,37;7.37 km;Dangkal;60,5438;-140,1009;Ya
51 km WNW of Muara Bungo, Indonesia;Muara Bungo;Indonesia;2025-12-08 17:34:43.118;4,2;271;Sedang;223,54;223.54 km;Menengah;-1,3244;101,6844;Tidak
181 km SW of Merizo Village, Guam;Merizo Village;Guam;2025-12-08 17:27:30.276;4,4;298;Sedang;10,0;10.0 km;Dangkal;11,9715;143,6466;Tidak
123 km ENE of Hachinohe, Japan;Hachinohe;Japan;2025-12-08 17:12:44.255;4,2;271;Sedang;41,46;41.46 km;Dangkal;41,008;142,7964;Tidak
125 km SSE of Honchō, Japan;Honchō;Japan;2025-12-08 16:20:56.078;4,3;284;Sedang;33,37;33.37 km;Dangkal;41,0304;143,2638;Tidak
98 km S of Honchō, Japan;Honchō;Japan;2025-12-08 16:18:46.966;4,4;298;Sedang;42,96;42.96 km;Dangkal;41,2535;142,6957;Tidak
63 km ENE of Misawa, Japan;Misawa;Japan;2025-12-08 16:08:11.110;4,3;284;Sedang;54,6;54.6 km;Dangkal;40,9678;142,0518;Tidak
134 km S of Honchō, Japan;Honchō;Japan;2025-12-08 15:57:56.306;5,0;385;Sedang;38,82;38.82 km;Dangkal;40,9229;143,0507;Tidak
Davis Strait;Davis Strait;Davis Strait;2025-12-08 15:53:52.594;4,2;271;Sedang;10,0;10.0 km;Dangkal;61,0517;-60,3748;Tidak
107 km ENE of Misawa, Japan;Misawa;Japan;2025-12-08 15:09:56.096;4,3;284;Sedang;35,0;35.0 km;Dangkal;40,9936;142,5987;Tidak
102 km SSW of Urakawa, Japan;Urakawa;Japan;2025-12-08 15:05:33.327;4,1;259;Sedang;33,12;33.12 km;Dangkal;41,2599;142,4695;Tidak
108 km S of Honchō, Japan;Honchō;Japan;2025-12-08 15:03:36.264;4,3;284;Sedang;53,76;53.76 km;Dangkal;41,1559;142,7514;Tidak
180 km SW of Merizo Village, Guam;Merizo Village;Guam;2025-12-08 14:42:54.225;4,6;326;Sedang;10,0;10.0 km;Dangkal;12,2043;143,4037;Tidak
93 km ENE of Hachinohe, Japan;Hachinohe;Japan;2025-12-08 14:33:39.631;5,5;466;Sedang;35,0;35.0 km;Dangkal;40,8889;142,4766;Tidak
2025 Aomori Prefecture, Japan Earthquake;2025 Aomori Prefecture;Japan;2025-12-08 14:15:10.397;7,6;1077;Sangat Tinggi;45,35;45.35 km;Dangkal;40,9966;142,1802;Ya
Mid-Indian Ridge;Mid-Indian Ridge;Mid-Indian Ridge;2025-12-08 13:18:26.796;5,0;385;Sedang;10,0;10.0 km;Dangkal;-24,0769;69,4561;Tidak
32 km SSW of Kabare, Democratic Republic of the Congo;Kabare;Democratic Republic Of The Congo;2025-12-08 12:19:46.311;4,7;340;Sedang;10,0;10.0 km;Dangkal;-2,7764;28,6988;Tidak
56 km NNE of Baukau, Timor Leste;Baukau;Timor Leste;2025-12-08 12:19:42.975;4,5;312;Sedang;10,0;10.0 km;Dangkal;-7,9926;126,6309;Tidak
4 km WSW of Evangelista, Philippines;Evangelista;Philippines;2025-12-08 11:59:13.338;4,6;326;Sedang;10,0;10.0 km;Dangkal;13,3226;121,0611;Tidak
164 km SSE of Alo, Wallis and Futuna;Alo;Wallis And Futuna;2025-12-08 11:48:03.397;4,0;246;Sedang;432,64;432.64 km;Dalam;-15,7059;-177,5942;Tidak
21 km SE of Hualien City, Taiwan;Hualien City;Taiwan;2025-12-08 11:24:54.434;5,2;430;Sedang;10,0;10.0 km;Dangkal;23,8315;121,7444;Tidak
205 km NW of Maubara, Timor Leste;Maubara;Timor Leste;2025-12-08 10:36:48.432;4,1;259;Sedang;559,94;559.94 km;Dalam;-7,3832;123,8029;Tidak
22 km NNE of Muratpaşa, Turkey;Muratpaşa;Turkey;2025-12-08 10:21:33.625;5,1;405;Sedang;110,75;110.75 km;Menengah;37,0861;30,8326;Tidak
37 km WSW of Pārūn, Afghanistan;Pārūn;Afghanistan;2025-12-08 09:41:44.606;4,1;259;Sedang;106,5;106.5 km;Menengah;35,291;70,5468;Tidak
south of the Fiji Islands;The Fiji Islands;South Of The Fiji Islands;2025-12-08 07:50:01.737;4,4;298;Sedang;530,01;530.01 km;Dalam;-24,4481;179,8761;Tidak
south of Tonga;Tonga;South Of Tonga;2025-12-08 07:19:02.625;4,8;354;Sedang;10,0;10.0 km;Dangkal;-26,2693;-175,903;Tidak
2 km NW of Polkowice, Poland;Polkowice;Poland;2025-12-08 05:31:05.283;4,3;284;Sedang;10,0;10.0 km;Dangkal;51,5172;16,0485;Tidak
165 km ENE of Masohi, Indonesia;Masohi;Indonesia;2025-12-08 05:19:06.596;4,4;298;Sedang;10,0;10.0 km;Dangkal;-2,9844;130,4213;Tidak
230 km NNW of Kuril’sk, Russia;Kuril’Sk;Russia;2025-12-08 04:58:25.383;4,4;298;Sedang;359,92;359.92 km;Dalam;47,1643;146,8176;Tidak
76 km SE of Mawlaik, Burma (Myanmar);Mawlaik;Burma (Myanmar);2025-12-08 04:48:51.329;4,2;271;Sedang;94,96;94.96 km;Menengah;23,0944;94,8608;Tidak
32 km ENE of Pueblo Nuevo, Venezuela;Pueblo Nuevo;Venezuela;2025-12-08 02:27:14.174;4,5;312;Sedang;10,0;10.0 km;Dangkal;12,0222;-69,6299;Tidak
171 km SSE of Vilyuchinsk, Russia;Vilyuchinsk;Russia;2025-12-08 01:32:21.643;5,0;385;Sedang;35,0;35.0 km;Dangkal;51,485;159,2599;Tidak
89 km N of Yakutat, Alaska;Yakutat;Alaska;2025-12-08 00:56:50.321;5,8;518;Tinggi;10,0;10.0 km;Dangkal;60,3454;-139,6253;Ya
11 km NW of Göynük, Turkey;Göynük;Turkey;2025-12-08 00:31:56.351;4,6;326;Sedang;10,0;10.0 km;Dangkal;36,7393;30,4636;Tidak
Mariana Islands region;Mariana Islands Region;Mariana Islands;2025-12-07 23:59:58.592;4,3;284;Sedang;10,0;10.0 km;Dangkal;19,9139;146,6582;Tidak
108 km N of Yakutat, Alaska;Yakutat;Alaska;2025-12-07 23:55:02.638;4,8;355;Sedang;5,0;5.0 km;Dangkal;60,5187;-139,9359;Tidak
108 km N of Yakutat, Alaska;Yakutat;Alaska;2025-12-07 23:50:34.061;5,0;386;Sedang;2,12;2.12 km;Dangkal;60,5205;-139,8768;Tidak
4 km NNW of Totoral, Peru;Totoral;Peru;2025-12-07 23:49:15.319;4,2;271;Sedang;118,7;118.7 km;Menengah;-17,372;-70,3834;Tidak
5 km WSW of Palca, Peru;Palca;Peru;2025-12-07 23:14:13.413;4,9;369;Sedang;109,6;109.6 km;Menengah;-17,7869;-70,015;Tidak
9 km N of Armiñón, Spain;Armiñón;Spain;2025-12-07 23:10:22.772;4,0;248;Sedang;10,0;10.0 km;Dangkal;42,8074;-2,8772;Tidak
145 km ESE of Petropavlovsk-Kamchatsky, Russia;Petropavlovsk-Kamchatsky;Russia;2025-12-07 22:58:19.336;4,3;284;Sedang;35,0;35.0 km;Dangkal;52,3754;160,4611;Tidak
24 km S of Acajutla, El Salvador;Acajutla;El Salvador;2025-12-07 22:36:02.504;4,4;298;Sedang;45,32;45.32 km;Dangkal;13,3709;-89,8024;Tidak
99 km SSE of Sand Point, Alaska;Sand Point;Alaska;2025-12-07 22:17:56.912;4,6;326;Sedang;35,0;35.0 km;Dangkal;54,47;-160,1113;Tidak
261 km ENE of Lospalos, Timor Leste;Lospalos;Timor Leste;2025-12-07 21:25:32.531;4,3;284;Sedang;143,86;143.86 km;Menengah;-7,631;129,194;Tidak
44 km SSW of Paurito, Bolivia;Paurito;Bolivia;2025-12-07 21:02:12.462;4,2;271;Sedang;21,33;21.33 km;Dangkal;-18,2742;-63,0447;Tidak
southern Mid-Atlantic Ridge;Southern Mid-Atlantic Ridge;Southern Mid-Atlantic Ridge;2025-12-07 21:01:20.402;4,5;312;Sedang;10,0;10.0 km;Dangkal;-12,5965;-14,8284;Tidak
Volcano Islands, Japan region;Volcano Islands;Japan;2025-12-07 20:42:26.192;4,3;284;Sedang;506,13;506.13 km;Dalam;24,8882;141,467;Tidak
130 km E of Petropavlovsk-Kamchatsky, Russia;Petropavlovsk-Kamchatsky;Russia;2025-12-07 19:58:07.521;4,2;271;Sedang;65,76;65.76 km;Dangkal;53,2208;160,5584;Tidak
26 km NE of Van, Turkey;Van;Turkey;2025-12-07 19:17:31.517;4,4;298;Sedang;18,71;18.71 km;Dangkal;38,684;43,571;Tidak
105 km N of Yakutat, Alaska;Yakutat;Alaska;2025-12-07 18:04:08.308;4,6;327;Sedang;5,77;5.77 km;Dangkal;60,4961;-139,641;Ya
97 km N of Yakutat, Alaska;Yakutat;Alaska;2025-12-07 17:50:27.858;4,3;284;Sedang;5,77;5.77 km;Dangkal;60,4132;-139,4698;Tidak
98 km N of Yakutat, Alaska;Yakutat;Alaska;2025-12-07 17:47:07.235;4,2;271;Sedang;8,44;8.44 km;Dangkal;60,4262;-139,6028;Ya
63 km SE of Severo-Kuril’sk, Russia;Severo-Kuril’Sk;Russia;2025-12-07 17:16:38.158;4,5;312;Sedang;68,47;68.47 km;Dangkal;50,2794;156,7642;Tidak
155 km W of Fakfak, Indonesia;Fakfak;Indonesia;2025-12-07 16:58:52.918;4,5;312;Sedang;40,88;40.88 km;Dangkal;-3,181;130,9218;Tidak
116 km N of Yakutat, Alaska;Yakutat;Alaska;2025-12-07 16:56:27.587;4,6;326;Sedang;5,0;5.0 km;Dangkal;60,5892;-139,9389;Ya
117 km SE of Petropavlovsk-Kamchatsky, Russia;Petropavlovsk-Kamchatsky;Russia;2025-12-07 16:41:26.301;4,9;369;Sedang;57,03;57.03 km;Dangkal;52,367;159,9426;Tidak
70 km SE of Severo-Kuril’sk, Russia;Severo-Kuril’Sk;Russia;2025-12-07 16:34:10.598;5,6;482;Sedang;63,43;63.43 km;Dangkal;50,2408;156,8451;Tidak
266 km W of Adak, Alaska;Adak;Alaska;2025-12-07 15:58:37.587;4,3;284;Sedang;171,37;171.37 km;Menengah;52,1684;179,5168;Tidak
84 km SSE of Champerico, Guatemala;Champerico;Guatemala;2025-12-07 14:37:22.357;4,3;284;Sedang;35,0;35.0 km;Dangkal;13,5555;-91,7177;Tidak
48 km NNW of Port-Olry, Vanuatu;Port-Olry;Vanuatu;2025-12-07 14:33:30.220;4,4;298;Sedang;10,0;10.0 km;Dangkal;-14,6748;166,828;Tidak
41 km WSW of Puerto Cortés, Costa Rica;Puerto Cortés;Costa Rica;2025-12-07 14:20:43.917;4,4;298;Sedang;10,0;10.0 km;Dangkal;8,8865;-83,8971;Tidak
116 km N of Yakutat, Alaska;Yakutat;Alaska;2025-12-07 13:49:07.892;4,3;284;Sedang;5,0;5.0 km;Dangkal;60,5907;-139,9343;Tidak
39 km WNW of Port-Olry, Vanuatu;Port-Olry;Vanuatu;2025-12-07 13:25:12.424;4,9;369;Sedang;33,26;33.26 km;Dangkal;-14,9266;166,7213;Tidak
south of the Fiji Islands;The Fiji Islands;South Of The Fiji Islands;2025-12-07 12:59:33.700;4,4;298;Sedang;196,52;196.52 km;Menengah;-26,3858;-177,7972;Tidak
101 km N of Yakutat, Alaska;Yakutat;Alaska;2025-12-07 12:55:23.572;4,2;271;Sedang;5,0;5.0 km;Dangkal;60,454;-139,5057;Ya
44 km NW of Port-Olry, Vanuatu;Port-Olry;Vanuatu;2025-12-07 12:30:47.422;4,4;298;Sedang;10,0;10.0 km;Dangkal;-14,7201;166,8297;Tidak
254 km SSE of Alo, Wallis and Futuna;Alo;Wallis And Futuna;2025-12-07 12:30:22.204;4,8;354;Sedang;10,0;10.0 km;Dangkal;-16,5086;-177,4203;Tidak
58 km NW of Port-Olry, Vanuatu;Port-Olry;Vanuatu;2025-12-07 12:16:33.041;5,5;465;Sedang;10,0;10.0 km;Dangkal;-14,6843;166,6769;Tidak
60 km NW of Port-Olry, Vanuatu;Port-Olry;Vanuatu;2025-12-07 12:16:14.872;5,2;416;Sedang;10,0;10.0 km;Dangkal;-14,675;166,6608;Tidak
south of the Fiji Islands;The Fiji Islands;South Of The Fiji Islands;2025-12-07 11:32:20.700;4,4;298;Sedang;606,11;606.11 km;Dalam;-22,1436;-179,7559;Tidak
south of the Fiji Islands;The Fiji Islands;South Of The Fiji Islands;2025-12-07 11:26:33.948;4,3;284;Sedang;531,39;531.39 km;Dalam;-23,6241;179,7862;Tidak
144 km SE of Akutan, Alaska;Akutan;Alaska;2025-12-07 11:13:43.286;4,7;340;Sedang;35,0;35.0 km;Dangkal;53,3407;-164,0401;Tidak
116 km N of Yakutat, Alaska;Yakutat;Alaska;2025-12-07 10:32:13.236;4,1;259;Sedang;5,0;5.0 km;Dangkal;60,5908;-139,8039;Tidak
South Sandwich Islands region;South Sandwich Islands Region;South Sandwich Islands;2025-12-07 10:25:57.910;4,5;312;Sedang;10,0;10.0 km;Dangkal;-55,0907;-26,1847;Tidak
110 km N of Yakutat, Alaska;Yakutat;Alaska;2025-12-07 10:13:16.174;4,2;271;Sedang;5,0;5.0 km;Dangkal;60,5334;-139,9125;Tidak
111 km N of Yakutat, Alaska;Yakutat;Alaska;2025-12-07 09:41:57.914;4,4;298;Sedang;5,0;5.0 km;Dangkal;60,5462;-139,9158;Tidak
Izu Islands, Japan region;Izu Islands;Japan;2025-12-07 09:38:12.460;4,7;340;Sedang;95,78;95.78 km;Menengah;32,0967;140,2388;Tidak
145 km WNW of Constitución, Chile;Constitución;Chile;2025-12-07 09:35:45.765;4,4;298;Sedang;10,0;10.0 km;Dangkal;-34,6811;-73,8003;Tidak
108 km NNW of Yakutat, Alaska;Yakutat;Alaska;2025-12-07 09:12:44.890;4,5;312;Sedang;5,0;5.0 km;Dangkal;60,4975;-140,1135;Tidak
111 km N of Yakutat, Alaska;Yakutat;Alaska;2025-12-07 09:12:17.620;4,1;259;Sedang;5,23;5.23 km;Dangkal;60,5344;-140,0104;Tidak
76 km WNW of Port-Olry, Vanuatu;Port-Olry;Vanuatu;2025-12-07 09:08:06.357;4,5;312;Sedang;10,0;10.0 km;Dangkal;-14,8776;166,383;Tidak
145 km SE of Vilyuchinsk, Russia;Vilyuchinsk;Russia;2025-12-07 06:08:19.562;4,5;312;Sedang;51,26;51.26 km;Dangkal;51,8953;159,7051;Tidak
124 km N of Yakutat, Alaska;Yakutat;Alaska;2025-12-07 05:55:51.453;4,2;271;Sedang;5,0;5.0 km;Dangkal;60,659;-139,9129;Tidak
218 km WSW of Tual, Indonesia;Tual;Indonesia;2025-12-07 04:55:53.661;5,2;416;Sedang;35,0;35.0 km;Dangkal;-6,6294;131,0539;Tidak
south of the Fiji Islands;The Fiji Islands;South Of The Fiji Islands;2025-12-07 04:33:50.834;4,6;326;Sedang;544,33;544.33 km;Dalam;-23,6383;179,9884;Tidak
118 km N of Yakutat, Alaska;Yakutat;Alaska;2025-12-07 04:23:14.170;4,3;284;Sedang;5,0;5.0 km;Dangkal;60,6116;-139,8747;Tidak
114 km N of Yakutat, Alaska;Yakutat;Alaska;2025-12-07 04:20:37.162;5,2;417;Sedang;7,32;7.32 km;Dangkal;60,5616;-140,0066;Tidak
102 km N of Yakutat, Alaska;Yakutat;Alaska;2025-12-07 04:19:46.011;4,1;259;Sedang;5,0;5.0 km;Dangkal;60,4612;-139,5581;Ya
70 km SSW of Severo-Kuril’sk, Russia;Severo-Kuril’Sk;Russia;2025-12-07 04:01:10.374;4,7;340;Sedang;100,52;100.52 km;Menengah;50,1038;155,7078;Tidak
3 km N of El Porvenir, Mexico;El Porvenir;Mexico;2025-12-07 03:36:34.332;4,3;284;Sedang;138,85;138.85 km;Menengah;17,5087;-95,2491;Tidak
113 km N of Yakutat, Alaska;Yakutat;Alaska;2025-12-07 03:20:03.604;4,2;271;Sedang;4,0;4.0 km;Dangkal;60,558;-139,9851;Tidak
101 km N of Yakutat, Alaska;Yakutat;Alaska;2025-12-07 03:12:17.410;4,6;326;Sedang;5,0;5.0 km;Dangkal;60,4528;-139,5152;Ya
37 km E of Dārchulā, Nepal;Dārchulā;Nepal;2025-12-07 02:43:07.342;4,4;298;Sedang;43,4;43.4 km;Dangkal;29,8698;80,9384;Tidak
115 km N of Yakutat, Alaska;Yakutat;Alaska;2025-12-07 02:29:03.350;4,2;271;Sedang;5,0;5.0 km;Dangkal;60,5671;-140,0994;Tidak
278 km SSE of Alo, Wallis and Futuna;Alo;Wallis And Futuna;2025-12-07 02:06:30.024;5,1;400;Sedang;10,0;10.0 km;Dangkal;-16,7399;-177,4138;Tidak
100 km N of Yakutat, Alaska;Yakutat;Alaska;2025-12-07 01:56:24.002;4,3;284;Sedang;5,0;5.0 km;Dangkal;60,4444;-139,612;Ya
102 km SE of Severo-Kuril’sk, Russia;Severo-Kuril’Sk;Russia;2025-12-07 01:42:45.446;4,5;312;Sedang;35,0;35.0 km;Dangkal;50,0786;157,2271;Tidak
6 km S of Kalávryta, Greece;Kalávryta;Greece;2025-12-07 01:35:52.841;4,3;284;Sedang;36,34;36.34 km;Dangkal;37,9746;22,0989;Tidak
110 km N of Yakutat, Alaska;Yakutat;Alaska;2025-12-07 01:23:03.945;4,5;312;Sedang;5,0;5.0 km;Dangkal;60,5398;-139,8645;Ya
42 km NE of Colonia, Micronesia;Colonia;Micronesia;2025-12-07 00:54:08.934;4,5;312;Sedang;10,0;10.0 km;Dangkal;9,7333;138,4384;Tidak
69 km E of Nichinan, Japan;Nichinan;Japan;2025-12-07 00:31:41.951;4,5;312;Sedang;44,0;44.0 km;Dangkal;31,6052;132,103;Tidak
118 km E of Yamada, Japan;Yamada;Japan;2025-12-07 00:16:46.480;4,9;370;Sedang;31,71;31.71 km;Dangkal;39,5461;143,3292;Tidak
102 km N of Yakutat, Alaska;Yakutat;Alaska;2025-12-07 00:14:44.214;4,3;284;Sedang;5,0;5.0 km;Dangkal;60,4663;-139,7008;Ya
West Chile Rise;West Chile Rise;West Chile Rise;2025-12-06 23:56:28.198;4,4;298;Sedang;10,0;10.0 km;Dangkal;-41,2745;-86,0338;Tidak
100 km N of Yakutat, Alaska;Yakutat;Alaska;2025-12-06 23:34:00.542;4,4;298;Sedang;5,0;5.0 km;Dangkal;60,4474;-139,5567;Ya
109 km N of Yakutat, Alaska;Yakutat;Alaska;2025-12-06 23:06:29.610;4,3;284;Sedang;5,0;5.0 km;Dangkal;60,5321;-139,7947;Tidak
117 km NNW of Yakutat, Alaska;Yakutat;Alaska;2025-12-06 23:05:47.637;4,0;246;Sedang;5,0;5.0 km;Dangkal;60,5737;-140,208;Tidak
108 km N of Yakutat, Alaska;Yakutat;Alaska;2025-12-06 23:02:12.974;4,4;298;Sedang;3,26;3.26 km;Dangkal;60,5153;-139,8741;Ya
59 km SSW of Hualien City, Taiwan;Hualien City;Taiwan;2025-12-06 22:48:01.373;4,1;259;Sedang;30,69;30.69 km;Dangkal;23,4513;121,4769;Tidak
96 km N of Yakutat, Alaska;Yakutat;Alaska;2025-12-06 22:42:49.630;4,0;246;Sedang;5,0;5.0 km;Dangkal;60,4171;-139,7011;Tidak
111 km N of Yakutat, Alaska;Yakutat;Alaska;2025-12-06 22:34:31.415;4,6;326;Sedang;5,0;5.0 km;Dangkal;60,5381;-139,9552;Tidak
264 km ESE of Severo-Kuril’sk, Russia;Severo-Kuril’Sk;Russia;2025-12-06 22:28:21.492;4,3;284;Sedang;10,0;10.0 km;Dangkal;49,7629;159,5459;Tidak
62 km E of Palca, Peru;Palca;Peru;2025-12-06 22:10:43.475;4,2;271;Sedang;147,36;147.36 km;Menengah;-17,7769;-69,3728;Tidak
98 km N of Yakutat, Alaska;Yakutat;Alaska;2025-12-06 21:49:26.981;4,0;246;Sedang;10,0;10.0 km;Dangkal;60,4319;-139,8495;Tidak
93 km N of Yakutat, Alaska;Yakutat;Alaska;2025-12-06 21:35:22.962;4,0;246;Sedang;10,0;10.0 km;Dangkal;60,3842;-139,5494;Tidak
114 km N of Yakutat, Alaska;Yakutat;Alaska;2025-12-06 21:03:59.523;4,5;312;Sedang;5,0;5.0 km;Dangkal;60,5698;-139,9825;Tidak
117 km NNW of Yakutat, Alaska;Yakutat;Alaska;2025-12-06 21:03:21.203;4,4;298;Sedang;5,0;5.0 km;Dangkal;60,5696;-140,224;Tidak
94 km NNE of Yakutat, Alaska;Yakutat;Alaska;2025-12-06 21:01:31.656;4,1;259;Sedang;8,73;8.73 km;Dangkal;60,3773;-139,393;Tidak
105 km N of Yakutat, Alaska;Yakutat;Alaska;2025-12-06 21:00:12.432;4,4;298;Sedang;5,0;5.0 km;Dangkal;60,493;-139,8571;Tidak
112 km N of Yakutat, Alaska;Yakutat;Alaska;2025-12-06 20:59:51.685;4,3;284;Sedang;5,0;5.0 km;Dangkal;60,5545;-139,7583;Tidak
100 km N of Yakutat, Alaska;Yakutat;Alaska;2025-12-06 20:58:09.530;4,0;246;Sedang;1,5;1.5 km;Dangkal;60,435;-139,448;Tidak
118 km N of Yakutat, Alaska;Yakutat;Alaska;2025-12-06 20:57:37.832;4,6;326;Sedang;5,0;5.0 km;Dangkal;60,5993;-139,9849;Tidak
88 km N of Yakutat, Alaska;Yakutat;Alaska;2025-12-06 20:56:03.961;4,4;298;Sedang;5,0;5.0 km;Dangkal;60,3374;-139,5069;Tidak
96 km N of Yakutat, Alaska;Yakutat;Alaska;2025-12-06 20:54:38.679;4,9;369;Sedang;5,0;5.0 km;Dangkal;60,4092;-139,5694;Tidak
118 km N of Yakutat, Alaska;Yakutat;Alaska;2025-12-06 20:53:31.908;4,0;246;Sedang;5,0;5.0 km;Dangkal;60,6113;-139,793;Tidak
88 km NNE of Yakutat, Alaska;Yakutat;Alaska;2025-12-06 20:51:52.900;5,087666993181132;403;Sedang;10,76;10.76 km;Dangkal;60,31888580322266;-139,35723876953125;Ya
91 km NNE of Yakutat, Alaska;Yakutat;Alaska;2025-12-06 20:49:23.160;4,3;284;Sedang;5,0;5.0 km;Dangkal;60,3517;-139,4116;Tidak
7 km WNW of Kalávryta, Greece;Kalávryta;Greece;2025-12-06 20:48:08.874;4,8;356;Sedang;15,92;15.92 km;Dangkal;38,0628;22,0416;Tidak
98 km NNE of Yakutat, Alaska;Yakutat;Alaska;2025-12-06 20:48:00.377;4,4;298;Sedang;1,47;1.47 km;Dangkal;60,4099;-139,3825;Tidak
93 km NNE of Yakutat, Alaska;Yakutat;Alaska;2025-12-06 20:46:10.622;5,2;416;Sedang;5,0;5.0 km;Dangkal;60,3673;-139,4012;Tidak
2025 Hubbard Glacier Earthquake;2025 Hubbard Glacier Earthquake;2025 Hubbard Glacier;2025-12-06 20:41:48.011;7,0;1103;Sangat Tinggi;5,0;5.0 km;Dangkal;60,308;-139,5486;Ya
82 km ESE of La Tirana, Chile;La Tirana;Chile;2025-12-06 20:20:13.594;4,4;298;Sedang;94,34;94.34 km;Menengah;-20,5563;-68,8995;Tidak
19 km SSE of Ruteng, Indonesia;Ruteng;Indonesia;2025-12-06 20:06:45.816;4,2;271;Sedang;120,53;120.53 km;Menengah;-8,7796;120,5043;Tidak
22 km NE of Kokoda, Papua New Guinea;Kokoda;Papua New Guinea;2025-12-06 19:51:16.548;4,4;298;Sedang;30,38;30.38 km;Dangkal;-8,7344;147,8776;Tidak
255 km SSE of Isangel, Vanuatu;Isangel;Vanuatu;2025-12-06 19:29:11.793;4,4;298;Sedang;101,34;101.34 km;Menengah;-21,5634;170,4573;Tidak
74 km ENE of Petropavlovsk-Kamchatsky, Russia;Petropavlovsk-Kamchatsky;Russia;2025-12-06 18:14:51.940;4,5;312;Sedang;71,82;71.82 km;Menengah;53,3085;159,6693;Tidak
86 km WNW of Hihifo, Tonga;Hihifo;Tonga;2025-12-06 17:38:04.642;4,4;298;Sedang;139,52;139.52 km;Menengah;-15,7458;-174,5699;Tidak
171 km ESE of Petropavlovsk-Kamchatsky, Russia;Petropavlovsk-Kamchatsky;Russia;2025-12-06 16:50:30.057;4,3;284;Sedang;10,0;10.0 km;Dangkal;52,6479;161,0718;Tidak
19 km WSW of Qūchān, Iran;Qūchān;Iran;2025-12-06 16:46:28.050;4,5;312;Sedang;10,0;10.0 km;Dangkal;37,0417;58,3061;Tidak
4 km SSW of Victoria, Philippines;Victoria;Philippines;2025-12-06 15:48:54.971;4,1;259;Sedang;10,0;10.0 km;Dangkal;13,1434;121,2556;Tidak
southern East Pacific Rise;Southern East Pacific Rise;Southern East Pacific Rise;2025-12-06 15:12:19.159;5,1;400;Sedang;10,0;10.0 km;Dangkal;-55,1495;-126,6904;Tidak
Drake Passage;Drake Passage;Drake Passage;2025-12-06 13:24:39.148;4,8;354;Sedang;10,0;10.0 km;Dangkal;-60,1573;-61,6928;Tidak
18 km ESE of Shahritus, Tajikistan;Shahritus;Tajikistan;2025-12-06 13:07:38.410;4,6;326;Sedang;39,82;39.82 km;Dangkal;37,1766;68,3153;Tidak
160 km E of Petropavlovsk-Kamchatsky, Russia;Petropavlovsk-Kamchatsky;Russia;2025-12-06 12:52:28.181;4,1;259;Sedang;28,6;28.6 km;Dangkal;52,8085;160,9717;Tidak
166 km E of Petropavlovsk-Kamchatsky, Russia;Petropavlovsk-Kamchatsky;Russia;2025-12-06 11:12:43.621;4,6;326;Sedang;10,0;10.0 km;Dangkal;52,8181;161,0695;Tidak
11 km SE of Cuauhtémoc, Mexico;Cuauhtémoc;Mexico;2025-12-06 10:48:11.875;4,3;284;Sedang;94,54;94.54 km;Menengah;17,0202;-94,8182;Tidak
205 km SSE of Vilyuchinsk, Russia;Vilyuchinsk;Russia;2025-12-06 10:44:25.473;4,1;259;Sedang;10,0;10.0 km;Dangkal;51,2234;159,5467;Tidak
165 km ESE of Petropavlovsk-Kamchatsky, Russia;Petropavlovsk-Kamchatsky;Russia;2025-12-06 10:31:26.849;4,8;354;Sedang;10,0;10.0 km;Dangkal;52,7715;161,0444;Tidak
159 km ESE of Petropavlovsk-Kamchatsky, Russia;Petropavlovsk-Kamchatsky;Russia;2025-12-06 10:21:21.364;4,6;326;Sedang;31,48;31.48 km;Dangkal;52,5265;160,8204;Tidak
31 km SE of Kushima, Japan;Kushima;Japan;2025-12-06 08:15:00.330;4,3;284;Sedang;52,79;52.79 km;Dangkal;31,2753;131,465;Tidak
260 km ESE of Petropavlovsk-Kamchatsky, Russia;Petropavlovsk-Kamchatsky;Russia;2025-12-06 05:24:31.919;4,2;271;Sedang;10,0;10.0 km;Dangkal;52,5202;162,3847;Tidak
Kermadec Islands, New Zealand;Kermadec Islands;New Zealand;2025-12-06 05:07:19.127;4,7;340;Sedang;10,0;10.0 km;Dangkal;-29,7112;-177,0683;Tidak
108 km SSW of La Gloria, Mexico;La Gloria;Mexico;2025-12-06 04:58:57.570;4,4;298;Sedang;35,0;35.0 km;Dangkal;15,2533;-94,5286;Tidak
113 km S of Koróni, Greece;Koróni;Greece;2025-12-06 04:47:46.431;4,6;326;Sedang;32,23;32.23 km;Dangkal;35,7896;21,752;Tidak
144 km NE of Lospalos, Timor Leste;Lospalos;Timor Leste;2025-12-06 04:03:07.628;4,3;284;Sedang;165,54;165.54 km;Menengah;-7,5002;127,8101;Tidak
15 km SSW of Jurm, Afghanistan;Jurm;Afghanistan;2025-12-06 02:40:28.887;4,2;271;Sedang;156,42;156.42 km;Menengah;36,7425;70,7593;Tidak
159 km ESE of Petropavlovsk-Kamchatsky, Russia;Petropavlovsk-Kamchatsky;Russia;2025-12-06 02:10:26.110;5,1;400;Sedang;13,15;13.15 km;Dangkal;52,5956;160,8653;Tidak
14 km SW of Merizo Village, Guam;Merizo Village;Guam;2025-12-06 01:16:11.581;4,5;313;Sedang;75,89;75.89 km;Menengah;13,1747;144,567;Tidak
85 km W of Tobelo, Indonesia;Tobelo;Indonesia;2025-12-06 00:44:34.405;5,1;400;Sedang;113,58;113.58 km;Menengah;1,6522;127,2482;Tidak
West Chile Rise;West Chile Rise;West Chile Rise;2025-12-05 23:40:53.957;4,6;326;Sedang;10,0;10.0 km;Dangkal;-44,136;-82,1174;Tidak
160 km SSW of Severo-Kuril’sk, Russia;Severo-Kuril’Sk;Russia;2025-12-05 23:28:17.614;4,6;326;Sedang;64,9;64.9 km;Dangkal;49,3278;155,3228;Tidak
31 km W of Pop, Uzbekistan;Pop;Uzbekistan;2025-12-05 21:04:12.668;4,3;285;Sedang;19,22;19.22 km;Dangkal;40,8949;70,7398;Tidak
124 km S of Tambolaka, Indonesia;Tambolaka;Indonesia;2025-12-05 20:42:20.517;5,1;400;Sedang;23,37;23.37 km;Dangkal;-10,5535;119,2458;Tidak
North Atlantic Ocean;North Atlantic Ocean;North Atlantic Ocean;2025-12-05 19:47:23.636;4,9;369;Sedang;10,0;10.0 km;Dangkal;7,0273;-46,2267;Tidak
8 km ESE of Padong, Philippines;Padong;Philippines;2025-12-05 19:37:21.774;4,5;312;Sedang;10,0;10.0 km;Dangkal;18,0289;120,8263;Tidak
201 km SW of José María Morelos, Mexico;José María Morelos;Mexico;2025-12-05 19:33:40.764;5,5;465;Sedang;10,0;10.0 km;Dangkal;18,6143;-106,7426;Tidak
89 km NNW of San Antonio, Puerto Rico;San Antonio;Puerto Rico;2025-12-05 19:32:02.240;4,0;246;Sedang;38,0;38.0 km;Dangkal;19,2611;-67,3546;Tidak
Drake Passage;Drake Passage;Drake Passage;2025-12-05 19:24:33.804;4,7;340;Sedang;10,0;10.0 km;Dangkal;-60,161;-62,1152;Tidak
262 km E of Levuka, Fiji;Levuka;Fiji;2025-12-05 18:23:57.572;4,2;271;Sedang;623,73;623.73 km;Dalam;-18,0508;-178,2073;Tidak
Drake Passage;Drake Passage;Drake Passage;2025-12-05 18:18:48.925;4,5;312;Sedang;10,0;10.0 km;Dangkal;-60,0779;-62,4141;Tidak
33 km N of Chamba, India;Chamba;India;2025-12-05 18:06:37.924;4,0;246;Sedang;18,81;18.81 km;Dangkal;32,8569;76,0845;Tidak
159 km WNW of Jamestown, Saint Helena;Jamestown;Saint Helena;2025-12-05 16:38:27.841;4,3;284;Sedang;10,0;10.0 km;Dangkal;-15,5168;-7,1357;Tidak
196 km SW of José María Morelos, Mexico;José María Morelos;Mexico;2025-12-05 16:22:45.221;4,3;284;Sedang;10,0;10.0 km;Dangkal;18,6541;-106,715;Tidak
131 km S of Lata, Solomon Islands;Lata;Solomon Islands;2025-12-05 16:06:08.302;4,5;312;Sedang;10,0;10.0 km;Dangkal;-11,9095;165,8452;Tidak
79 km SSW of Kýthira, Greece;Kýthira;Greece;2025-12-05 15:49:43.351;4,4;298;Sedang;56,73;56.73 km;Dangkal;35,5092;22,589;Tidak
south of the Fiji Islands;The Fiji Islands;South Of The Fiji Islands;2025-12-05 14:40:33.456;4,6;326;Sedang;10,0;10.0 km;Dangkal;-26,7508;-176,2161;Tidak
151 km E of Petropavlovsk-Kamchatsky, Russia;Petropavlovsk-Kamchatsky;Russia;2025-12-05 12:03:57.332;4,8;354;Sedang;10,0;10.0 km;Dangkal;52,9696;160,8724;Tidak
North Atlantic Ocean;North Atlantic Ocean;North Atlantic Ocean;2025-12-05 11:50:23.985;4,9;369;Sedang;10,0;10.0 km;Dangkal;6,8632;-46,4868;Tidak
139 km SW of Dunhuang, China;Dunhuang;China;2025-12-05 11:48:31.746;4,5;312;Sedang;10,0;10.0 km;Dangkal;39,3411;93,4557;Tidak
47 km ENE of Singaraja, Indonesia;Singaraja;Indonesia;2025-12-05 11:02:08.471;4,4;298;Sedang;219,8;219.8 km;Menengah;-7,9671;115,4959;Tidak
Drake Passage;Drake Passage;Drake Passage;2025-12-05 10:50:20.271;5,5;465;Sedang;10,0;10.0 km;Dangkal;-60,1808;-62,0744;Tidak
3 km ESE of Fuengirola, Spain;Fuengirola;Spain;2025-12-05 09:38:34.929;4,4;299;Sedang;58,51;58.51 km;Dangkal;36,5232;-4,5893;Tidak
41 km SW of San Pedro de Atacama, Chile;San Pedro De Atacama;Chile;2025-12-05 08:15:53.415;4,1;259;Sedang;113,0;113.0 km;Menengah;-23,1259;-68,5298;Tidak
169 km SSE of Vilyuchinsk, Russia;Vilyuchinsk;Russia;2025-12-05 07:59:20.521;4,3;284;Sedang;49,77;49.77 km;Dangkal;51,5189;159,347;Tidak
Kepulauan Babar, Indonesia;Kepulauan Babar;Indonesia;2025-12-05 06:14:35.317;4,3;284;Sedang;126,66;126.66 km;Menengah;-7,2367;129,594;Tidak
140 km ESE of Kimbe, Papua New Guinea;Kimbe;Papua New Guinea;2025-12-05 05:34:35.711;4,5;312;Sedang;10,0;10.0 km;Dangkal;-6,1134;151,271;Tidak
147 km ENE of Petropavlovsk-Kamchatsky, Russia;Petropavlovsk-Kamchatsky;Russia;2025-12-05 04:54:56.683;4,3;284;Sedang;58,33;58.33 km;Dangkal;53,7772;160,4941;Tidak
57 km NW of Madang, Papua New Guinea;Madang;Papua New Guinea;2025-12-05 04:39:56.968;4,6;326;Sedang;156,56;156.56 km;Menengah;-4,879;145,3954;Tidak
125 km NNE of Roxby Downs, Australia;Roxby Downs;Australia;2025-12-05 04:15:48.464;4,1;259;Sedang;10,0;10.0 km;Dangkal;-29,5889;137,5583;Tidak
100 km SSW of Severo-Kuril’sk, Russia;Severo-Kuril’Sk;Russia;2025-12-05 01:52:17.427;4,5;312;Sedang;72,97;72.97 km;Menengah;49,8062;155,7417;Tidak
188 km SSE of Vilyuchinsk, Russia;Vilyuchinsk;Russia;2025-12-04 19:43:05.036;4,7;340;Sedang;35,0;35.0 km;Dangkal;51,359;159,4329;Tidak
Kermadec Islands region;Kermadec Islands Region;Kermadec Islands;2025-12-04 19:13:00.752;5,3;432;Sedang;10,0;10.0 km;Dangkal;-27,495;-176,1569;Tidak
94 km SSE of Vilyuchinsk, Russia;Vilyuchinsk;Russia;2025-12-04 18:32:05.269;4,1;259;Sedang;61,1;61.1 km;Dangkal;52,1637;159,0157;Tidak
South Sandwich Islands region;South Sandwich Islands Region;South Sandwich Islands;2025-12-04 18:16:06.541;4,3;284;Sedang;10,0;10.0 km;Dangkal;-55,7918;-26,7357;Tidak
South of Lombok, Indonesia;Lombok;Indonesia;2025-12-04 17:46:27.614;4,5;312;Sedang;10,0;10.0 km;Dangkal;-11,7572;116,8905;Tidak
South Sandwich Islands region;South Sandwich Islands Region;South Sandwich Islands;2025-12-04 16:17:39.214;4,7;340;Sedang;35,9;35.9 km;Dangkal;-55,3878;-24,7652;Tidak
153 km S of Martapura, Indonesia;Martapura;Indonesia;2025-12-04 14:42:20.991;4,2;271;Sedang;10,0;10.0 km;Dangkal;-4,7912;114,7513;Tidak
78 km WNW of Modisi, Indonesia;Modisi;Indonesia;2025-12-04 13:34:41.940;4,5;312;Sedang;252,17;252.17 km;Menengah;0,7895;123,8201;Tidak
56 km E of Petropavlovsk-Kamchatsky, Russia;Petropavlovsk-Kamchatsky;Russia;2025-12-04 13:18:35.329;4,8;354;Sedang;70,87;70.87 km;Menengah;53,0506;159,4767;Tidak
southern Mid-Atlantic Ridge;Southern Mid-Atlantic Ridge;Southern Mid-Atlantic Ridge;2025-12-04 12:35:56.282;5,1;400;Sedang;10,0;10.0 km;Dangkal;-19,9635;-12,372;Tidak
174 km NW of Panguna, Papua New Guinea;Panguna;Papua New Guinea;2025-12-04 12:16:49.791;4,6;326;Sedang;130,32;130.32 km;Menengah;-5,4173;154,1918;Tidak
southeast of the Loyalty Islands;The Loyalty Islands;Southeast Of The Loyalty Islands;2025-12-04 12:00:04.420;4,3;284;Sedang;10,0;10.0 km;Dangkal;-22,9693;170,5406;Tidak
130 km N of Lobuche, Nepal;Lobuche;Nepal;2025-12-04 11:59:01.015;4,1;259;Sedang;10,0;10.0 km;Dangkal;29,1109;87,0043;Tidak
275 km WNW of Houma, Tonga;Houma;Tonga;2025-12-04 11:42:06.354;4,2;271;Sedang;531,0;531.0 km;Dalam;-20,1441;-177,7104;Tidak
175 km W of Abepura, Indonesia;Abepura;Indonesia;2025-12-04 10:59:56.673;4,1;259;Sedang;25,8;25.8 km;Dangkal;-2,3595;139,0707;Tidak
136 km NNW of Tumxuk, China;Tumxuk;China;2025-12-04 07:44:06.341;5,8;654;Tinggi;9,0;9.0 km;Dangkal;41,0099;78,4441;Tidak
44 km WNW of San Pedro de Atacama, Chile;San Pedro De Atacama;Chile;2025-12-04 07:15:00.427;4,4;298;Sedang;123,32;123.32 km;Menengah;-22,7353;-68,5873;Tidak
133 km NNE of Tobelo, Indonesia;Tobelo;Indonesia;2025-12-04 06:25:34.748;4,3;284;Sedang;222,68;222.68 km;Menengah;2,7818;128,5872;Tidak
69 km W of Sinabang, Indonesia;Sinabang;Indonesia;2025-12-04 06:05:18.349;4,4;298;Sedang;24,56;24.56 km;Dangkal;2,5657;95,7595;Tidak
Pagan region, Northern Mariana Islands;Pagan Region;Northern Mariana Islands;2025-12-04 04:42:55.356;4,8;354;Sedang;87,63;87.63 km;Menengah;18,2905;146,2495;Tidak
Fiji region;Fiji Region;Fiji;2025-12-04 04:31:45.462;5,2;416;Sedang;599,27;599.27 km;Dalam;-21,4912;-179,2237;Tidak
159 km ESE of Modisi, Indonesia;Modisi;Indonesia;2025-12-04 04:23:11.091;5,0;385;Sedang;76,16;76.16 km;Menengah;-0,3169;125,646;Tidak
1 km SW of Santa Gertrudis Miramar, Mexico;Santa Gertrudis Miramar;Mexico;2025-12-04 03:45:09.857;5,2;422;Sedang;67,02;67.02 km;Dangkal;16,0587;-95,4009;Tidak
37 km SE of Tobelo, Indonesia;Tobelo;Indonesia;2025-12-04 03:17:26.676;4,6;326;Sedang;106,21;106.21 km;Menengah;1,4567;128,2043;Tidak
Pacific-Antarctic Ridge;Pacific-Antarctic Ridge;Pacific-Antarctic Ridge;2025-12-04 03:14:35.540;5,1;400;Sedang;10,0;10.0 km;Dangkal;-54,9048;-129,2594;Tidak
Pacific-Antarctic Ridge;Pacific-Antarctic Ridge;Pacific-Antarctic Ridge;2025-12-04 03:12:08.029;5,5;465;Sedang;10,0;10.0 km;Dangkal;-55,3756;-128,1136;Tidak
194 km WSW of Port McNeill, Canada;Port Mcneill;Canada;2025-12-04 02:28:16.666;4,1;259;Sedang;10,0;10.0 km;Dangkal;50,1191;-129,724;Tidak
181 km E of Ozernovskiy, Russia;Ozernovskiy;Russia;2025-12-04 01:57:46.127;4,3;284;Sedang;10,0;10.0 km;Dangkal;51,2104;159,0646;Tidak
37 km NNW of Thang, India;Thang;India;2025-12-04 00:21:31.583;4,2;271;Sedang;10,0;10.0 km;Dangkal;35,2286;76,6052;Tidak
2 km ENE of Dhaka, Bangladesh;Dhaka;Bangladesh;2025-12-04 00:14:40.236;4,1;267;Sedang;10,0;10.0 km;Dangkal;23,7187;90,427;Tidak
38 km NNE of Castlepoint, New Zealand;Castlepoint;New Zealand;2025-12-03 23:17:42.485;4,2;271;Sedang;25,9;25.9 km;Dangkal;-40,583;176,3945;Tidak
32 km ESE of Mangatainoka, New Zealand;Mangatainoka;New Zealand;2025-12-03 22:47:13.075;4,5;312;Sedang;19,73;19.73 km;Dangkal;-40,5048;176,2241;Tidak
59 km ESE of Ozernovskiy, Russia;Ozernovskiy;Russia;2025-12-03 21:56:07.171;4,1;259;Sedang;87,43;87.43 km;Menengah;51,2005;157,2175;Tidak
75 km W of Bojnūrd, Iran;Bojnūrd;Iran;2025-12-03 21:51:46.217;4,1;259;Sedang;10,0;10.0 km;Dangkal;37,4632;56,4799;Tidak
Fiji region;Fiji Region;Fiji;2025-12-03 20:49:33.517;4,1;259;Sedang;560,19;560.19 km;Dalam;-20,2032;-178,1048;Tidak
50 km ESE of Severo-Kuril’sk, Russia;Severo-Kuril’Sk;Russia;2025-12-03 19:10:39.910;4,3;284;Sedang;86,3;86.3 km;Menengah;50,4878;156,7733;Tidak
224 km E of Kokopo, Papua New Guinea;Kokopo;Papua New Guinea;2025-12-03 17:36:42.720;4,7;340;Sedang;10,0;10.0 km;Dangkal;-4,4978;154,2852;Tidak
Kermadec Islands region;Kermadec Islands Region;Kermadec Islands;2025-12-03 16:42:27.392;5,0;385;Sedang;10,0;10.0 km;Dangkal;-31,5476;-178,4085;Tidak
Izu Islands, Japan region;Izu Islands;Japan;2025-12-03 15:54:36.774;4,5;312;Sedang;78,01;78.01 km;Menengah;29,4748;141,4531;Tidak
30 km WNW of Barishal, Pakistan;Barishal;Pakistan;2025-12-03 14:45:20.072;4,4;298;Sedang;35,0;35.0 km;Dangkal;36,4151;74,3758;Tidak
54 km ESE of Onagawa Chō, Japan;Onagawa Chō;Japan;2025-12-03 14:41:01.951;4,4;298;Sedang;57,55;57.55 km;Dangkal;38,3161;142,0482;Tidak
2 km NE of Camotlán de Miraflores, Mexico;Camotlán De Miraflores;Mexico;2025-12-03 14:19:06.476;4,3;284;Sedang;38,42;38.42 km;Dangkal;19,2332;-104,2214;Tidak
198 km SSE of Vilyuchinsk, Russia;Vilyuchinsk;Russia;2025-12-03 14:05:05.807;4,3;284;Sedang;23,64;23.64 km;Dangkal;51,2728;159,4839;Tidak
Vanuatu region;Vanuatu Region;Vanuatu;2025-12-03 14:01:21.937;4,5;312;Sedang;636,78;636.78 km;Dalam;-15,1264;172,3477;Tidak
99 km NNE of Ollagüe, Chile;Ollagüe;Chile;2025-12-03 13:31:15.404;4,1;259;Sedang;156,16;156.16 km;Menengah;-20,3768;-67,9493;Tidak
81 km ESE of Chignik, Alaska;Chignik;Alaska;2025-12-03 13:17:33.286;4,451483061928972;305;Sedang;28,56;28.56 km;Dangkal;56,05329132080078;-157,1608428955078;Tidak
Izu Islands, Japan region;Izu Islands;Japan;2025-12-03 13:04:19.384;4,5;312;Sedang;10,0;10.0 km;Dangkal;31,0262;143,1151;Tidak
204 km W of Tual, Indonesia;Tual;Indonesia;2025-12-03 13:00:49.479;4,4;298;Sedang;118,12;118.12 km;Menengah;-5,7806;130,9141;Tidak
86 km SW of El Arenal, Mexico;El Arenal;Mexico;2025-12-03 12:59:13.374;4,7;340;Sedang;35,0;35.0 km;Dangkal;14,6744;-93,3167;Tidak
192 km WSW of Adak, Alaska;Adak;Alaska;2025-12-03 11:39:37.708;4,2;271;Sedang;35,0;35.0 km;Dangkal;51,138;-179,1438;Tidak
71 km WSW of Vallenar, Chile;Vallenar;Chile;2025-12-03 10:54:06.059;4,3;284;Sedang;35,82;35.82 km;Dangkal;-28,848;-71,4269;Tidak
115 km S of Vilyuchinsk, Russia;Vilyuchinsk;Russia;2025-12-03 09:08:28.633;4,2;271;Sedang;70,04;70.04 km;Menengah;51,8962;158,5115;Tidak
265 km WNW of Houma, Tonga;Houma;Tonga;2025-12-03 07:49:55.033;4,2;271;Sedang;523,17;523.17 km;Dalam;-20,373;-177,7093;Tidak
214 km SSW of Srandakan, Indonesia;Srandakan;Indonesia;2025-12-03 07:06:46.979;4,5;312;Sedang;41,84;41.84 km;Dangkal;-9,7658;109,6044;Tidak
71 km SE of Honchō, Japan;Honchō;Japan;2025-12-03 06:20:22.072;4,2;271;Sedang;49,07;49.07 km;Dangkal;42,3068;144,1851;Tidak
67 km ENE of Khorugh, Tajikistan;Khorugh;Tajikistan;2025-12-03 05:30:07.681;4,2;271;Sedang;187,02;187.02 km;Menengah;37,8111;72,1989;Tidak
107 km SE of Burica, Panama;Burica;Panama;2025-12-03 04:44:52.285;4,3;284;Sedang;10,0;10.0 km;Dangkal;7,2306;-82,3157;Tidak
south of the Fiji Islands;The Fiji Islands;South Of The Fiji Islands;2025-12-03 03:07:32.623;4,5;312;Sedang;532,51;532.51 km;Dalam;-24,6527;179,9802;Tidak
14 km SE of Rāmhormoz, Iran;Rāmhormoz;Iran;2025-12-03 02:15:35.839;4,1;259;Sedang;10,0;10.0 km;Dangkal;31,1827;49,7002;Tidak
208 km E of Levuka, Fiji;Levuka;Fiji;2025-12-03 01:57:12.859;4,6;326;Sedang;552,07;552.07 km;Dalam;-17,7849;-178,7413;Tidak
103 km NW of Talcahuano, Chile;Talcahuano;Chile;2025-12-03 01:53:27.184;4,1;259;Sedang;19,69;19.69 km;Dangkal;-36,0151;-73,8568;Tidak
94 km NW of Talcahuano, Chile;Talcahuano;Chile;2025-12-03 01:42:45.314;4,3;284;Sedang;23,17;23.17 km;Dangkal;-36,0772;-73,7967;Tidak
81 km NW of Talcahuano, Chile;Talcahuano;Chile;2025-12-03 01:26:30.948;4,2;271;Sedang;18,67;18.67 km;Dangkal;-36,2016;-73,7556;Tidak
Fiji region;Fiji Region;Fiji;2025-12-02 23:35:28.675;5,6;482;Sedang;620,0;620.0 km;Dalam;-20,8566;-178,9541;Tidak
68 km S of Pocito, Argentina;Pocito;Argentina;2025-12-02 23:28:31.827;4,4;299;Sedang;37,46;37.46 km;Dangkal;-32,2965;-68,5182;Tidak
174 km NNW of Sola, Vanuatu;Sola;Vanuatu;2025-12-02 22:57:52.961;4,9;369;Sedang;204,12;204.12 km;Menengah;-12,4465;166,8701;Tidak
Kermadec Islands region;Kermadec Islands Region;Kermadec Islands;2025-12-02 19:57:55.245;4,7;340;Sedang;514,85;514.85 km;Dalam;-27,6938;179,4477;Tidak
82 km S of Severo-Kuril’sk, Russia;Severo-Kuril’Sk;Russia;2025-12-02 17:24:19.286;4,4;298;Sedang;70,77;70.77 km;Menengah;49,9351;156,0616;Tidak
42 km SSE of Kieta, Papua New Guinea;Kieta;Papua New Guinea;2025-12-02 16:36:09.806;4,3;284;Sedang;175,2;175.2 km;Menengah;-6,5701;155,7736;Tidak
south of the Fiji Islands;The Fiji Islands;South Of The Fiji Islands;2025-12-02 15:55:35.532;4,3;284;Sedang;220,92;220.92 km;Menengah;-23,1571;-177,567;Tidak
south of the Fiji Islands;The Fiji Islands;South Of The Fiji Islands;2025-12-02 15:49:26.854;4,3;284;Sedang;10,0;10.0 km;Dangkal;-26,5494;-176,1108;Tidak
174 km SE of Hihifo, Tonga;Hihifo;Tonga;2025-12-02 15:24:18.806;4,6;326;Sedang;10,0;10.0 km;Dangkal;-16,8566;-172,4617;Tidak
south of the Fiji Islands;The Fiji Islands;South Of The Fiji Islands;2025-12-02 15:16:09.069;4,3;284;Sedang;10,0;10.0 km;Dangkal;-26,6233;-176,0182;Tidak
3 km WNW of Naic, Philippines;Naic;Philippines;2025-12-02 15:07:51.461;4,4;298;Sedang;221,54;221.54 km;Menengah;14,3289;120,7398;Tidak
129 km E of Petropavlovsk-Kamchatsky, Russia;Petropavlovsk-Kamchatsky;Russia;2025-12-02 14:36:05.246;4,1;259;Sedang;41,15;41.15 km;Dangkal;52,8571;160,5243;Tidak
107 km SW of Fīrūzābād, Iran;Fīrūzābād;Iran;2025-12-02 13:30:04.967;4,2;271;Sedang;10,0;10.0 km;Dangkal;28,2462;51,7119;Tidak
74 km ESE of Bintuni, Indonesia;Bintuni;Indonesia;2025-12-02 13:28:01.116;4,6;326;Sedang;5,05;5.05 km;Dangkal;-2,3276;134,1553;Tidak
96 km ESE of Teluk Dalam, Indonesia;Teluk Dalam;Indonesia;2025-12-02 13:16:24.210;5,1;400;Sedang;49,77;49.77 km;Dangkal;0,337;98,6405;Tidak
7 km WNW of Tecpán Guatemala, Guatemala;Tecpán Guatemala;Guatemala;2025-12-02 12:59:00.340;4,3;284;Sedang;169,27;169.27 km;Menengah;14,7856;-91,0593;Tidak
61 km ESE of Ollagüe, Chile;Ollagüe;Chile;2025-12-02 12:56:46.012;4,3;284;Sedang;211,61;211.61 km;Menengah;-21,363;-67,6842;Tidak
179 km NE of Lospalos, Timor Leste;Lospalos;Timor Leste;2025-12-02 12:30:13.963;4,6;326;Sedang;143,84;143.84 km;Menengah;-7,4197;128,1947;Tidak
94 km SE of Severo-Kuril’sk, Russia;Severo-Kuril’Sk;Russia;2025-12-02 11:10:39.281;5,3;433;Sedang;35,0;35.0 km;Dangkal;50,0773;157,0663;Tidak
53 km ESE of Shimoda, Japan;Shimoda;Japan;2025-12-02 11:07:15.555;4,4;298;Sedang;10,0;10.0 km;Dangkal;34,4938;139,4817;Tidak
5 km N of Sagaing, Burma (Myanmar);Sagaing;Burma (Myanmar);2025-12-02 11:01:09.803;4,8;354;Sedang;10,0;10.0 km;Dangkal;21,9235;95,9869;Tidak
94 km ENE of Nagqu, China;Nagqu;China;2025-12-02 10:56:23.331;4,8;354;Sedang;10,0;10.0 km;Dangkal;31,9102;92,921;Tidak
central Mid-Atlantic Ridge;Central Mid-Atlantic Ridge;Central Mid-Atlantic Ridge;2025-12-02 10:39:41.629;4,3;284;Sedang;10,0;10.0 km;Dangkal;9,452;-40,4419;Tidak
46 km S of Nemuro, Japan;Nemuro;Japan;2025-12-02 10:03:03.596;5,0;385;Sedang;35,0;35.0 km;Dangkal;42,9062;145,5507;Tidak
central Mid-Atlantic Ridge;Central Mid-Atlantic Ridge;Central Mid-Atlantic Ridge;2025-12-02 09:40:59.929;4,4;298;Sedang;10,0;10.0 km;Dangkal;9,5346;-40,5662;Tidak
South Sandwich Islands region;South Sandwich Islands Region;South Sandwich Islands;2025-12-02 09:23:04.488;4,5;312;Sedang;24,48;24.48 km;Dangkal;-59,1111;-25,0092;Tidak
Galapagos Islands, Ecuador region;Galapagos Islands;Ecuador;2025-12-02 08:44:25.979;4,3;284;Sedang;10,0;10.0 km;Dangkal;2,3968;-95,213;Tidak
Galapagos Islands, Ecuador region;Galapagos Islands;Ecuador;2025-12-02 08:36:00.736;4,1;259;Sedang;10,0;10.0 km;Dangkal;2,1406;-95,5696;Tidak
99 km NE of Hihifo, Tonga;Hihifo;Tonga;2025-12-02 08:27:52.812;4,5;312;Sedang;10,0;10.0 km;Dangkal;-15,3238;-173,135;Tidak
central Mid-Atlantic Ridge;Central Mid-Atlantic Ridge;Central Mid-Atlantic Ridge;2025-12-02 08:05:35.252;4,6;326;Sedang;10,0;10.0 km;Dangkal;9,545;-40,4776;Tidak
167 km E of Ozernovskiy, Russia;Ozernovskiy;Russia;2025-12-02 08:02:34.016;4,3;284;Sedang;31,5;31.5 km;Dangkal;51,3829;158,8963;Tidak
central Mid-Atlantic Ridge;Central Mid-Atlantic Ridge;Central Mid-Atlantic Ridge;2025-12-02 07:34:30.673;5,2;416;Sedang;10,0;10.0 km;Dangkal;9,3019;-40,681;Tidak
central Mid-Atlantic Ridge;Central Mid-Atlantic Ridge;Central Mid-Atlantic Ridge;2025-12-02 05:59:28.153;4,6;326;Sedang;10,0;10.0 km;Dangkal;9,4392;-40,5327;Tidak
96 km SE of Severo-Kuril’sk, Russia;Severo-Kuril’Sk;Russia;2025-12-02 05:48:27.203;4,1;259;Sedang;36,54;36.54 km;Dangkal;50,0607;157,0884;Tidak
south of the Fiji Islands;The Fiji Islands;South Of The Fiji Islands;2025-12-02 05:13:57.568;5,0;385;Sedang;10,0;10.0 km;Dangkal;-26,8248;-176,2178;Tidak
16 km NE of Mene Grande, Venezuela;Mene Grande;Venezuela;2025-12-02 04:48:24.805;4,6;326;Sedang;10,0;10.0 km;Dangkal;9,9404;-70,8134;Tidak
63 km E of Severo-Kuril’sk, Russia;Severo-Kuril’Sk;Russia;2025-12-02 04:47:12.940;4,3;284;Sedang;64,78;64.78 km;Dangkal;50,6857;157,0186;Tidak
67 km S of Calama, Chile;Calama;Chile;2025-12-02 02:36:29.347;4,1;259;Sedang;103,36;103.36 km;Menengah;-23,0609;-68,8495;Tidak
central Mid-Atlantic Ridge;Central Mid-Atlantic Ridge;Central Mid-Atlantic Ridge;2025-12-02 02:19:25.484;4,4;298;Sedang;10,0;10.0 km;Dangkal;9,4556;-40,4801;Tidak
central Mid-Atlantic Ridge;Central Mid-Atlantic Ridge;Central Mid-Atlantic Ridge;2025-12-02 02:02:22.428;4,4;298;Sedang;10,0;10.0 km;Dangkal;9,4768;-40,6669;Tidak
40 km S of Teknāf, Bangladesh;Teknāf;Bangladesh;2025-12-02 01:56:31.335;4,1;259;Sedang;10,0;10.0 km;Dangkal;20,4905;92,3253;Tidak
54 km WNW of Panguna, Papua New Guinea;Panguna;Papua New Guinea;2025-12-02 01:56:29.404;4,9;369;Sedang;158,21;158.21 km;Menengah;-6,1955;155,0083;Tidak
102 km WSW of San Antonio de los Cobres, Argentina;San Antonio De Los Cobres;Argentina;2025-12-02 01:48:21.663;4,2;271;Sedang;200,54;200.54 km;Menengah;-24,4318;-67,2982;Tidak
South Sandwich Islands region;South Sandwich Islands Region;South Sandwich Islands;2025-12-02 01:27:59.092;4,5;312;Sedang;10,0;10.0 km;Dangkal;-56,3082;-25,5974;Tidak
177 km SE of Petropavlovsk-Kamchatsky, Russia;Petropavlovsk-Kamchatsky;Russia;2025-12-02 01:09:11.648;4,2;271;Sedang;10,0;10.0 km;Dangkal;51,8742;160,3698;Tidak
south of the Fiji Islands;The Fiji Islands;South Of The Fiji Islands;2025-12-02 01:07:43.274;4,0;246;Sedang;582,44;582.44 km;Dalam;-23,1952;-179,7067;Tidak
192 km SSE of Vilyuchinsk, Russia;Vilyuchinsk;Russia;2025-12-02 00:50:56.754;4,9;369;Sedang;10,0;10.0 km;Dangkal;51,3831;159,6595;Tidak
Mid-Indian Ridge;Mid-Indian Ridge;Mid-Indian Ridge;2025-12-02 00:22:37.747;4,6;326;Sedang;10,0;10.0 km;Dangkal;-10,0596;66,794;Tidak
58 km S of Sand Point, Alaska;Sand Point;Alaska;2025-12-02 00:19:18.196;4,2;272;Sedang;43,06;43.06 km;Dangkal;54,8127;-160,6053;Tidak
29 km WNW of Yuyapichis, Peru;Yuyapichis;Peru;2025-12-01 23:26:58.600;4,9;370;Sedang;108,15;108.15 km;Menengah;-9,5429;-75,2302;Tidak
Kermadec Islands region;Kermadec Islands Region;Kermadec Islands;2025-12-01 23:16:31.045;4,5;312;Sedang;35,0;35.0 km;Dangkal;-27,3275;-176,8501;Tidak
Kermadec Islands region;Kermadec Islands Region;Kermadec Islands;2025-12-01 23:08:04.871;5,2;416;Sedang;35,0;35.0 km;Dangkal;-27,1082;-176,4363;Tidak
43 km NNW of Khandūd, Afghanistan;Khandūd;Afghanistan;2025-12-01 23:05:14.723;4,2;271;Sedang;108,96;108.96 km;Menengah;37,2868;72,0551;Tidak
79 km SE of Atka, Alaska;Atka;Alaska;2025-12-01 22:21:07.810;5,1;401;Sedang;35,0;35.0 km;Dangkal;51,648;-173,4586;Tidak
Izu Islands, Japan region;Izu Islands;Japan;2025-12-01 22:12:22.040;4,4;298;Sedang;10,0;10.0 km;Dangkal;32,5027;142,4884;Tidak
12 km NE of Jericó, Mexico;Jericó;Mexico;2025-12-01 22:11:53.675;4,4;298;Sedang;208,45;208.45 km;Menengah;16,354;-92,8733;Tidak
39 km WSW of San Nicolas, Philippines;San Nicolas;Philippines;2025-12-01 22:11:17.462;4,5;312;Sedang;10,0;10.0 km;Dangkal;14,7587;119,7692;Tidak
Kermadec Islands region;Kermadec Islands Region;Kermadec Islands;2025-12-01 22:07:37.251;4,6;326;Sedang;10,0;10.0 km;Dangkal;-27,1652;-175,9607;Tidak
82 km NE of Tadine, New Caledonia;Tadine;New Caledonia;2025-12-01 21:12:19.958;4,9;370;Sedang;10,0;10.0 km;Dangkal;-21,1132;168,5224;Tidak
58 km WNW of Kirakira, Solomon Islands;Kirakira;Solomon Islands;2025-12-01 20:05:12.930;5,1;400;Sedang;104,58;104.58 km;Menengah;-10,2888;161,4093;Tidak
113 km SE of Bushehr, Iran;Bushehr;Iran;2025-12-01 19:57:09.771;4,1;259;Sedang;10,0;10.0 km;Dangkal;28,1928;51,5983;Tidak
Pagan region, Northern Mariana Islands;Pagan Region;Northern Mariana Islands;2025-12-01 19:18:57.203;4,0;246;Sedang;199,55;199.55 km;Menengah;18,8286;145,2538;Tidak
81 km E of Falam, Burma (Myanmar);Falam;Burma (Myanmar);2025-12-01 18:55:15.922;4,8;356;Sedang;99,3;99.3 km;Menengah;22,8791;94,4717;Tidak
4 km NNE of Bacolod, Philippines;Bacolod;Philippines;2025-12-01 18:32:07.963;4,5;312;Sedang;56,43;56.43 km;Dangkal;8,9656;126,3025;Tidak
244 km E of Levuka, Fiji;Levuka;Fiji;2025-12-01 17:25:37.999;4,1;259;Sedang;596,91;596.91 km;Dalam;-18,0067;-178,3713;Tidak
110 km N of Tobelo, Indonesia;Tobelo;Indonesia;2025-12-01 15:19:33.629;4,3;284;Sedang;73,75;73.75 km;Menengah;2,7113;128,1721;Tidak
239 km SSW of Colonia, Micronesia;Colonia;Micronesia;2025-12-01 15:10:29.365;4,6;326;Sedang;10,0;10.0 km;Dangkal;7,669;136,9808;Tidak
34 km SSE of Tommot, Russia;Tommot;Russia;2025-12-01 14:55:46.105;4,4;298;Sedang;10,0;10.0 km;Dangkal;58,6644;126,4766;Tidak
140 km ESE of Petropavlovsk-Kamchatsky, Russia;Petropavlovsk-Kamchatsky;Russia;2025-12-01 14:07:56.508;4,8;354;Sedang;34,58;34.58 km;Dangkal;52,7494;160,644;Tidak
39 km W of Ollagüe, Chile;Ollagüe;Chile;2025-12-01 12:29:11.180;4,2;271;Sedang;111,33;111.33 km;Menengah;-21,1594;-68,6237;Tidak
69 km SE of Fīrūzābād, Iran;Fīrūzābād;Iran;2025-12-01 12:28:56.247;4,0;246;Sedang;10,0;10.0 km;Dangkal;28,4389;53,1078;Tidak
Kermadec Islands region;Kermadec Islands Region;Kermadec Islands;2025-12-01 10:50:58.507;4,3;284;Sedang;432,14;432.14 km;Dalam;-31,4862;179,8098;Tidak
91 km NE of Petropavlovsk-Kamchatsky, Russia;Petropavlovsk-Kamchatsky;Russia;2025-12-01 09:03:24.226;4,2;271;Sedang;10,0;10.0 km;Dangkal;53,6341;159,6268;Tidak
57 km S of Aitape, Papua New Guinea;Aitape;Papua New Guinea;2025-12-01 08:40:31.294;4,7;340;Sedang;35,0;35.0 km;Dangkal;-3,6493;142,2499;Tidak
154 km E of Beauséjour, Guadeloupe;Beauséjour;Guadeloupe;2025-12-01 07:52:35.724;4,5;312;Sedang;10,0;10.0 km;Dangkal;16,3206;-59,6292;Tidak
280 km NW of Houma, Tonga;Houma;Tonga;2025-12-01 07:07:46.693;4,4;298;Sedang;544,16;544.16 km;Dalam;-19,7558;-177,529;Tidak
Mariana Islands region;Mariana Islands Region;Mariana Islands;2025-12-01 06:59:08.235;4,5;312;Sedang;91,59;91.59 km;Menengah;19,1885;146,2372;Tidak
44 km SW of Sechura, Peru;Sechura;Peru;2025-12-01 06:37:00.570;4,2;271;Sedang;32,6;32.6 km;Dangkal;-5,8617;-81,0816;Tidak
west of Macquarie Island;Macquarie Island;West Of Macquarie Island;2025-12-01 05:42:44.372;4,2;271;Sedang;10,0;10.0 km;Dangkal;-59,0038;149,5291;Tidak
south of the Fiji Islands;The Fiji Islands;South Of The Fiji Islands;2025-12-01 05:29:07.728;4,2;271;Sedang;499,4;499.4 km;Dalam;-25,3374;179,8969;Tidak
20 km E of Jurm, Afghanistan;Jurm;Afghanistan;2025-12-01 04:51:06.704;4,2;271;Sedang;205,6;205.6 km;Menengah;36,8332;71,0559;Tidak
46 km NNW of Bandar Abbas, Iran;Bandar Abbas;Iran;2025-12-01 04:26:20.780;4,4;298;Sedang;10,0;10.0 km;Dangkal;27,585;56,1308;Tidak
227 km E of Levuka, Fiji;Levuka;Fiji;2025-12-01 04:16:55.987;4,3;284;Sedang;578,78;578.78 km;Dalam;-17,9166;-178,544;Tidak
32 km SW of Bahía Solano, Colombia;Bahía Solano;Colombia;2025-12-01 04:05:54.383;4,3;284;Sedang;10,0;10.0 km;Dangkal;5,9851;-77,569;Tidak
South Sandwich Islands region;South Sandwich Islands Region;South Sandwich Islands;2025-12-01 03:30:24.060;4,3;284;Sedang;42,94;42.94 km;Dangkal;-59,4373;-26,0685;Tidak
114 km NW of Neiafu, Tonga;Neiafu;Tonga;2025-12-01 02:54:40.381;4,7;340;Sedang;10,0;10.0 km;Dangkal;-17,829;-174,6388;Tidak
34 km ESE of Aiquile, Bolivia;Aiquile;Bolivia;2025-12-01 02:22:32.779;4,2;271;Sedang;10,0;10.0 km;Dangkal;-18,2947;-64,8709;Tidak
53 km E of Baculin, Philippines;Baculin;Philippines;2025-12-01 01:41:43.796;4,6;326;Sedang;35,0;35.0 km;Dangkal;7,4127;127,0704;Tidak
78 km SW of Challapata, Bolivia;Challapata;Bolivia;2025-12-01 01:37:57.834;4,1;259;Sedang;227,84;227.84 km;Menengah;-19,4176;-67,2761;Tidak
19 km WSW of Urakawa, Japan;Urakawa;Japan;2025-12-01 00:48:01.683;4,6;326;Sedang;57,66;57.66 km;Dangkal;42,0602;142,5913;Tidak
139 km ENE of Masohi, Indonesia;Masohi;Indonesia;2025-11-30 23:16:37.213;4,9;369;Sedang;10,0;10.0 km;Dangkal;-2,9848;130,1828;Tidak
47 km SE of Onagawa Chō, Japan;Onagawa Chō;Japan;2025-11-30 17:25:49.939;4,6;326;Sedang;54,95;54.95 km;Dangkal;38,1966;141,8948;Tidak
Pagan region, Northern Mariana Islands;Pagan Region;Northern Mariana Islands;2025-11-30 16:23:05.446;4,7;340;Sedang;201,51;201.51 km;Menengah;18,8501;145,7151;Tidak
70 km SSW of Severo-Kuril’sk, Russia;Severo-Kuril’Sk;Russia;2025-11-30 15:37:36.796;4,2;271;Sedang;89,47;89.47 km;Menengah;50,0555;155,9105;Tidak
109 km WSW of Neiafu, Tonga;Neiafu;Tonga;2025-11-30 14:49:01.167;4,5;312;Sedang;191,17;191.17 km;Menengah;-18,957;-174,975;Tidak
south of the Fiji Islands;The Fiji Islands;South Of The Fiji Islands;2025-11-30 14:18:30.500;4,2;271;Sedang;10,0;10.0 km;Dangkal;-26,879;-176,0819;Tidak
88 km E of Ozernovskiy, Russia;Ozernovskiy;Russia;2025-11-30 14:06:15.835;4,5;312;Sedang;90,25;90.25 km;Menengah;51,5151;157,7795;Tidak
