place,city,country,magnitude,time,latitude,longitude,depth
"57 km E of Yamada, Japan",Yamada,Japan,4.8,2025-12-30 23:51:37.190,39.5079,142.6174,35.0
"113 km E of Miyako, Japan",Miyako,Japan,4.8,2025-12-30 22:19:47.578,39.6543,143.2604,33.675
"78 km NNE of Gorontalo, Indonesia",Gorontalo,Indonesia,4.5,2025-12-30 20:55:06.720,1.1978,123.3207,10.0
"31 km SE of Boyuibe, Bolivia",Boyuibe,Bolivia,5.3,2025-12-30 20:26:03.769,-20.6709,-63.1117,547.425
"36 km W of Latakia, Syria",Latakia,Syria,4.3,2025-12-30 15:05:31.780,35.509,35.3837,10.0
"63 km SSE of Bireun, Indonesia",Bireun,Indonesia,4.5,2025-12-30 13:43:09.464,4.6444,96.8231,10.0
"53 km ESE of Londres, Argentina",Londres,Argentina,4.2,2025-12-30 13:20:50.091,-27.9545,-66.662,153.104
"80 km SSW of Panguna, Papua New Guinea",Panguna,Papua New Guinea,5.1,2025-12-30 11:22:08.302,-7.0134,155.273,10.0
"256 km E of Levuka, Fiji",Levuka,Fiji,4.6,2025-12-30 10:58:04.342,-18.1437,-178.2655,540.565
"97 km N of Yakutat, Alaska",Yakutat,Alaska,5.1,2025-12-30 10:17:19.219,60.4206,-139.6135,5.005
"62 km W of Vallenar, Chile",Vallenar,Chile,4.0,2025-12-30 09:46:19.631,-28.506,-71.388,27.336
"20 km NNE of Wadomari, Japan",Wadomari,Japan,5.5,2025-12-30 08:12:24.533,27.5468,128.7445,10.0
"62 km ENE of Caucete, Argentina",Caucete,Argentina,4.4,2025-12-30 08:10:43.541,-31.5251,-67.6441,25.915
"242 km E of Levuka, Fiji",Levuka,Fiji,4.6,2025-12-30 06:08:06.584,-17.8925,-178.3999,555.388
Mid-Indian Ridge,Mid-Indian Ridge,Mid-Indian Ridge,5.0,2025-12-30 04:16:18.115,-42.6392,83.5964,10.0
"Pagan region, Northern Mariana Islands",Pagan region,Northern Mariana Islands,4.6,2025-12-30 03:44:01.085,18.2023,145.5359,210.422
"69 km ESE of Shikotan, Russia",Shikotan,Russia,4.5,2025-12-29 22:47:21.032,43.6548,147.5633,35.0
Fiji region,Fiji region,Fiji region,4.8,2025-12-29 21:50:33.341,-20.4113,-178.4544,600.315
"186 km ENE of Levuka, Fiji",Levuka,Fiji,4.2,2025-12-29 19:42:00.657,-17.4563,-179.0489,549.74
"36 km ESE of Afántou, Greece",Afántou,Greece,4.1,2025-12-29 17:00:06.991,36.1124,28.5016,42.846
Mid-Indian Ridge,Mid-Indian Ridge,Mid-Indian Ridge,4.9,2025-12-29 16:39:00.907,-23.5768,69.5152,10.0
"122 km ESE of Bitung, Indonesia",Bitung,Indonesia,4.6,2025-12-29 14:43:00.656,0.9527,126.1152,40.752
"115 km S of Kokopo, Papua New Guinea",Kokopo,Papua New Guinea,5.1,2025-12-29 11:40:02.089,-5.3688,152.4689,10.0
"47 km SE of Ikungi, Tanzania",Ikungi,Tanzania,4.6,2025-12-29 09:51:40.533,-5.3962,35.1013,10.0
"167 km SE of Petropavlovsk-Kamchatsky, Russia",Petropavlovsk-Kamchatsky,Russia,4.7,2025-12-29 05:39:24.848,51.9871,160.3442,10.0
"94 km SW of Ternate, Indonesia",Ternate,Indonesia,4.5,2025-12-29 05:17:56.087,0.2388,126.7404,112.842
"56 km WNW of San Antonio de los Cobres, Argentina",San Antonio de los Cobres,Argentina,4.4,2025-12-29 04:49:28.726,-24.0053,-66.8245,222.054
"259 km E of Levuka, Fiji",Levuka,Fiji,4.4,2025-12-29 02:43:48.375,-18.1779,-178.2385,546.256
"229 km NE of Neiafu, Tonga",Neiafu,Tonga,4.7,2025-12-29 02:18:17.620,-17.4828,-172.1925,10.0
"48 km E of Villa Presidente Frei, Chile",Villa Presidente Frei,Chile,4.1,2025-12-29 02:06:38.379,-33.4641,-70.0595,116.89
"15 km NNW of Susanville, CA",Susanville,CA,4.7,2025-12-29 00:41:14.360,40.547,-120.700833333333,6.78
"42 km W of Puerto Santa, Peru",Puerto Santa,Peru,5.0,2025-12-28 23:19:55.543,-9.0299,-79.0291,68.378
"105 km N of Yakutat, Alaska",Yakutat,Alaska,4.3,2025-12-28 18:50:49.294,60.4944,-139.809,10.0
"115 km S of Hihifo, Tonga",Hihifo,Tonga,4.6,2025-12-28 18:03:50.399,-16.9868,-173.9835,146.745
"153 km S of Severo-Kuril’sk, Russia",Severo-Kuril’sk,Russia,4.6,2025-12-28 13:40:00.956,49.2989,156.0604,54.639
"103 km WSW of San Vicente de Cañete, Peru",San Vicente de Cañete,Peru,4.6,2025-12-28 13:09:38.657,-13.4851,-77.2455,10.0
"136 km SSW of Severo-Kuril’sk, Russia",Severo-Kuril’sk,Russia,4.6,2025-12-28 10:46:27.929,49.5077,155.5501,73.183
"13 km NNW of Berlín, El Salvador",Berlín,El Salvador,4.4,2025-12-28 09:55:25.214,13.6093,-88.5865,186.094
"63 km NE of Khorugh, Tajikistan",Khorugh,Tajikistan,4.3,2025-12-28 09:54:55.890,37.8123,72.1437,129.733
Fiji region,Fiji region,Fiji region,4.5,2025-12-28 08:44:55.797,-20.2763,-178.4757,611.182
"272 km WNW of Houma, Tonga",Houma,Tonga,4.5,2025-12-28 08:16:33.731,-20.4322,-177.8029,540.127
Fiji region,Fiji region,Fiji region,4.8,2025-12-28 08:06:21.533,-20.2604,-178.6674,615.27
"51 km SE of Boca de Yuma, Dominican Republic",Boca de Yuma,Dominican Republic,4.26,2025-12-28 04:59:06.390,18.0925,-68.2255,77.0
South Sandwich Islands region,South Sandwich Islands region,South Sandwich Islands region,5.1,2025-12-28 04:36:20.260,-59.8223,-26.5501,34.378
"122 km N of Yakutat, Alaska",Yakutat,Alaska,4.0,2025-12-28 03:54:52.955,60.636,-139.9856,5.0
"36 km W of Puerto Santa, Peru",Puerto Santa,Peru,6.2,2025-12-28 02:51:50.878,-8.9602,-78.9738,66.413
"43 km NW of Bukittinggi, Indonesia",Bukittinggi,Indonesia,4.6,2025-12-28 02:15:50.516,-0.0529,100.0718,58.494
"34 km NW of Bukittinggi, Indonesia",Bukittinggi,Indonesia,4.6,2025-12-28 02:11:39.271,-0.1226,100.1207,46.27
western Xizang,western Xizang,western Xizang,4.1,2025-12-27 23:21:18.392,35.7534,88.6751,10.0
"82 km ENE of Donggang, Taiwan",Donggang,Taiwan,4.3,2025-12-27 23:03:25.377,22.7214,121.2068,26.055
"Izu Islands, Japan region",Izu Islands,Japan region,4.4,2025-12-27 22:47:58.444,29.6613,142.2648,10.0
Fiji region,Fiji region,Fiji region,4.8,2025-12-27 22:11:47.050,-20.9346,-178.5078,598.436
"95 km SW of Atka, Alaska",Atka,Alaska,4.0,2025-12-27 22:08:24.338,51.5937,-175.1974,45.284
"37 km NNW of Ashkāsham, Afghanistan",Ashkāsham,Afghanistan,4.1,2025-12-27 18:45:14.862,36.9657,71.2996,190.165
"9 km NNE of Mambog, Philippines",Mambog,Philippines,4.7,2025-12-27 18:26:23.590,15.3871,120.0686,65.232
"Izu Islands, Japan region",Izu Islands,Japan region,5.1,2025-12-27 17:44:37.048,29.7455,141.9521,46.141
"35 km ESE of Yilan, Taiwan",Yilan,Taiwan,4.5,2025-12-27 16:45:42.746,24.5968,122.0614,62.797
"63 km W of Ollagüe, Chile",Ollagüe,Chile,4.2,2025-12-27 15:51:58.194,-21.2431,-68.8609,123.671
"32 km ESE of Yilan, Taiwan",Yilan,Taiwan,6.6,2025-12-27 15:05:55.423,24.6727,122.0572,63.0
"9 km WNW of Dhekiajuli, India",Dhekiajuli,India,4.5,2025-12-27 12:42:49.281,26.721,92.3835,38.01
"37 km NW of Añatuya, Argentina",Añatuya,Argentina,5.6,2025-12-27 10:40:49.667,-28.27,-63.1554,588.313
"88 km S of La Tirana, Chile",La Tirana,Chile,4.3,2025-12-27 10:26:04.931,-21.1312,-69.6641,68.913
"34 km NW of Finschhafen, Papua New Guinea",Finschhafen,Papua New Guinea,4.7,2025-12-27 08:18:17.199,-6.3206,147.6422,62.335
"264 km WNW of Houma, Tonga",Houma,Tonga,4.5,2025-12-27 05:45:42.790,-20.1973,-177.6166,500.971
"187 km S of Bengkulu, Indonesia",Bengkulu,Indonesia,4.9,2025-12-27 03:00:17.096,-5.4997,102.2421,10.0
"218 km ESE of Severo-Kuril’sk, Russia",Severo-Kuril’sk,Russia,5.1,2025-12-27 02:25:15.663,49.6163,158.6967,10.0
"189 km S of Bengkulu, Indonesia",Bengkulu,Indonesia,5.2,2025-12-27 01:10:11.763,-5.5079,102.3468,10.0
"49 km W of Végueta, Peru",Végueta,Peru,4.6,2025-12-27 00:35:16.389,-11.0998,-78.0904,37.994
"191 km S of Bengkulu, Indonesia",Bengkulu,Indonesia,5.6,2025-12-27 00:22:31.387,-5.5328,102.3143,10.0
"106 km ESE of Kokopo, Papua New Guinea",Kokopo,Papua New Guinea,5.1,2025-12-26 23:02:25.018,-4.5682,153.2003,88.23
"13 km SW of Obama, Japan",Obama,Japan,4.2,2025-12-26 21:09:36.538,35.3964,135.6562,357.338
"111 km N of Yakutat, Alaska",Yakutat,Alaska,4.2,2025-12-26 21:07:09.470,60.5489,-139.7457,5.0
Fiji region,Fiji region,Fiji region,4.6,2025-12-26 19:27:52.376,-20.6298,-178.552,616.527
"35 km E of Calama, Chile",Calama,Chile,4.5,2025-12-26 19:05:11.476,-22.4972,-68.5805,109.006
south of the Fiji Islands,the Fiji Islands,south of the Fiji Islands,4.8,2025-12-26 16:41:04.648,-26.0168,178.919,568.907
"42 km W of Campo Verde, Peru",Campo Verde,Peru,4.8,2025-12-26 16:31:39.355,-8.4377,-75.1957,128.247
"119 km WNW of Madang, Papua New Guinea",Madang,Papua New Guinea,4.4,2025-12-26 15:29:52.165,-4.8891,144.7642,99.677
"45 km S of Dampit, Indonesia",Dampit,Indonesia,4.4,2025-12-26 14:19:38.249,-8.6255,112.782,132.365
"Izu Islands, Japan region",Izu Islands,Japan region,4.8,2025-12-26 10:44:53.530,29.0357,138.7343,492.571
"38 km WNW of Ollagüe, Chile",Ollagüe,Chile,4.3,2025-12-26 09:50:56.444,-21.0765,-68.5905,128.262
"136 km E of Alo, Wallis and Futuna",Alo,Wallis and Futuna,5.6,2025-12-26 08:36:07.097,-14.4976,-176.8625,10.0
"Izu Islands, Japan region",Izu Islands,Japan region,4.3,2025-12-26 08:03:00.015,30.3457,138.3942,427.731
"37 km NNW of Wewak, Papua New Guinea",Wewak,Papua New Guinea,4.4,2025-12-26 07:59:36.517,-3.2176,143.5499,10.0
"64 km ENE of Blangpidie, Indonesia",Blangpidie,Indonesia,4.2,2025-12-26 07:47:53.383,3.9623,97.3735,9.98
"96 km ENE of Tadine, New Caledonia",Tadine,New Caledonia,4.9,2025-12-26 07:45:39.252,-21.0771,168.6603,10.0
Mid-Indian Ridge,Mid-Indian Ridge,Mid-Indian Ridge,4.7,2025-12-26 07:14:06.513,-16.2898,66.8529,10.0
Mid-Indian Ridge,Mid-Indian Ridge,Mid-Indian Ridge,4.5,2025-12-26 07:12:33.963,-20.8871,68.3582,10.0
"71 km E of Lakatoro, Vanuatu",Lakatoro,Vanuatu,4.1,2025-12-26 05:47:37.666,-16.0559,168.0852,262.614
"48 km NW of Calingasta, Argentina",Calingasta,Argentina,4.4,2025-12-26 05:37:30.177,-31.0094,-69.7696,117.329
"17 km N of Wewak, Papua New Guinea",Wewak,Papua New Guinea,4.6,2025-12-26 05:25:52.737,-3.3888,143.6484,10.0
"79 km ENE of San Pedro de Atacama, Chile",San Pedro de Atacama,Chile,4.2,2025-12-26 04:55:16.225,-22.5211,-67.5523,171.161
Drake Passage,Drake Passage,Drake Passage,5.1,2025-12-26 04:44:01.248,-60.2506,-61.856,10.0
central Mid-Atlantic Ridge,central Mid-Atlantic Ridge,central Mid-Atlantic Ridge,4.6,2025-12-26 03:29:17.836,-0.4948,-20.0117,10.0
south of the Fiji Islands,the Fiji Islands,south of the Fiji Islands,4.4,2025-12-26 03:14:57.302,-23.7781,179.867,539.321
"14 km NNE of Wewak, Papua New Guinea",Wewak,Papua New Guinea,4.1,2025-12-26 03:03:16.450,-3.4284,143.6869,10.0
northern Mid-Atlantic Ridge,northern Mid-Atlantic Ridge,northern Mid-Atlantic Ridge,4.3,2025-12-26 02:13:14.202,52.086,-30.5858,10.0
"176 km SE of Petropavlovsk-Kamchatsky, Russia",Petropavlovsk-Kamchatsky,Russia,4.4,2025-12-26 01:15:21.177,52.1319,160.7323,10.0
"50 km SSE of Severo-Kuril’sk, Russia",Severo-Kuril’sk,Russia,4.3,2025-12-26 01:00:17.223,50.2714,156.439,56.548
"179 km SE of Perryville, Alaska",Perryville,Alaska,4.1,2025-12-26 00:09:46.617,54.837,-157.03,13.5
"174 km SE of Perryville, Alaska",Perryville,Alaska,4.2,2025-12-25 23:38:02.435,54.9129,-157.024,10.0
"27 km NW of Rāpar, India",Rāpar,India,4.6,2025-12-25 23:00:05.421,23.7132,70.4226,10.0
"194 km N of Sola, Vanuatu",Sola,Vanuatu,4.8,2025-12-25 22:29:10.381,-12.128,167.3614,283.635
"40 km N of Finschhafen, Papua New Guinea",Finschhafen,Papua New Guinea,4.3,2025-12-25 21:33:25.825,-6.1929,147.8485,47.888
"49 km SW of Ollagüe, Chile",Ollagüe,Chile,4.0,2025-12-25 21:26:53.042,-21.5415,-68.5951,147.012
"106 km WNW of Waisai, Indonesia",Waisai,Indonesia,4.5,2025-12-25 20:26:16.333,0.1711,129.64,10.0
"175 km W of Tigil’, Russia",Tigil’,Russia,4.9,2025-12-25 19:39:36.800,57.8588,155.7394,10.0
"off the east coast of the Kamchatka Peninsula, Russia",the Kamchatka Peninsula,Russia,4.5,2025-12-25 19:30:23.266,52.4334,163.6378,10.0
"18 km SSW of Kokopo, Papua New Guinea",Kokopo,Papua New Guinea,4.2,2025-12-25 18:52:41.478,-4.5045,152.2189,104.384
"37 km E of Copiapó, Chile",Copiapó,Chile,4.2,2025-12-25 18:24:42.321,-27.3008,-69.956,97.164
"25 km NNW of Castlepoint, New Zealand",Castlepoint,New Zealand,4.5,2025-12-25 18:16:50.284,-40.6856,176.1199,26.146
South Sandwich Islands region,South Sandwich Islands region,South Sandwich Islands region,4.6,2025-12-25 17:15:43.098,-56.0161,-26.5191,34.327
"67 km E of Gorontalo, Indonesia",Gorontalo,Indonesia,4.7,2025-12-25 17:01:45.586,0.5079,123.6649,260.89
"94 km E of Mutsu, Japan",Mutsu,Japan,4.6,2025-12-25 16:25:52.784,41.3153,142.3449,65.477
"99 km E of Yokohama, Japan",Yokohama,Japan,5.6,2025-12-25 16:17:42.710,41.2222,142.418,61.607
"17 km NNW of Yingjiang, China",Yingjiang,China,4.4,2025-12-25 15:19:41.348,24.8622,97.8918,10.0
"133 km SE of Kuril’sk, Russia",Kuril’sk,Russia,4.8,2025-12-25 13:17:02.028,44.302,148.947,52.622
south of the Fiji Islands,the Fiji Islands,south of the Fiji Islands,5.2,2025-12-25 09:57:15.254,-26.4885,-176.3041,10.0
Scotia Sea,Scotia Sea,Scotia Sea,5.0,2025-12-25 08:14:47.473,-61.1379,-36.4424,10.0
"51 km WSW of Atiquipa, Peru",Atiquipa,Peru,4.4,2025-12-25 06:46:03.965,-15.9267,-74.8234,31.464
south of the Fiji Islands,the Fiji Islands,south of the Fiji Islands,4.3,2025-12-25 04:29:35.580,-22.1061,-179.5859,618.35
"191 km SSE of Vilyuchinsk, Russia",Vilyuchinsk,Russia,4.5,2025-12-25 03:00:52.628,51.3119,159.3322,35.0
"197 km NNE of Bitung, Indonesia",Bitung,Indonesia,4.4,2025-12-25 02:48:05.413,3.1126,125.7545,132.816
"2 km SSE of Cepitá, Colombia",Cepitá,Colombia,4.3,2025-12-25 02:38:26.526,6.7302,-72.9652,161.406
"294 km WNW of Houma, Tonga",Houma,Tonga,4.4,2025-12-25 01:50:54.595,-20.3512,-177.9974,554.925
"79 km WSW of Vallenar, Chile",Vallenar,Chile,4.2,2025-12-25 00:38:53.378,-28.8023,-71.5339,28.526
"107 km ESE of Shikotan, Russia",Shikotan,Russia,4.9,2025-12-24 23:00:09.544,43.6166,148.0299,32.101
"226 km SW of Merizo Village, Guam",Merizo Village,Guam,5.1,2025-12-24 22:37:32.301,11.7877,143.2303,10.0
Norwegian Sea,Norwegian Sea,Norwegian Sea,5.1,2025-12-24 22:37:31.187,72.1377,1.2825,10.0
Norwegian Sea,Norwegian Sea,Norwegian Sea,4.4,2025-12-24 21:44:48.887,72.0949,1.0697,10.0
Reykjanes Ridge,Reykjanes Ridge,Reykjanes Ridge,4.9,2025-12-24 21:37:51.147,58.3744,-32.2422,10.0
"17 km SW of Sangay, Philippines",Sangay,Philippines,4.1,2025-12-24 21:05:16.296,6.3202,123.9547,539.225
southeast of the Loyalty Islands,the Loyalty Islands,southeast of the Loyalty Islands,4.3,2025-12-24 20:06:53.948,-22.7731,170.8935,10.0
"81 km ESE of Yujing, Taiwan",Yujing,Taiwan,4.3,2025-12-24 19:41:12.201,22.9072,121.2203,9.13
"67 km SW of Jiquilillo, Nicaragua",Jiquilillo,Nicaragua,4.3,2025-12-24 19:24:49.023,12.3893,-87.9555,52.577
Reykjanes Ridge,Reykjanes Ridge,Reykjanes Ridge,4.6,2025-12-24 18:54:45.060,58.3678,-32.2106,10.0
"218 km SW of Merizo Village, Guam",Merizo Village,Guam,5.7,2025-12-24 15:00:35.225,11.7649,143.364,10.0
"24 km S of Merizo Village, Guam",Merizo Village,Guam,5.0,2025-12-24 13:33:58.121,13.0455,144.6313,50.646
"16 km WNW of La Ligua, Chile",La Ligua,Chile,4.2,2025-12-24 12:18:18.838,-32.4057,-71.3988,45.214
"177 km W of Neiafu, Tonga",Neiafu,Tonga,4.4,2025-12-24 12:12:18.353,-18.6761,-175.6667,275.894
south of the Fiji Islands,the Fiji Islands,south of the Fiji Islands,4.5,2025-12-24 11:34:39.326,-24.1726,179.993,529.106
"100 km SSW of Atka, Alaska",Atka,Alaska,4.8,2025-12-24 10:57:04.439,51.4172,-174.9359,41.684
"2025 Taitung, Taiwan Earthquake",2025 Taitung,Taiwan Earthquake,6.0,2025-12-24 09:47:06.464,22.8505,121.2069,10.0
"16 km SSW of Calama, Chile",Calama,Chile,4.3,2025-12-24 06:10:11.196,-22.5911,-68.9864,110.713
"127 km E of Barcelona, Philippines",Barcelona,Philippines,4.7,2025-12-24 05:50:52.056,8.3761,127.5725,10.0
"92 km SSE of Bengkulu, Indonesia",Bengkulu,Indonesia,4.8,2025-12-24 05:30:31.703,-4.6197,102.4545,59.634
"92 km N of Bamboo Flat, India",Bamboo Flat,India,4.8,2025-12-24 04:09:47.643,12.5373,92.7114,35.0
"33 km N of Kandrian, Papua New Guinea",Kandrian,Papua New Guinea,4.0,2025-12-24 03:12:29.653,-5.9028,149.5503,135.275
"149 km WSW of Al Mindak, Saudi Arabia",Al Mindak,Saudi Arabia,4.3,2025-12-24 03:00:24.262,19.6484,39.9586,10.0
south of the Fiji Islands,the Fiji Islands,south of the Fiji Islands,4.1,2025-12-24 02:53:23.684,-23.7281,179.9978,548.993
Fiji region,Fiji region,Fiji region,4.3,2025-12-24 02:26:39.251,-18.0233,-177.7486,626.135
"183 km ENE of Tokār, Sudan",Tokār,Sudan,4.5,2025-12-24 01:55:53.268,19.2908,39.2095,10.0
"23 km WNW of La Ligua, Chile",La Ligua,Chile,4.5,2025-12-24 01:05:20.681,-32.3643,-71.4542,51.045
"103 km SE of Bushehr, Iran",Bushehr,Iran,4.1,2025-12-23 22:43:05.916,28.3188,51.6007,10.0
"38 km NNE of Port-Olry, Vanuatu",Port-Olry,Vanuatu,5.6,2025-12-23 20:41:59.526,-14.7032,167.1651,170.96
south of the Fiji Islands,the Fiji Islands,south of the Fiji Islands,4.5,2025-12-23 20:32:22.119,-25.0349,179.7554,514.931
"206 km SSE of Vilyuchinsk, Russia",Vilyuchinsk,Russia,4.6,2025-12-23 20:03:29.010,51.1924,159.475,10.0
"182 km SE of Severo-Kuril’sk, Russia",Severo-Kuril’sk,Russia,4.7,2025-12-23 19:49:16.528,49.6145,158.0676,10.0
"84 km W of San Antonio de los Cobres, Argentina",San Antonio de los Cobres,Argentina,4.1,2025-12-23 17:52:33.410,-24.2731,-67.1443,157.292
"60 km E of Petropavlovsk-Kamchatsky, Russia",Petropavlovsk-Kamchatsky,Russia,4.4,2025-12-23 15:04:43.098,53.0792,159.5291,78.401
"140 km E of Fangale’ounga, Tonga",Fangale’ounga,Tonga,4.5,2025-12-23 14:19:38.088,-19.5287,-173.008,10.0
"134 km WNW of Neiafu, Tonga",Neiafu,Tonga,4.5,2025-12-23 13:20:56.124,-18.1414,-175.1362,182.375
"93 km ESE of Shikotan, Russia",Shikotan,Russia,4.2,2025-12-23 13:19:30.985,43.3943,147.7436,45.258
South Sandwich Islands region,South Sandwich Islands region,South Sandwich Islands region,4.9,2025-12-23 12:16:25.964,-58.4066,-23.4475,10.0
"72 km SE of Ambon, Indonesia",Ambon,Indonesia,4.5,2025-12-23 11:22:09.935,-4.1352,128.6654,12.598
"119 km NNW of Finschhafen, Papua New Guinea",Finschhafen,Papua New Guinea,5.2,2025-12-23 09:54:53.027,-5.5727,147.4108,196.726
"163 km S of Ōyama, Japan",Ōyama,Japan,5.2,2025-12-23 09:44:21.788,33.1492,137.9363,336.946
"89 km WSW of Puerto Madero, Mexico",Puerto Madero,Mexico,4.2,2025-12-23 09:09:25.878,14.4288,-93.1924,34.589
"27 km S of Hualien City, Taiwan",Hualien City,Taiwan,4.8,2025-12-23 07:46:09.541,23.7299,121.6344,35.977
"280 km E of Levuka, Fiji",Levuka,Fiji,4.3,2025-12-23 06:26:30.149,-18.5095,-178.0743,465.66
"120 km E of Pirallahı, Azerbaijan",Pirallahı,Azerbaijan,5.1,2025-12-23 04:32:35.126,40.6877,51.7147,57.097
West Chile Rise,West Chile Rise,West Chile Rise,4.9,2025-12-23 04:31:28.369,-41.2519,-84.6348,10.0
"54 km NNE of Sape, Indonesia",Sape,Indonesia,4.4,2025-12-23 04:10:35.099,-8.1053,119.1657,9.121
Kermadec Islands region,Kermadec Islands region,Kermadec Islands region,4.7,2025-12-23 03:54:56.188,-27.4541,-176.2772,10.0
"15 km NNW of Ollagüe, Chile",Ollagüe,Chile,4.8,2025-12-22 22:04:48.555,-21.1064,-68.3349,131.541
"6 km SSE of Kéfalos, Greece",Kéfalos,Greece,4.2,2025-12-22 21:09:20.177,36.6911,26.9985,146.168
"12 km W of Hiroo, Japan",Hiroo,Japan,4.2,2025-12-22 20:03:48.432,42.2758,143.1513,65.468
"Kermadec Islands, New Zealand",Kermadec Islands,New Zealand,4.5,2025-12-22 19:16:07.570,-30.8182,-178.3896,42.415
"223 km NNE of Palu, Indonesia",Palu,Indonesia,4.6,2025-12-22 18:45:41.373,0.9916,120.5479,596.654
"44 km W of Kandrian, Papua New Guinea",Kandrian,Papua New Guinea,4.6,2025-12-22 18:03:23.345,-6.2539,149.149,55.607
"90 km SW of San Juan del Sur, Nicaragua",San Juan del Sur,Nicaragua,4.3,2025-12-22 17:53:52.373,10.7865,-86.5548,10.0
"179 km WSW of Tual, Indonesia",Tual,Indonesia,4.6,2025-12-22 17:29:00.598,-6.1896,131.2316,67.326
"270 km W of Houma, Tonga",Houma,Tonga,4.8,2025-12-22 16:02:32.022,-21.1078,-177.9085,436.665
"45 km NNE of Luang Namtha, Laos",Luang Namtha,Laos,4.3,2025-12-22 15:45:59.017,21.3014,101.6237,10.0
"107 km N of Yakutat, Alaska",Yakutat,Alaska,4.4,2025-12-22 14:59:47.300,60.5035,-140.0028,5.0
"198 km ESE of Kimbe, Papua New Guinea",Kimbe,Papua New Guinea,4.9,2025-12-22 14:00:22.479,-6.2285,151.7986,10.0
"154 km NNE of Hirara, Japan",Hirara,Japan,4.9,2025-12-22 12:38:09.746,25.9918,126.0972,92.397
"98 km N of Beitanzhuang, China",Beitanzhuang,China,4.6,2025-12-22 12:31:20.713,39.3959,114.3469,10.0
"87 km E of Petropavlovsk-Kamchatsky, Russia",Petropavlovsk-Kamchatsky,Russia,4.3,2025-12-22 11:18:51.026,52.957,159.9218,63.834
"45 km NNE of Goroka, Papua New Guinea",Goroka,Papua New Guinea,6.5,2025-12-22 10:31:27.918,-5.7036,145.5368,107.0
"129 km NW of Ternate, Indonesia",Ternate,Indonesia,4.1,2025-12-22 10:05:15.480,1.4709,126.4328,58.006
"121 km E of Antofagasta, Chile",Antofagasta,Chile,4.2,2025-12-22 05:36:42.239,-23.5856,-69.2109,89.651
"90 km WSW of Puerto Madero, Mexico",Puerto Madero,Mexico,4.6,2025-12-22 02:23:25.126,14.3621,-93.1747,35.0
"93 km WSW of Puerto Madero, Mexico",Puerto Madero,Mexico,5.2,2025-12-22 02:20:23.189,14.3488,-93.1966,35.0
"144 km E of Barcelona, Philippines",Barcelona,Philippines,4.6,2025-12-22 01:14:13.210,8.3905,127.7205,10.0
South Sandwich Islands region,South Sandwich Islands region,South Sandwich Islands region,4.6,2025-12-22 01:07:54.126,-55.2482,-27.3675,10.0
"10 km S of Iwaizumi, Japan",Iwaizumi,Japan,4.4,2025-12-21 23:33:04.804,39.7525,141.8182,67.302
"144 km SSW of Kokopo, Papua New Guinea",Kokopo,Papua New Guinea,5.3,2025-12-21 23:07:31.620,-5.5392,151.7495,49.595
"271 km N of Saipan, Northern Mariana Islands",Saipan,Northern Mariana Islands,4.8,2025-12-21 22:26:57.880,17.6459,146.0746,132.366
South Sandwich Islands region,South Sandwich Islands region,South Sandwich Islands region,4.8,2025-12-21 22:25:37.235,-55.3529,-27.4001,15.923
south of Africa,Africa,south of Africa,4.5,2025-12-21 21:45:03.768,-53.5331,24.905,10.0
"157 km E of Yigo Village, Guam",Yigo Village,Guam,4.5,2025-12-21 21:40:40.916,13.3812,146.3363,10.0
"112 km N of Yakutat, Alaska",Yakutat,Alaska,4.1,2025-12-21 21:26:14.066,60.5542,-139.7581,5.0
"114 km WNW of Aykol, China",Aykol,China,4.2,2025-12-21 21:16:45.732,41.3075,78.8586,10.0
"110 km S of Honchō, Japan",Honchō,Japan,4.3,2025-12-21 19:32:37.107,41.143,143.0842,41.623
"141 km E of Barcelona, Philippines",Barcelona,Philippines,5.6,2025-12-21 17:53:56.762,8.3269,127.7059,9.0
"84 km SW of Jiquilillo, Nicaragua",Jiquilillo,Nicaragua,4.4,2025-12-21 17:41:57.173,12.1739,-87.9686,38.535
"122 km W of Kirakira, Solomon Islands",Kirakira,Solomon Islands,4.9,2025-12-21 17:10:30.328,-10.385,160.8038,13.993
"295 km ENE of Lospalos, Timor Leste",Lospalos,Timor Leste,4.3,2025-12-21 17:03:00.569,-7.1723,129.3087,151.324
"136 km SE of Kuril’sk, Russia",Kuril’sk,Russia,4.4,2025-12-21 16:45:44.243,44.4729,149.2385,61.717
"95 km SW of Jiquilillo, Nicaragua",Jiquilillo,Nicaragua,4.2,2025-12-21 16:33:53.708,12.0948,-88.0283,35.0
"Izu Islands, Japan region",Izu Islands,Japan region,4.1,2025-12-21 15:50:42.739,30.0004,138.8563,408.142
"148 km SSW of Kokopo, Papua New Guinea",Kokopo,Papua New Guinea,4.9,2025-12-21 14:23:33.447,-5.63,151.8978,53.45
"7 km ENE of Neiva, Colombia",Neiva,Colombia,4.1,2025-12-21 14:05:32.344,2.9645,-75.2202,58.194
Balleny Islands region,Balleny Islands region,Balleny Islands region,5.0,2025-12-21 13:12:47.995,-61.9909,161.4223,10.0
"42 km WNW of Ollagüe, Chile",Ollagüe,Chile,4.2,2025-12-21 12:47:02.381,-21.1315,-68.65,127.618
"129 km E of Bitung, Indonesia",Bitung,Indonesia,5.6,2025-12-21 12:21:46.994,1.4656,126.2882,54.947
"155 km ESE of San Jose Village, Northern Mariana Islands",San Jose Village,Northern Mariana Islands,4.5,2025-12-21 10:17:41.838,14.3872,146.9368,10.0
"91 km ESE of Hualien City, Taiwan",Hualien City,Taiwan,4.4,2025-12-21 10:00:41.219,23.7708,122.4699,10.0
"281 km WNW of Bandon, Oregon",Bandon,Oregon,4.5,2025-12-21 09:57:17.089,43.7845,-127.7688,10.0
Kermadec Islands region,Kermadec Islands region,Kermadec Islands region,4.5,2025-12-21 09:46:29.902,-28.9279,-176.8872,10.0
"Izu Islands, Japan region",Izu Islands,Japan region,4.4,2025-12-21 09:36:03.915,30.1906,138.642,432.202
"43 km WNW of Campo Verde, Peru",Campo Verde,Peru,4.1,2025-12-21 08:23:27.130,-8.3905,-75.191,128.482
"24 km S of Serrezuela, Argentina",Serrezuela,Argentina,4.8,2025-12-21 07:02:23.128,-30.8559,-65.4179,189.828
"140 km SE of Hasaki, Japan",Hasaki,Japan,5.1,2025-12-21 06:58:47.794,34.7697,141.8354,10.0
"32 km SSE of Isen, Japan",Isen,Japan,4.2,2025-12-21 06:51:40.730,27.4102,129.0743,38.417
"90 km SSW of Severo-Kuril’sk, Russia",Severo-Kuril’sk,Russia,4.0,2025-12-21 06:40:08.854,49.8811,155.8327,93.441
"250 km ENE of Lospalos, Timor Leste",Lospalos,Timor Leste,4.5,2025-12-21 05:41:58.397,-7.3365,128.9356,151.05
"142 km SSW of Kokopo, Papua New Guinea",Kokopo,Papua New Guinea,5.2,2025-12-21 05:25:25.421,-5.5625,151.8606,33.352
"30 km SE of Rasht, Tajikistan",Rasht,Tajikistan,4.8,2025-12-21 05:15:04.388,38.8378,70.6248,10.0
"102 km ESE of Shikotan, Russia",Shikotan,Russia,4.4,2025-12-21 05:14:39.139,43.4728,147.9039,44.501
"78 km ESE of Shikotan, Russia",Shikotan,Russia,4.7,2025-12-21 04:47:09.318,43.5908,147.6524,35.0
"106 km ESE of Shikotan, Russia",Shikotan,Russia,5.0,2025-12-21 04:03:38.795,43.3719,147.8962,10.0
"106 km N of Yakutat, Alaska",Yakutat,Alaska,4.4,2025-12-21 04:02:33.052,60.4953,-139.895,5.0
"206 km SW of Tual, Indonesia",Tual,Indonesia,5.2,2025-12-21 04:02:08.814,-6.7257,131.238,35.0
"103 km ESE of Shikotan, Russia",Shikotan,Russia,5.0,2025-12-21 03:52:40.794,43.4104,147.8847,35.0
"114 km ESE of Shikotan, Russia",Shikotan,Russia,5.2,2025-12-21 03:47:59.694,43.382,148.0115,10.0
"101 km ESE of Shikotan, Russia",Shikotan,Russia,4.3,2025-12-21 03:46:01.364,43.5793,147.9402,35.0
"90 km ESE of Shikotan, Russia",Shikotan,Russia,4.8,2025-12-21 03:33:44.321,43.5394,147.7812,35.0
"137 km ESE of Shikotan, Russia",Shikotan,Russia,4.3,2025-12-21 03:10:44.799,43.2082,148.2215,10.0
"81 km NE of Cabatuan, Philippines",Cabatuan,Philippines,4.2,2025-12-21 02:49:08.341,13.0963,125.6848,10.0
"222 km E of Levuka, Fiji",Levuka,Fiji,4.1,2025-12-21 02:26:10.670,-18.0377,-178.5833,624.307
"83 km ESE of Shikotan, Russia",Shikotan,Russia,5.1,2025-12-21 02:05:38.318,43.5958,147.717,35.0
"57 km ENE of Misawa, Japan",Misawa,Japan,5.4,2025-12-21 01:29:03.535,40.8014,142.0514,57.224
South Sandwich Islands region,South Sandwich Islands region,South Sandwich Islands region,4.5,2025-12-21 01:12:10.804,-58.3225,-24.8998,24.446
"90 km NE of Shikotan, Russia",Shikotan,Russia,4.4,2025-12-21 00:33:24.945,44.4737,147.3609,78.09
"86 km ESE of Shikotan, Russia",Shikotan,Russia,4.9,2025-12-21 00:26:01.790,43.5603,147.7479,35.0
"88 km ESE of Shikotan, Russia",Shikotan,Russia,5.0,2025-12-21 00:22:26.331,43.6227,147.7912,56.31
"100 km ESE of Shikotan, Russia",Shikotan,Russia,4.9,2025-12-21 00:19:01.633,43.5316,147.9119,10.0
"241 km NNE of Hicks Bay, New Zealand",Hicks Bay,New Zealand,4.1,2025-12-21 00:02:02.080,-35.5154,179.0807,10.0
"91 km ESE of Shikotan, Russia",Shikotan,Russia,4.8,2025-12-20 23:46:28.368,43.6347,147.8298,10.0
"12 km WSW of Amorgós, Greece",Amorgós,Greece,4.0,2025-12-20 23:13:56.133,36.7861,25.7763,10.0
"147 km E of Masamba, Indonesia",Masamba,Indonesia,4.3,2025-12-20 22:59:23.031,-2.5442,121.6574,10.0
"43 km SW of Ialibu, Papua New Guinea",Ialibu,Papua New Guinea,4.3,2025-12-20 21:20:59.818,-6.5413,143.6982,29.89
south of Africa,Africa,south of Africa,4.5,2025-12-20 20:31:52.554,-52.3544,28.0513,10.0
"108 km SSE of Colchane, Chile",Colchane,Chile,5.3,2025-12-20 20:30:24.856,-20.1183,-68.1067,151.442
"14 km WSW of Punta de Bombón, Peru",Punta de Bombón,Peru,4.2,2025-12-20 20:11:16.949,-17.2313,-71.9149,72.708
"99 km SSW of Houma, Tonga",Houma,Tonga,4.9,2025-12-20 19:08:24.570,-22.001,-175.6772,73.286
South Sandwich Islands region,South Sandwich Islands region,South Sandwich Islands region,4.2,2025-12-20 18:27:50.653,-60.2994,-25.4834,10.0
"90 km W of Tobelo, Indonesia",Tobelo,Indonesia,4.0,2025-12-20 16:49:32.662,1.6029,127.2081,99.575
Balleny Islands region,Balleny Islands region,Balleny Islands region,4.3,2025-12-20 16:20:59.602,-63.458,173.854,10.0
"95 km W of San Jose Village, Northern Mariana Islands",San Jose Village,Northern Mariana Islands,4.1,2025-12-20 15:51:17.597,14.9206,144.7328,17.607
off the coast of Oregon,Oregon,off the coast of Oregon,4.3,2025-12-20 14:05:09.324,43.9588,-128.6435,10.0
"223 km SSE of Vilyuchinsk, Russia",Vilyuchinsk,Russia,4.4,2025-12-20 13:40:11.329,51.081,159.6891,10.0
"159 km SSW of Pagar Alam, Indonesia",Pagar Alam,Indonesia,4.6,2025-12-20 13:13:26.934,-5.2321,102.4614,34.436
"70 km SSE of Nemuro, Japan",Nemuro,Japan,5.2,2025-12-20 12:58:54.590,42.752,145.9512,35.0
"25 km SSW of Puerto Cortés, Costa Rica",Puerto Cortés,Costa Rica,4.1,2025-12-20 12:43:51.342,8.7445,-83.5964,36.54
"75 km SE of Nemuro, Japan",Nemuro,Japan,4.8,2025-12-20 12:33:54.746,42.7784,146.1329,30.408
"75 km SSE of Nemuro, Japan",Nemuro,Japan,5.3,2025-12-20 12:30:32.222,42.7172,145.9797,41.616
"126 km W of Gorontalo, Indonesia",Gorontalo,Indonesia,5.0,2025-12-20 10:33:26.018,0.4908,121.9251,121.632
Balleny Islands region,Balleny Islands region,Balleny Islands region,5.3,2025-12-20 10:25:03.976,-63.7108,172.3365,10.0
Kermadec Islands region,Kermadec Islands region,Kermadec Islands region,4.6,2025-12-20 07:31:40.449,-30.9679,-179.3514,199.19
south of the Fiji Islands,the Fiji Islands,south of the Fiji Islands,4.1,2025-12-20 07:12:32.160,-24.3772,179.9373,531.152
Balleny Islands region,Balleny Islands region,Balleny Islands region,5.6,2025-12-20 06:57:09.754,-63.8087,172.771,10.0
"61 km NE of Calingasta, Argentina",Calingasta,Argentina,4.3,2025-12-20 06:29:36.545,-30.9601,-68.9483,112.498
south of the Fiji Islands,the Fiji Islands,south of the Fiji Islands,4.2,2025-12-20 05:55:36.733,-25.384,179.6597,520.876
"24 km NE of Santa Monica, Philippines",Santa Monica,Philippines,4.5,2025-12-20 05:52:31.330,10.1964,126.1748,10.0
"55 km ESE of Shikotan, Russia",Shikotan,Russia,4.3,2025-12-20 05:33:35.761,43.5911,147.3447,55.299
"8 km NW of Jand, Pakistan",Jand,Pakistan,4.3,2025-12-20 04:37:15.458,33.4962,71.9641,10.0
"186 km SE of Vilyuchinsk, Russia",Vilyuchinsk,Russia,4.4,2025-12-20 02:50:34.655,51.7563,160.359,10.0
"43 km SE of Unalaska, Alaska",Unalaska,Alaska,4.3,2025-12-20 01:16:09.101,53.5883,-166.0881,54.025
"182 km SE of Vilyuchinsk, Russia",Vilyuchinsk,Russia,4.9,2025-12-20 00:24:53.729,51.7074,160.1951,22.427
"53 km SW of Panguna, Papua New Guinea",Panguna,Papua New Guinea,4.4,2025-12-19 23:07:25.838,-6.6746,155.1661,10.0
"32 km NW of Archidona, Ecuador",Archidona,Ecuador,5.1,2025-12-19 21:59:54.515,-0.7114,-78.0227,10.0
"78 km S of Severo-Kuril’sk, Russia",Severo-Kuril’sk,Russia,4.4,2025-12-19 21:51:26.555,49.9822,155.9471,76.485
"113 km E of Miyako, Japan",Miyako,Japan,4.7,2025-12-19 21:40:07.401,39.7195,143.2649,36.166
"26 km WNW of Agat Village, Guam",Agat Village,Guam,4.0,2025-12-19 20:56:47.335,13.4712,144.4359,121.198
Fiji region,Fiji region,Fiji region,4.3,2025-12-19 19:56:33.736,-19.0185,-177.4555,627.268
"141 km WNW of Hihifo, Tonga",Hihifo,Tonga,4.6,2025-12-19 19:49:17.372,-15.2859,-174.9259,243.231
"116 km SE of Petropavlovsk-Kamchatsky, Russia",Petropavlovsk-Kamchatsky,Russia,4.2,2025-12-19 18:12:45.265,52.2582,159.7259,50.987
Mariana Islands region,Mariana Islands region,Mariana Islands region,4.4,2025-12-19 16:55:21.127,20.1401,148.0872,10.0
"80 km ENE of Hinatuan, Philippines",Hinatuan,Philippines,4.4,2025-12-19 16:51:24.746,8.6086,127.0236,42.099
"99 km S of Kuril’sk, Russia",Kuril’sk,Russia,4.4,2025-12-19 15:45:51.999,44.3318,147.9332,94.8
"38 km E of Baganga, Philippines",Baganga,Philippines,4.1,2025-12-19 14:51:34.187,7.603,126.9087,35.051
Balleny Islands region,Balleny Islands region,Balleny Islands region,4.6,2025-12-19 14:50:10.842,-63.6798,173.3616,10.0
"30 km W of Vilcanchos, Peru",Vilcanchos,Peru,4.1,2025-12-19 14:30:27.470,-13.6156,-74.8094,83.827
Balleny Islands region,Balleny Islands region,Balleny Islands region,4.5,2025-12-19 13:51:19.689,-63.6835,172.6283,10.0
"46 km SSW of Gerāsh, Iran",Gerāsh,Iran,4.3,2025-12-19 13:38:52.836,27.3099,53.8953,10.0
"Kermadec Islands, New Zealand",Kermadec Islands,New Zealand,4.6,2025-12-19 13:29:07.618,-29.3347,-177.8608,35.0
"273 km W of Houma, Tonga",Houma,Tonga,4.4,2025-12-19 13:09:41.791,-20.7525,-177.8981,458.82
"270 km SSE of Shimoda, Japan",Shimoda,Japan,4.7,2025-12-19 12:54:19.425,32.4181,140.0522,145.105
"180 km E of Ozernovskiy, Russia",Ozernovskiy,Russia,4.8,2025-12-19 12:54:15.785,51.3041,159.0728,10.0
"113 km NE of Kuji, Japan",Kuji,Japan,4.1,2025-12-19 12:37:54.394,40.8936,142.7446,46.719
"133 km N of Baukau, Timor Leste",Baukau,Timor Leste,4.1,2025-12-19 12:36:58.735,-7.2788,126.5952,330.724
"76 km W of San Antonio de los Cobres, Argentina",San Antonio de los Cobres,Argentina,4.1,2025-12-19 10:51:53.594,-24.2497,-67.076,224.824
"43 km SW of Puerto Madero, Mexico",Puerto Madero,Mexico,4.6,2025-12-19 09:13:12.715,14.4351,-92.6965,47.719
"125 km ENE of Kuji, Japan",Kuji,Japan,4.0,2025-12-19 08:35:59.342,40.8139,143.0055,44.87
"11 km NNE of Nahrīn, Afghanistan",Nahrīn,Afghanistan,4.6,2025-12-19 06:34:49.785,36.1554,69.1865,10.0
"27 km NNE of Nahrīn, Afghanistan",Nahrīn,Afghanistan,5.3,2025-12-19 05:39:10.142,36.2913,69.2473,35.0
"42 km N of Pagudpud, Philippines",Pagudpud,Philippines,4.4,2025-12-19 05:33:32.711,18.9416,120.8161,31.531
"24 km ENE of Kinablangan, Philippines",Kinablangan,Philippines,4.9,2025-12-19 05:25:52.803,7.7554,126.7636,64.549
"130 km NE of Labasa, Fiji",Labasa,Fiji,5.7,2025-12-19 05:00:18.582,-15.7533,-179.6415,10.0
"123 km S of Honchō, Japan",Honchō,Japan,4.0,2025-12-19 04:58:33.478,41.0188,143.0447,53.098
"155 km N of Hirara, Japan",Hirara,Japan,4.6,2025-12-19 04:35:54.118,26.1958,125.128,185.198
"109 km ESE of Shikotan, Russia",Shikotan,Russia,4.3,2025-12-19 04:30:59.248,43.424,147.9825,38.731
"188 km E of Levuka, Fiji",Levuka,Fiji,4.5,2025-12-19 04:04:48.899,-17.9614,-178.9021,544.976
"48 km ENE of Hinatuan, Philippines",Hinatuan,Philippines,5.1,2025-12-19 04:02:40.342,8.5784,126.7206,74.149
"167 km SE of Nikolski, Alaska",Nikolski,Alaska,4.0,2025-12-19 03:06:06.603,51.8415,-167.1854,10.0
"154 km ESE of Shikotan, Russia",Shikotan,Russia,4.4,2025-12-19 01:25:11.415,43.0759,148.3479,10.0
"36 km W of Elfin Cove, Alaska",Elfin Cove,Alaska,4.0,2025-12-19 00:54:00.199,58.205,-136.96,5.0
"284 km WSW of Houma, Tonga",Houma,Tonga,4.3,2025-12-19 00:49:59.128,-21.9951,-177.9062,359.768
"92 km NW of Ambon, Indonesia",Ambon,Indonesia,4.7,2025-12-19 00:45:35.312,-3.182,127.5291,16.729
"52 km WSW of Ilioilio, Philippines",Ilioilio,Philippines,4.6,2025-12-18 23:43:06.965,15.7751,119.3171,10.0
"82 km E of Petropavlovsk-Kamchatsky, Russia",Petropavlovsk-Kamchatsky,Russia,4.3,2025-12-18 23:25:41.363,53.0932,159.8619,51.355
"78 km W of Ollagüe, Chile",Ollagüe,Chile,4.1,2025-12-18 23:22:55.020,-21.113,-68.9959,113.218
"250 km SSE of Severo-Kuril’sk, Russia",Severo-Kuril’sk,Russia,4.8,2025-12-18 22:52:09.014,48.5464,157.2603,10.0
"102 km WNW of Panguna, Papua New Guinea",Panguna,Papua New Guinea,4.6,2025-12-18 22:35:29.403,-6.1334,154.5809,416.609
"83 km ESE of Manay, Philippines",Manay,Philippines,4.7,2025-12-18 21:19:36.111,6.883,127.2192,10.0
Balleny Islands region,Balleny Islands region,Balleny Islands region,5.2,2025-12-18 20:09:34.644,-61.919,162.9338,10.0
"153 km SSE of Pondaguitan, Philippines",Pondaguitan,Philippines,4.4,2025-12-18 19:32:57.185,5.1478,126.8482,80.331
"133 km SSW of Lorengau, Papua New Guinea",Lorengau,Papua New Guinea,4.1,2025-12-18 18:43:36.707,-3.1926,146.9392,10.0
"24 km WSW of San Nicolas, Philippines",San Nicolas,Philippines,4.8,2025-12-18 18:07:06.523,14.8483,119.8742,42.577
"62 km SSW of Champerico, Guatemala",Champerico,Guatemala,4.4,2025-12-18 17:14:39.790,13.7632,-92.0983,35.0
"85 km E of Shikotan, Russia",Shikotan,Russia,4.4,2025-12-18 16:55:59.036,43.7031,147.7791,35.0
South Sandwich Islands region,South Sandwich Islands region,South Sandwich Islands region,4.5,2025-12-18 14:56:19.248,-55.9284,-26.0252,10.0
"35 km SSE of Ust’-Kamchatsk Staryy, Russia",Ust’-Kamchatsk Staryy,Russia,4.1,2025-12-18 14:56:03.804,55.9265,162.6864,47.102
"99 km ESE of Shikotan, Russia",Shikotan,Russia,4.9,2025-12-18 14:42:38.891,43.5116,147.8876,35.0
"31 km SE of Iwaki, Japan",Iwaki,Japan,4.2,2025-12-18 13:57:21.549,36.8411,141.1242,61.334
"61 km W of Sinabang, Indonesia",Sinabang,Indonesia,4.2,2025-12-18 13:48:04.797,2.5581,95.8302,33.799
"151 km WSW of Tual, Indonesia",Tual,Indonesia,4.4,2025-12-18 13:19:19.025,-6.2536,131.5376,88.657
"93 km ESE of Petropavlovsk-Kamchatsky, Russia",Petropavlovsk-Kamchatsky,Russia,5.9,2025-12-18 12:37:19.411,52.8123,159.953,38.0
"20 km ENE of Hualien City, Taiwan",Hualien City,Taiwan,4.6,2025-12-18 11:32:50.036,24.0702,121.7741,32.176
"176 km SSE of Vilyuchinsk, Russia",Vilyuchinsk,Russia,4.3,2025-12-18 11:19:43.955,51.5468,159.6746,44.532
"Bonin Islands, Japan region",Bonin Islands,Japan region,4.4,2025-12-18 11:15:31.698,27.9608,142.7311,10.0
"44 km NE of Sibolga, Indonesia",Sibolga,Indonesia,4.4,2025-12-18 10:45:04.736,2.0198,99.0703,145.075
"87 km E of Shikotan, Russia",Shikotan,Russia,4.2,2025-12-18 09:54:24.472,43.754,147.8069,10.0
"71 km SE of Kokopo, Papua New Guinea",Kokopo,Papua New Guinea,4.4,2025-12-18 07:47:25.196,-4.7558,152.7685,50.626
"93 km SW of Basco, Philippines",Basco,Philippines,4.5,2025-12-18 07:33:31.681,19.8566,121.3308,39.251
"92 km SW of Basco, Philippines",Basco,Philippines,5.5,2025-12-18 07:27:44.896,19.9353,121.2672,18.0
"230 km ESE of Severo-Kuril’sk, Russia",Severo-Kuril’sk,Russia,4.4,2025-12-18 07:25:05.714,50.0947,159.2446,10.0
"72 km E of Bitung, Indonesia",Bitung,Indonesia,5.0,2025-12-18 05:30:17.659,1.3857,125.7798,65.736
"100 km E of Miyako, Japan",Miyako,Japan,4.6,2025-12-18 05:20:11.019,39.8128,143.098,41.582
"82 km S of Pundong, Indonesia",Pundong,Indonesia,4.4,2025-12-18 04:22:49.808,-8.6951,110.3162,75.672
"75 km NNW of Nuku‘alofa, Tonga",Nuku‘alofa,Tonga,4.9,2025-12-18 03:54:16.247,-20.4745,-175.3687,173.019
"42 km SW of Reuleuet, Indonesia",Reuleuet,Indonesia,4.6,2025-12-18 03:40:35.919,4.9696,95.9887,10.0
"201 km ESE of Ozernovskiy, Russia",Ozernovskiy,Russia,4.3,2025-12-18 03:11:07.920,51.1507,159.343,10.0
"110 km E of Yamada, Japan",Yamada,Japan,4.3,2025-12-18 03:05:26.249,39.4427,143.2367,35.0
"61 km E of Chuquitira, Peru",Chuquitira,Peru,4.2,2025-12-18 02:19:26.612,-17.3134,-69.466,177.241
"91 km S of Isangel, Vanuatu",Isangel,Vanuatu,5.2,2025-12-18 01:59:32.447,-20.3697,169.2956,61.494
"104 km SSE of Vilyuchinsk, Russia",Vilyuchinsk,Russia,4.1,2025-12-18 01:48:04.217,52.1365,159.2386,48.513
"104 km ENE of Miyako, Japan",Miyako,Japan,4.7,2025-12-18 00:50:41.855,39.8616,143.1285,40.367
"29 km ESE of Sarupathar, India",Sarupathar,India,4.6,2025-12-18 00:34:32.495,26.0947,97.083,10.0
"143 km SSE of Burica, Panama",Burica,Panama,5.6,2025-12-17 23:07:46.296,6.7733,-82.5696,10.0
"155 km SSE of Vilyuchinsk, Russia",Vilyuchinsk,Russia,4.3,2025-12-17 22:44:22.761,51.6286,159.2284,43.574
"232 km SSE of Ambon, Indonesia",Ambon,Indonesia,4.1,2025-12-17 22:33:10.610,-5.4565,129.3221,258.806
"84 km SSE of Port-Vila, Vanuatu",Port-Vila,Vanuatu,5.0,2025-12-17 22:30:07.097,-18.4597,168.5712,95.052
"9 km SE of Babino Polje, Croatia",Babino Polje,Croatia,4.4,2025-12-17 22:07:46.126,42.6832,17.6545,10.0
"49 km SE of Porto Martins, Portugal",Porto Martins,Portugal,4.5,2025-12-17 21:42:35.141,38.3638,-26.6536,11.492
"155 km S of Alo, Wallis and Futuna",Alo,Wallis and Futuna,4.1,2025-12-17 20:20:58.523,-15.7027,-177.938,438.779
"77 km SSE of Kuqa, China",Kuqa,China,4.5,2025-12-17 19:01:47.805,41.0658,83.2521,10.0
"278 km SSE of Alo, Wallis and Futuna",Alo,Wallis and Futuna,5.4,2025-12-17 17:23:28.291,-16.7324,-177.4109,400.264
"70 km SSW of Hihifo, Tonga",Hihifo,Tonga,4.4,2025-12-17 17:08:27.271,-16.543,-174.0424,164.566
South Sandwich Islands region,South Sandwich Islands region,South Sandwich Islands region,5.7,2025-12-17 17:05:57.414,-58.6464,-25.295,35.0
"157 km SSW of Teluk Dalam, Indonesia",Teluk Dalam,Indonesia,4.5,2025-12-17 15:48:05.723,-0.6773,97.1344,10.0
South Indian Ocean,South Indian Ocean,South Indian Ocean,4.6,2025-12-17 15:34:11.970,-10.2536,91.0785,10.0
"285 km E of Yamada, Japan",Yamada,Japan,4.3,2025-12-17 15:16:50.165,39.105,145.2308,10.0
south of the Fiji Islands,the Fiji Islands,south of the Fiji Islands,4.5,2025-12-17 13:27:16.272,-23.8906,179.5894,556.2
"Bonin Islands, Japan region",Bonin Islands,Japan region,4.3,2025-12-17 12:01:02.910,27.5427,139.8854,486.645
"34 km ENE of Barkhan, Pakistan",Barkhan,Pakistan,4.4,2025-12-17 11:43:14.769,30.0712,69.8249,10.0
"Pagan region, Northern Mariana Islands",Pagan region,Northern Mariana Islands,4.5,2025-12-17 10:30:47.283,18.6559,145.5107,227.258
Carlsberg Ridge,Carlsberg Ridge,Carlsberg Ridge,4.3,2025-12-17 10:24:41.911,-0.4941,67.5628,10.0
"94 km E of Mutsu, Japan",Mutsu,Japan,5.0,2025-12-17 09:50:18.556,41.2916,142.346,51.965
"83 km ENE of Manokwari, Indonesia",Manokwari,Indonesia,4.3,2025-12-17 09:42:32.398,-0.5648,134.7547,21.378
"176 km NE of Lospalos, Timor Leste",Lospalos,Timor Leste,4.3,2025-12-17 08:51:57.727,-7.5435,128.2641,152.143
"67 km S of Puerto El Triunfo, El Salvador",Puerto El Triunfo,El Salvador,4.3,2025-12-17 07:17:46.357,12.6793,-88.4711,62.909
"80 km SE of Gorontalo, Indonesia",Gorontalo,Indonesia,4.3,2025-12-17 06:42:27.323,0.0096,123.5546,137.497
Chagos Archipelago region,Chagos Archipelago region,Chagos Archipelago region,4.6,2025-12-17 06:00:54.362,-5.3724,68.6478,10.0
"122 km ESE of Shikotan, Russia",Shikotan,Russia,4.6,2025-12-17 05:27:47.286,43.4286,148.1529,10.0
"105 km ESE of Shikotan, Russia",Shikotan,Russia,4.1,2025-12-17 04:41:41.428,43.3932,147.9077,35.0
"30 km NNW of Yaguaraparo, Venezuela",Yaguaraparo,Venezuela,4.0,2025-12-17 04:39:20.086,10.8074,-62.9704,122.966
"23 km NW of Jiangyou, China",Jiangyou,China,4.3,2025-12-17 04:24:40.169,31.9149,104.5459,10.0
"102 km N of Finschhafen, Papua New Guinea",Finschhafen,Papua New Guinea,4.4,2025-12-17 03:13:03.021,-5.6327,147.7505,181.355
"170 km ESE of Tatsugō, Japan",Tatsugō,Japan,4.7,2025-12-17 02:43:37.474,27.8628,131.2057,10.0
"147 km E of Kuril’sk, Russia",Kuril’sk,Russia,4.5,2025-12-17 01:48:05.241,45.162,149.7545,104.275
"96 km E of Shikotan, Russia",Shikotan,Russia,5.2,2025-12-17 01:44:11.862,43.7129,147.9133,10.0
east of the Kuril Islands,the Kuril Islands,east of the Kuril Islands,4.4,2025-12-17 01:40:26.263,46.7344,155.6465,39.092
"146 km E of Ozernovskiy, Russia",Ozernovskiy,Russia,4.4,2025-12-17 01:37:01.151,51.6082,158.6018,70.566
"17 km NNE of Kırıkhan, Turkey",Kırıkhan,Turkey,4.1,2025-12-17 01:15:09.462,36.6364,36.4572,10.0
"112 km WNW of Mohr, Iran",Mohr,Iran,4.1,2025-12-16 23:55:50.768,27.9134,51.8213,10.0
"258 km ESE of Chiniak, Alaska",Chiniak,Alaska,5.0,2025-12-16 23:35:25.281,56.3789,-148.6739,9.697
"160 km SE of Kuril’sk, Russia",Kuril’sk,Russia,5.1,2025-12-16 23:34:14.658,44.3837,149.5287,35.0
"93 km WNW of Tobelo, Indonesia",Tobelo,Indonesia,4.4,2025-12-16 22:29:41.121,2.0579,127.2379,88.129
"62 km ENE of Hachinohe, Japan",Hachinohe,Japan,4.3,2025-12-16 22:28:38.457,40.7972,142.1268,58.921
"159 km SSW of Al Hufūf, Saudi Arabia",Al Hufūf,Saudi Arabia,4.0,2025-12-16 22:11:23.651,23.9928,49.1093,10.0
"150 km NNE of Aksu, China",Aksu,China,4.2,2025-12-16 21:32:35.926,42.3604,81.1837,10.0
"199 km SSE of Shimoda, Japan",Shimoda,Japan,4.2,2025-12-16 21:09:10.505,32.9767,139.6336,192.741
south of the Fiji Islands,the Fiji Islands,south of the Fiji Islands,4.2,2025-12-16 20:29:40.146,-23.4783,179.7963,554.606
"70 km WSW of Kuril’sk, Russia",Kuril’sk,Russia,4.0,2025-12-16 19:18:49.059,45.0014,147.0375,127.432
"119 km ESE of Shikotan, Russia",Shikotan,Russia,4.6,2025-12-16 17:27:39.569,43.3963,148.0922,10.0
"114 km ENE of Hihifo, Tonga",Hihifo,Tonga,4.7,2025-12-16 17:19:23.929,-15.556,-172.8115,10.0
Fiji region,Fiji region,Fiji region,4.4,2025-12-16 16:43:47.829,-18.3819,-177.7835,568.771
"137 km SSW of Pagar Alam, Indonesia",Pagar Alam,Indonesia,4.1,2025-12-16 16:29:41.095,-5.1266,102.6714,38.826
"68 km SSE of Panguna, Papua New Guinea",Panguna,Papua New Guinea,4.6,2025-12-16 15:49:24.206,-6.9036,155.6917,35.0
"17 km SW of Pos’yet, Russia",Pos’yet,Russia,4.4,2025-12-16 14:38:42.997,42.539,130.6594,575.724
"191 km SW of Methóni, Greece",Methóni,Greece,4.0,2025-12-16 14:04:54.159,35.4073,20.488,38.482
southern Mid-Atlantic Ridge,southern Mid-Atlantic Ridge,southern Mid-Atlantic Ridge,4.6,2025-12-16 13:52:42.264,-43.5631,-16.1095,10.0
southern Mid-Atlantic Ridge,southern Mid-Atlantic Ridge,southern Mid-Atlantic Ridge,5.0,2025-12-16 13:45:24.885,-43.7809,-16.2259,10.0
southern Mid-Atlantic Ridge,southern Mid-Atlantic Ridge,southern Mid-Atlantic Ridge,5.1,2025-12-16 13:44:15.042,-43.6591,-16.3214,10.0
"164 km SW of Houma, Tonga",Houma,Tonga,4.8,2025-12-16 13:21:58.519,-22.2752,-176.3666,10.0
"5 km SW of Santa Rita Aplaya, Philippines",Santa Rita Aplaya,Philippines,4.4,2025-12-16 13:13:48.991,13.7314,120.9981,10.0
"8 km NE of Muratpaşa, Turkey",Muratpaşa,Turkey,4.1,2025-12-16 13:11:01.688,36.9515,30.8279,105.95
"71 km SW of Lithakiá, Greece",Lithakiá,Greece,4.2,2025-12-16 11:56:39.710,37.2698,20.2582,48.856
south of the Fiji Islands,the Fiji Islands,south of the Fiji Islands,4.9,2025-12-16 11:39:33.426,-25.9649,179.6835,508.72
Kuril Islands,Kuril Islands,Kuril Islands,4.5,2025-12-16 10:08:49.465,48.1893,153.2737,140.047
"190 km SSE of Vilyuchinsk, Russia",Vilyuchinsk,Russia,4.7,2025-12-16 09:30:44.895,51.3192,159.3399,29.101
"213 km SE of Kirakira, Solomon Islands",Kirakira,Solomon Islands,5.2,2025-12-16 09:18:45.057,-11.6932,163.4164,10.0
"31 km ESE of Los Andes, Chile",Los Andes,Chile,4.5,2025-12-16 07:42:41.980,-32.9637,-70.3023,114.605
"299 km E of Levuka, Fiji",Levuka,Fiji,4.4,2025-12-16 07:32:59.138,-18.0453,-177.8588,620.421
"86 km NE of Otrada, Russia",Otrada,Russia,4.2,2025-12-16 06:40:22.341,44.7058,146.4943,156.664
"29 km SE of Copiapó, Chile",Copiapó,Chile,4.1,2025-12-16 06:10:10.401,-27.5598,-70.1251,91.382
"10 km NNW of Katobu, Indonesia",Katobu,Indonesia,4.4,2025-12-16 05:41:29.993,-4.7414,122.6823,10.0
"131 km NE of Kuji, Japan",Kuji,Japan,5.1,2025-12-16 05:38:47.676,40.8936,143.0119,10.0
"15 km SSW of El Rosario, Nicaragua",El Rosario,Nicaragua,4.5,2025-12-16 04:55:52.171,11.6461,-86.4167,87.746
"160 km ESE of Petropavlovsk-Kamchatsky, Russia",Petropavlovsk-Kamchatsky,Russia,4.1,2025-12-16 04:25:10.518,52.3467,160.6799,10.0
central Mid-Atlantic Ridge,central Mid-Atlantic Ridge,central Mid-Atlantic Ridge,4.5,2025-12-16 03:42:36.889,0.853,-29.6642,10.0
"29 km S of Ōfunato, Japan",Ōfunato,Japan,4.5,2025-12-16 02:45:35.766,38.8057,141.7486,94.269
"61 km NE of Calama, Chile",Calama,Chile,4.0,2025-12-16 02:11:49.547,-22.0283,-68.5443,117.636
"71 km N of Port-Vila, Vanuatu",Port-Vila,Vanuatu,4.2,2025-12-16 00:43:00.974,-17.1006,168.4113,215.635
"28 km NE of Palora, Ecuador",Palora,Ecuador,4.1,2025-12-16 00:30:40.757,-1.5529,-77.7537,181.434
"70 km WSW of Lithakiá, Greece",Lithakiá,Greece,5.4,2025-12-15 23:41:47.437,37.4097,20.1314,16.436
"81 km SSE of San Jose Village, Northern Mariana Islands",San Jose Village,Northern Mariana Islands,5.6,2025-12-15 23:06:14.167,14.2575,145.8168,97.359
"68 km S of Atiquipa, Peru",Atiquipa,Peru,4.0,2025-12-15 22:19:50.709,-16.4174,-74.3964,28.628
"123 km S of Honchō, Japan",Honchō,Japan,4.4,2025-12-15 21:44:49.494,41.02,142.8972,41.31
Banda Sea,Banda Sea,Banda Sea,4.3,2025-12-15 20:50:56.245,-6.2417,130.006,159.763
"38 km NW of Gadani, Pakistan",Gadani,Pakistan,4.8,2025-12-15 19:50:59.270,25.405,66.512,10.0
Southwest Indian Ridge,Southwest Indian Ridge,Southwest Indian Ridge,5.0,2025-12-15 19:48:31.030,-28.3037,62.7506,10.0
"230 km SE of Petropavlovsk-Kamchatsky, Russia",Petropavlovsk-Kamchatsky,Russia,5.7,2025-12-15 19:33:07.423,51.7083,161.1959,34.0
"57 km SSE of Adak, Alaska",Adak,Alaska,4.9,2025-12-15 18:03:51.843,51.383,-176.3758,42.421
"58 km E of Arica, Chile",Arica,Chile,4.3,2025-12-15 16:04:49.544,-18.5726,-69.7518,126.799
"81 km E of Shikotan, Russia",Shikotan,Russia,4.4,2025-12-15 15:47:19.299,43.7417,147.7272,10.0
Scotia Sea,Scotia Sea,Scotia Sea,4.7,2025-12-15 14:52:07.188,-60.7713,-51.9006,10.0
Fiji region,Fiji region,Fiji region,4.2,2025-12-15 14:21:04.903,-19.6384,-177.7592,585.953
"3 km E of Mangatainoka, New Zealand",Mangatainoka,New Zealand,4.0,2025-12-15 12:05:08.336,-40.4194,175.8995,38.186
"36 km N of Severomuysk, Russia",Severomuysk,Russia,4.3,2025-12-15 11:20:00.771,56.4736,113.4967,10.0
southern Mid-Atlantic Ridge,southern Mid-Atlantic Ridge,southern Mid-Atlantic Ridge,4.8,2025-12-15 11:11:04.560,-46.9301,-13.7452,10.0
"81 km S of Jatiroto, Indonesia",Jatiroto,Indonesia,4.1,2025-12-15 10:54:49.612,-8.6197,111.0938,115.431
southern Mid-Atlantic Ridge,southern Mid-Atlantic Ridge,southern Mid-Atlantic Ridge,4.5,2025-12-15 10:42:55.758,-47.2927,-13.4534,10.0
"217 km SSW of Severo-Kuril’sk, Russia",Severo-Kuril’sk,Russia,4.5,2025-12-15 09:31:14.596,48.8886,154.8832,85.256
"156 km ESE of Carrozziere, Italy",Carrozziere,Italy,4.2,2025-12-15 09:11:20.344,36.5712,16.9247,10.0
"82 km ESE of Teluk Dalam, Indonesia",Teluk Dalam,Indonesia,4.4,2025-12-15 09:06:34.531,0.2561,98.4728,41.103
"49 km WSW of Ovalle, Chile",Ovalle,Chile,4.7,2025-12-15 08:51:34.321,-30.6923,-71.7087,26.848
"184 km SE of Petropavlovsk-Kamchatsky, Russia",Petropavlovsk-Kamchatsky,Russia,5.3,2025-12-15 08:11:16.123,51.8362,160.4527,10.0
Fiji region,Fiji region,Fiji region,4.9,2025-12-15 07:43:58.718,-20.673,-178.5956,603.163
"126 km SE of Lukatan, Philippines",Lukatan,Philippines,4.6,2025-12-15 06:50:34.262,6.3466,127.3576,10.0
"78 km N of Calama, Chile",Calama,Chile,4.2,2025-12-15 06:47:11.446,-21.7442,-68.9232,96.382
southeast Indian Ridge,southeast Indian Ridge,southeast Indian Ridge,4.6,2025-12-15 05:53:19.419,-47.2853,97.2931,10.0
southeast Indian Ridge,southeast Indian Ridge,southeast Indian Ridge,4.4,2025-12-15 05:37:23.392,-47.3288,97.6416,10.0
southeast Indian Ridge,southeast Indian Ridge,southeast Indian Ridge,4.6,2025-12-15 05:23:06.729,-47.4548,97.5199,10.0
southeast Indian Ridge,southeast Indian Ridge,southeast Indian Ridge,4.4,2025-12-15 05:22:13.469,-47.1298,97.264,10.0
southeast Indian Ridge,southeast Indian Ridge,southeast Indian Ridge,4.4,2025-12-15 05:09:03.507,-47.2472,97.1715,10.0
"21 km ENE of Lapuan, Philippines",Lapuan,Philippines,4.4,2025-12-15 04:30:48.273,6.2254,125.8788,125.466
"164 km S of La Libertad, El Salvador",La Libertad,El Salvador,4.2,2025-12-15 03:29:27.655,11.9988,-89.3955,10.0
"171 km N of Masohi, Indonesia",Masohi,Indonesia,4.4,2025-12-15 02:11:59.680,-1.7712,128.6834,10.0
"154 km WNW of Corral, Chile",Corral,Chile,4.3,2025-12-15 00:52:51.860,-39.3222,-75.076,10.0
South Sandwich Islands region,South Sandwich Islands region,South Sandwich Islands region,5.3,2025-12-15 00:43:14.974,-58.7745,-25.6748,71.668
"30 km WSW of Nemuro, Japan",Nemuro,Japan,4.3,2025-12-14 23:44:07.235,43.2701,145.2114,35.0
"6 km W of Glen Ellen, CA",Glen Ellen,CA,4.03,2025-12-14 23:30:43.210,38.373,-122.604,3.13
"169 km S of Wonosari, Indonesia",Wonosari,Indonesia,4.0,2025-12-14 23:26:14.697,-9.4878,110.4116,10.0
"50 km WNW of San Antonio de los Cobres, Argentina",San Antonio de los Cobres,Argentina,4.3,2025-12-14 23:24:04.484,-24.1137,-66.7998,198.342
"70 km E of Noda, Japan",Noda,Japan,4.1,2025-12-14 22:19:24.017,40.0424,142.638,40.977
"210 km N of Sola, Vanuatu",Sola,Vanuatu,4.2,2025-12-14 20:46:32.956,-11.9882,167.8248,332.414
"97 km SW of Basco, Philippines",Basco,Philippines,4.6,2025-12-14 20:35:07.263,19.7558,121.3942,20.518
"11 km SW of Palora, Ecuador",Palora,Ecuador,4.5,2025-12-14 20:23:42.032,-1.7675,-78.0415,155.618
"21 km NNW of Hakui, Japan",Hakui,Japan,4.9,2025-12-14 19:03:36.348,37.0518,136.6567,7.591
"106 km SSW of Honchō, Japan",Honchō,Japan,4.7,2025-12-14 18:09:28.080,41.1977,142.6177,45.719
Drake Passage,Drake Passage,Drake Passage,4.8,2025-12-14 15:54:18.757,-59.3012,-60.2417,10.0
"53 km ENE of Misawa, Japan",Misawa,Japan,4.1,2025-12-14 14:53:57.330,40.934,141.9271,63.546
"25 km NNW of Hakui, Japan",Hakui,Japan,4.8,2025-12-14 14:26:54.678,37.0762,136.6323,35.0
"81 km ENE of Mutsu, Japan",Mutsu,Japan,4.3,2025-12-14 13:49:42.740,41.4541,142.1713,60.966
"156 km ENE of Bitung, Indonesia",Bitung,Indonesia,5.1,2025-12-14 12:03:27.070,1.9913,126.4277,54.045
"147 km N of Metinaro, Timor Leste",Metinaro,Timor Leste,4.6,2025-12-14 11:55:42.575,-7.1995,125.6981,504.307
"131 km SSW of Severo-Kuril’sk, Russia",Severo-Kuril’sk,Russia,4.8,2025-12-14 10:50:25.277,49.5245,155.7098,87.713
"174 km NW of Sola, Vanuatu",Sola,Vanuatu,4.4,2025-12-14 10:44:01.863,-12.6786,166.5107,73.569
southeast of Easter Island,Easter Island,southeast of Easter Island,5.4,2025-12-14 09:44:42.164,-35.8507,-102.4356,10.0
"42 km SW of Tari, Papua New Guinea",Tari,Papua New Guinea,4.4,2025-12-14 09:32:50.655,-6.096,142.6566,10.0
Pacific-Antarctic Ridge,Pacific-Antarctic Ridge,Pacific-Antarctic Ridge,4.6,2025-12-14 09:23:10.581,-58.9791,-149.8336,10.0
southern Mid-Atlantic Ridge,southern Mid-Atlantic Ridge,southern Mid-Atlantic Ridge,4.6,2025-12-14 09:18:35.356,-43.7903,-16.0949,10.0
Pacific-Antarctic Ridge,Pacific-Antarctic Ridge,Pacific-Antarctic Ridge,4.8,2025-12-14 09:04:37.257,-59.9209,-151.1211,10.0
"51 km NE of Hachinohe, Japan",Hachinohe,Japan,4.1,2025-12-14 08:51:21.210,40.7657,141.9948,57.69
South Sandwich Islands region,South Sandwich Islands region,South Sandwich Islands region,4.2,2025-12-14 08:38:14.161,-59.2854,-24.9625,10.0
"145 km E of Miyako, Japan",Miyako,Japan,5.0,2025-12-14 07:58:11.223,39.8072,143.6256,10.0
"180 km ENE of Tual, Indonesia",Tual,Indonesia,4.5,2025-12-14 07:00:17.501,-4.8068,134.1588,10.0
"Bonin Islands, Japan region",Bonin Islands,Japan region,4.7,2025-12-14 06:50:38.296,27.945,140.802,10.0
"158 km SSE of Longyearbyen, Svalbard and Jan Mayen",Longyearbyen,Svalbard and Jan Mayen,4.0,2025-12-14 06:26:41.343,76.8813,17.7424,10.0
West Chile Rise,West Chile Rise,West Chile Rise,4.6,2025-12-14 05:51:47.361,-43.0653,-82.4902,10.0
"22 km NW of Ollagüe, Chile",Ollagüe,Chile,4.1,2025-12-14 03:34:29.564,-21.0632,-68.3817,141.939
"72 km SW of Basco, Philippines",Basco,Philippines,4.4,2025-12-14 03:10:00.950,20.0407,121.4317,35.0
"111 km N of Yakutat, Alaska",Yakutat,Alaska,4.2,2025-12-14 01:36:25.451,60.5366,-139.9898,5.0
"117 km WNW of Bengkulu, Indonesia",Bengkulu,Indonesia,5.2,2025-12-14 00:58:15.106,-3.2368,101.3683,58.687
"78 km W of Tobelo, Indonesia",Tobelo,Indonesia,4.4,2025-12-14 00:55:44.718,1.5998,127.3177,122.004
"195 km SE of Severo-Kuril’sk, Russia",Severo-Kuril’sk,Russia,4.4,2025-12-14 00:20:40.753,49.717,158.4175,10.0
"159 km ENE of Noda, Japan",Noda,Japan,4.2,2025-12-13 23:09:14.146,40.4899,143.6278,28.747
"16 km S of Tomioka, Japan",Tomioka,Japan,4.4,2025-12-13 22:52:58.062,37.183,141.0446,60.182
"241 km ENE of Lospalos, Timor Leste",Lospalos,Timor Leste,4.1,2025-12-13 22:42:11.824,-7.3932,128.8747,168.354
"168 km ENE of Noda, Japan",Noda,Japan,4.5,2025-12-13 21:49:37.347,40.6117,143.6865,32.054
"92 km SSW of Puerto San José, Guatemala",Puerto San José,Guatemala,4.7,2025-12-13 21:21:40.811,13.2092,-91.2553,10.0
"139 km S of Hihifo, Tonga",Hihifo,Tonga,4.0,2025-12-13 20:47:13.900,-17.1914,-174.0296,126.222
"128 km WSW of Gorontalo, Indonesia",Gorontalo,Indonesia,4.7,2025-12-13 20:09:41.623,0.1486,121.9721,199.306
"Volcano Islands, Japan region",Volcano Islands,Japan region,4.3,2025-12-13 19:19:06.561,22.4915,144.2289,44.863
"33 km NW of Binabalian, Philippines",Binabalian,Philippines,4.6,2025-12-13 19:09:39.912,16.6492,119.729,10.0
"159 km NNW of Sola, Vanuatu",Sola,Vanuatu,4.7,2025-12-13 18:53:54.255,-12.5365,167.0174,201.186
"64 km SSE of Soe, Indonesia",Soe,Indonesia,4.4,2025-12-13 18:15:37.904,-10.4067,124.4798,10.0
"38 km ENE of Hualien City, Taiwan",Hualien City,Taiwan,4.1,2025-12-13 17:58:35.236,24.1435,121.9403,32.908
"Pagan region, Northern Mariana Islands",Pagan region,Northern Mariana Islands,4.2,2025-12-13 17:14:46.680,18.8319,146.0976,116.375
"152 km S of Abepura, Indonesia",Abepura,Indonesia,4.1,2025-12-13 16:46:42.306,-3.9733,140.7437,63.278
"83 km SSE of Pondaguitan, Philippines",Pondaguitan,Philippines,4.5,2025-12-13 16:34:08.704,5.6678,126.4752,99.491
"60 km N of Barkhan, Pakistan",Barkhan,Pakistan,4.4,2025-12-13 15:53:32.948,30.4466,69.518,37.479
south of the Fiji Islands,the Fiji Islands,south of the Fiji Islands,4.1,2025-12-13 15:20:34.064,-24.0778,179.7929,535.224
"46 km NW of San Antonio de los Cobres, Argentina",San Antonio de los Cobres,Argentina,4.3,2025-12-13 14:44:26.635,-23.9419,-66.6591,206.061
Reykjanes Ridge,Reykjanes Ridge,Reykjanes Ridge,4.5,2025-12-13 14:30:38.295,57.3297,-32.9584,10.0
South Sandwich Islands region,South Sandwich Islands region,South Sandwich Islands region,5.0,2025-12-13 14:04:33.462,-59.0406,-25.829,69.658
"140 km WNW of Sabang, Indonesia",Sabang,Indonesia,4.3,2025-12-13 13:45:31.103,6.4483,94.1726,78.481
"19 km NE of Barkhan, Pakistan",Barkhan,Pakistan,4.4,2025-12-13 13:14:55.780,30.035,69.6437,10.0
"222 km ENE of Levuka, Fiji",Levuka,Fiji,4.2,2025-12-13 13:09:31.455,-17.3385,-178.7291,560.43
"295 km E of Port Mathurin, Mauritius",Port Mathurin,Mauritius,4.3,2025-12-13 12:19:36.254,-20.0679,66.208,10.0
"75 km W of Ollagüe, Chile",Ollagüe,Chile,5.4,2025-12-13 12:18:45.823,-21.2293,-68.984,90.292
"205 km E of Levuka, Fiji",Levuka,Fiji,4.3,2025-12-13 11:46:41.829,-17.8062,-178.7594,564.786
"134 km NW of Manado, Indonesia",Manado,Indonesia,4.3,2025-12-13 11:44:32.733,2.2496,123.9124,355.442
southeast of the Loyalty Islands,the Loyalty Islands,southeast of the Loyalty Islands,4.6,2025-12-13 11:13:06.082,-22.581,171.0902,62.341
"Rat Islands, Aleutian Islands, Alaska",Rat Islands,Alaska,5.5,2025-12-13 10:51:00.036,52.1512,178.3529,108.0
"9 km SSW of San Miguel, Ecuador",San Miguel,Ecuador,4.5,2025-12-13 09:40:52.664,-1.7906,-79.0755,10.0
"140 km SE of Port Blair, India",Port Blair,India,4.2,2025-12-13 06:18:09.957,10.9166,93.7806,167.634
"76 km ENE of Misawa, Japan",Misawa,Japan,4.6,2025-12-13 05:59:44.006,41.0241,142.1743,66.79
"188 km ENE of Levuka, Fiji",Levuka,Fiji,4.4,2025-12-13 05:18:59.737,-17.6163,-178.9715,545.413
"284 km WNW of Houma, Tonga",Houma,Tonga,4.4,2025-12-13 04:31:07.789,-20.6232,-177.9692,515.368
North Atlantic Ocean,North Atlantic Ocean,North Atlantic Ocean,4.3,2025-12-13 03:03:19.737,6.7996,-46.4776,10.0
"41 km E of Baganga, Philippines",Baganga,Philippines,4.4,2025-12-13 02:01:57.750,7.6037,126.9374,35.0
"161 km E of Beauséjour, Guadeloupe",Beauséjour,Guadeloupe,4.3,2025-12-13 01:20:25.009,16.3711,-59.5654,10.0
"99 km SSW of Urakawa, Japan",Urakawa,Japan,4.3,2025-12-12 23:41:42.244,41.2835,142.4972,48.346
"27 km W of Mianzhu, Deyang, Sichuan, China",Mianzhu,China,4.4,2025-12-12 22:52:16.711,31.3103,103.9332,10.0
"109 km E of Barcelona, Philippines",Barcelona,Philippines,4.9,2025-12-12 20:13:54.992,8.2727,127.4169,10.0
"202 km SE of Kushimoto, Japan",Kushimoto,Japan,5.3,2025-12-12 19:03:12.415,32.3881,137.523,367.01
"102 km SSW of Nikolski, Alaska",Nikolski,Alaska,4.8,2025-12-12 18:14:57.495,52.0654,-169.3422,13.442
"57 km ENE of Severo-Kuril’sk, Russia",Severo-Kuril’sk,Russia,5.2,2025-12-12 17:43:14.444,50.8904,156.8617,78.899
"16 km WSW of Fef, Indonesia",Fef,Indonesia,4.0,2025-12-12 17:32:12.005,-0.8814,132.2985,39.418
"20 km S of Koloni, Cyprus",Koloni,Cyprus,4.2,2025-12-12 17:20:16.372,34.5682,32.4728,10.0
"28 km WSW of Balaklava, Ukraine",Balaklava,Ukraine,4.1,2025-12-12 17:13:16.338,44.404,33.2724,9.359
"119 km N of Yakutat, Alaska",Yakutat,Alaska,4.2,2025-12-12 16:59:31.086,60.6064,-140.0927,5.0
Mid-Indian Ridge,Mid-Indian Ridge,Mid-Indian Ridge,5.0,2025-12-12 15:34:27.382,-31.4451,78.9003,10.0
"106 km S of Severo-Kuril’sk, Russia",Severo-Kuril’sk,Russia,4.3,2025-12-12 15:20:14.705,49.7307,155.9237,68.412
"146 km E of Masohi, Indonesia",Masohi,Indonesia,4.6,2025-12-12 14:49:56.070,-3.0501,130.262,26.245
"79 km SE of Zepu, China",Zepu,China,4.4,2025-12-12 14:22:10.906,37.642,77.8563,10.0
"148 km SSW of Bengkulu, Indonesia",Bengkulu,Indonesia,4.4,2025-12-12 14:15:32.469,-5.0344,101.7423,10.0
"130 km S of Honchō, Japan",Honchō,Japan,4.0,2025-12-12 14:09:26.839,40.957,143.0467,44.77
South Sandwich Islands region,South Sandwich Islands region,South Sandwich Islands region,5.1,2025-12-12 13:55:56.732,-59.6349,-26.2964,61.338
"113 km S of Honchō, Japan",Honchō,Japan,4.1,2025-12-12 12:24:28.330,41.1082,142.9076,57.545
south of the Fiji Islands,the Fiji Islands,south of the Fiji Islands,4.2,2025-12-12 12:09:36.474,-23.5484,179.9739,525.631
"97 km SSW of Urakawa, Japan",Urakawa,Japan,4.2,2025-12-12 11:45:56.045,41.3078,142.4867,47.618
"81 km SE of Sarangani, Philippines",Sarangani,Philippines,4.3,2025-12-12 11:45:10.288,4.9649,126.051,76.493
"127 km ENE of Nuuk, Greenland",Nuuk,Greenland,4.4,2025-12-12 10:17:14.338,64.7126,-49.3631,10.0
"120 km S of Honchō, Japan",Honchō,Japan,4.3,2025-12-12 10:14:35.463,41.04,142.8684,44.744
south of Tonga,Tonga,south of Tonga,4.9,2025-12-12 10:09:20.299,-26.7074,-175.8669,10.0
south of Tonga,Tonga,south of Tonga,4.5,2025-12-12 10:05:36.569,-26.6535,-175.638,10.0
"10 km NNW of Ishige, Japan",Ishige,Japan,4.7,2025-12-12 10:05:21.410,36.207,139.935,70.256
Kermadec Islands region,Kermadec Islands region,Kermadec Islands region,4.4,2025-12-12 09:59:08.582,-27.0006,-176.2579,35.0
south of the Fiji Islands,the Fiji Islands,south of the Fiji Islands,4.3,2025-12-12 09:14:46.454,-23.8747,-179.8676,503.624
south of the Fiji Islands,the Fiji Islands,south of the Fiji Islands,4.5,2025-12-12 08:47:08.505,-26.9572,-176.4619,42.53
"163 km S of Ust’-Kamchatsk Staryy, Russia",Ust’-Kamchatsk Staryy,Russia,4.3,2025-12-12 08:19:16.048,54.7835,162.0226,59.598
"106 km E of Yokohama, Japan",Yokohama,Japan,4.6,2025-12-12 07:55:43.106,41.1488,142.516,60.68
"121 km S of Honchō, Japan",Honchō,Japan,4.2,2025-12-12 07:05:11.367,41.0317,142.9382,47.861
"76 km ESE of Pondaguitan, Philippines",Pondaguitan,Philippines,4.4,2025-12-12 06:40:40.754,5.9979,126.7703,95.212
"132 km S of Severo-Kuril’sk, Russia",Severo-Kuril’sk,Russia,4.1,2025-12-12 05:53:18.312,49.4872,156.3144,35.049
"118 km ENE of Hachinohe, Japan",Hachinohe,Japan,4.2,2025-12-12 05:21:58.304,40.9861,142.7521,42.016
"126 km NE of Kuji, Japan",Kuji,Japan,4.6,2025-12-12 04:58:22.803,40.8435,142.9824,35.0
"115 km WSW of Gorontalo, Indonesia",Gorontalo,Indonesia,4.8,2025-12-12 04:29:22.093,0.2625,122.0601,180.452
"44 km NNW of Bandar Abbas, Iran",Bandar Abbas,Iran,4.2,2025-12-12 04:06:58.363,27.5753,56.1775,35.0
"178 km E of Petropavlovsk-Kamchatsky, Russia",Petropavlovsk-Kamchatsky,Russia,4.2,2025-12-12 03:52:51.627,53.0246,161.2832,25.204
"131 km S of Honchō, Japan",Honchō,Japan,4.7,2025-12-12 03:26:12.443,40.944,143.0009,38.881
"124 km S of Honchō, Japan",Honchō,Japan,5.5,2025-12-12 03:21:39.757,41.0117,142.928,35.109
"219 km E of Levuka, Fiji",Levuka,Fiji,4.3,2025-12-12 03:11:27.767,-17.8596,-178.6221,607.156
"126 km NE of Kuji, Japan",Kuji,Japan,4.6,2025-12-12 03:06:35.563,40.9483,142.877,35.0
"97 km WSW of Turpan, China",Turpan,China,4.5,2025-12-12 03:04:57.603,42.5481,88.1162,10.0
"Volcano Islands, Japan region",Volcano Islands,Japan region,4.6,2025-12-12 02:53:21.985,22.8936,143.7755,40.888
"111 km NE of Kuji, Japan",Kuji,Japan,6.7,2025-12-12 02:44:12.662,40.8342,142.7767,19.0
"29 km WSW of Atico, Peru",Atico,Peru,4.5,2025-12-12 00:46:18.153,-16.3051,-73.8752,24.142
"171 km E of Noda, Japan",Noda,Japan,4.1,2025-12-12 00:46:14.125,40.3695,143.8063,10.0
"89 km S of Acajutla, El Salvador",Acajutla,El Salvador,4.3,2025-12-12 00:40:05.484,12.7869,-89.8868,10.0
"264 km SSE of Severo-Kuril’sk, Russia",Severo-Kuril’sk,Russia,5.0,2025-12-12 00:25:26.009,48.4112,157.2249,10.0
"133 km ENE of Kuji, Japan",Kuji,Japan,4.1,2025-12-11 23:54:21.455,40.8351,143.0935,35.339
"106 km SSE of Gul’cha, Kyrgyzstan",Gul’cha,Kyrgyzstan,4.3,2025-12-11 22:52:42.516,39.4366,73.9333,10.0
"111 km S of Honchō, Japan",Honchō,Japan,5.0,2025-12-11 22:09:19.485,41.1264,142.8124,28.976
"258 km E of Levuka, Fiji",Levuka,Fiji,5.1,2025-12-11 22:08:08.665,-18.1107,-178.2408,575.904
"24 km E of Yokohama, Japan",Yokohama,Japan,4.3,2025-12-11 21:40:05.302,41.0789,141.5385,85.327
Fiji region,Fiji region,Fiji region,4.1,2025-12-11 21:00:22.031,-17.758,-176.8844,385.124
"80 km ESE of Finschhafen, Papua New Guinea",Finschhafen,Papua New Guinea,4.9,2025-12-11 20:56:21.686,-6.9338,148.4706,27.434
southern East Pacific Rise,southern East Pacific Rise,southern East Pacific Rise,4.7,2025-12-11 20:02:08.910,-34.803,-109.2545,10.0
"59 km ENE of Khorugh, Tajikistan",Khorugh,Tajikistan,4.2,2025-12-11 19:25:47.617,37.6452,72.2002,187.375
"110 km N of Yakutat, Alaska",Yakutat,Alaska,4.3,2025-12-11 19:20:44.145,60.5383,-139.9131,5.867
"57 km NNW of Fef, Indonesia",Fef,Indonesia,4.3,2025-12-11 18:37:48.327,-0.3219,132.261,10.0
"98 km SSW of Honchō, Japan",Honchō,Japan,4.8,2025-12-11 18:11:05.710,41.2718,142.6321,43.073
"38 km SW of Shuanglong, China",Shuanglong,China,4.7,2025-12-11 17:18:33.784,28.2337,104.0375,16.687
"89 km S of Acajutla, El Salvador",Acajutla,El Salvador,4.8,2025-12-11 17:18:33.313,12.7888,-89.9533,30.987
"87 km S of Honchō, Japan",Honchō,Japan,4.4,2025-12-11 17:04:20.169,41.3422,142.9552,49.785
"43 km ESE of Nikolski, Alaska",Nikolski,Alaska,4.4,2025-12-11 16:23:01.806,52.7348,-168.3029,35.0
"19 km E of Yujing, Taiwan",Yujing,Taiwan,4.7,2025-12-11 15:19:40.693,23.1407,120.6469,10.0
"5 km E of Yujing, Taiwan",Yujing,Taiwan,4.5,2025-12-11 14:49:01.223,23.1147,120.5185,10.0
Kuril Islands,Kuril Islands,Kuril Islands,4.4,2025-12-11 14:48:58.562,47.7371,152.4835,138.606
"54 km S of Baubau, Indonesia",Baubau,Indonesia,4.4,2025-12-11 14:42:08.763,-5.9533,122.5619,21.895
western Xizang,western Xizang,western Xizang,5.1,2025-12-11 11:59:21.639,32.9051,88.6265,10.0
Azores Islands region,Azores Islands region,Azores Islands region,4.6,2025-12-11 11:13:58.245,35.2157,-34.7911,10.0
Scotia Sea,Scotia Sea,Scotia Sea,4.9,2025-12-11 11:01:12.803,-61.2388,-36.4468,10.0
"60 km ESE of Pangai, Tonga",Pangai,Tonga,4.9,2025-12-11 10:37:48.184,-20.0686,-173.839,10.0
"40 km S of Honchō, Japan",Honchō,Japan,4.0,2025-12-11 10:12:14.111,41.7642,142.9023,61.935
"68 km ENE of Aras-asan, Philippines",Aras-asan,Philippines,4.4,2025-12-11 08:56:39.301,9.126,126.8851,10.0
"13 km ENE of Sındırgı, Turkey",Sındırgı,Turkey,4.5,2025-12-11 07:06:14.533,39.2885,28.3186,10.0
"92 km SW of Basco, Philippines",Basco,Philippines,4.0,2025-12-11 06:42:07.689,19.8145,121.392,67.151
"285 km WSW of Olonkinbyen, Svalbard and Jan Mayen",Olonkinbyen,Svalbard and Jan Mayen,4.3,2025-12-11 05:40:45.421,70.0212,-15.8857,10.0
"17 km NNE of La Ligua, Chile",La Ligua,Chile,4.1,2025-12-11 03:07:16.153,-32.3033,-71.1697,81.874
"106 km E of Yokohama, Japan",Yokohama,Japan,4.0,2025-12-11 02:22:24.172,41.197,142.5052,49.256
"131 km NE of Kuji, Japan",Kuji,Japan,4.5,2025-12-11 01:22:57.863,40.8561,143.057,42.754
"210 km SSE of Alo, Wallis and Futuna",Alo,Wallis and Futuna,4.4,2025-12-10 23:15:07.943,-16.0175,-177.2411,429.605
"159 km SE of Kirakira, Solomon Islands",Kirakira,Solomon Islands,4.2,2025-12-10 23:08:40.339,-11.3425,163.0711,10.0
"148 km NNE of Ambler, Alaska",Ambler,Alaska,4.2,2025-12-10 22:17:11.750,68.308,-156.462,0.5
"23 km SSW of Qingnian, China",Qingnian,China,4.5,2025-12-10 20:06:59.123,36.6426,115.6142,10.0
"Izu Islands, Japan region",Izu Islands,Japan region,4.0,2025-12-10 20:02:28.537,29.6455,141.9378,30.674
"85 km WNW of Arauco, Chile",Arauco,Chile,4.0,2025-12-10 20:00:04.364,-36.9195,-74.1943,10.0
"35 km SW of Illapel, Chile",Illapel,Chile,4.4,2025-12-10 15:49:02.383,-31.8201,-71.4676,43.266
Kermadec Islands region,Kermadec Islands region,Kermadec Islands region,4.5,2025-12-10 14:53:27.994,-27.6633,-177.8685,192.961
"108 km ENE of Hachinohe, Japan",Hachinohe,Japan,5.7,2025-12-10 14:52:24.118,40.9018,142.6725,33.0
"242 km SE of Severo-Kuril’sk, Russia",Severo-Kuril’sk,Russia,4.3,2025-12-10 14:34:59.225,48.968,158.2315,10.0
"99 km NNE of Lorengau, Papua New Guinea",Lorengau,Papua New Guinea,4.4,2025-12-10 14:31:40.740,-1.1916,147.5797,10.0
"160 km ESE of Pondaguitan, Philippines",Pondaguitan,Philippines,4.5,2025-12-10 14:09:19.257,6.0139,127.5901,10.0
"97 km E of Yokohama, Japan",Yokohama,Japan,4.5,2025-12-10 14:01:30.025,41.219,142.4005,50.834
South Sandwich Islands region,South Sandwich Islands region,South Sandwich Islands region,4.4,2025-12-10 13:43:00.422,-56.9272,-26.5621,96.912
"66 km W of Panguna, Papua New Guinea",Panguna,Papua New Guinea,5.1,2025-12-10 13:30:15.673,-6.3904,154.8914,87.791
"121 km N of Yakutat, Alaska",Yakutat,Alaska,4.7,2025-12-10 11:28:32.988,60.6249,-139.9973,5.942
"222 km SSE of Alo, Wallis and Futuna",Alo,Wallis and Futuna,4.3,2025-12-10 11:17:01.541,-16.2769,-177.683,10.0
"120 km N of Yakutat, Alaska",Yakutat,Alaska,4.0,2025-12-10 10:58:41.577,60.6272,-139.9301,1.416
"142 km E of Yamada, Japan",Yamada,Japan,4.7,2025-12-10 10:55:12.096,39.3511,143.602,10.0
"117 km N of Yakutat, Alaska",Yakutat,Alaska,4.3,2025-12-10 09:50:17.020,60.5945,-139.9977,5.0
"33 km E of Shwebo, Burma (Myanmar)",Shwebo,Burma (Myanmar),4.7,2025-12-10 09:35:35.862,22.5952,96.0249,10.0
"262 km SW of Severo-Kuril’sk, Russia",Severo-Kuril’sk,Russia,4.4,2025-12-10 09:25:31.628,48.9237,153.6849,161.796
"6 km WNW of Cepitá, Colombia",Cepitá,Colombia,5.5,2025-12-10 08:27:08.631,6.7679,-73.0303,164.618
"80 km NW of Kimbe, Papua New Guinea",Kimbe,Papua New Guinea,4.4,2025-12-10 08:10:23.948,-5.0624,149.6006,393.853
"106 km WSW of Banda Aceh, Indonesia",Banda Aceh,Indonesia,4.9,2025-12-10 07:42:59.419,5.3113,94.4019,42.621
"9 km SW of Lapinigan, Philippines",Lapinigan,Philippines,4.4,2025-12-10 07:41:03.846,8.346,125.9317,35.0
South Sandwich Islands region,South Sandwich Islands region,South Sandwich Islands region,4.3,2025-12-10 07:33:51.431,-59.4211,-25.4353,10.0
"67 km WSW of Vallenar, Chile",Vallenar,Chile,5.2,2025-12-10 06:38:26.810,-28.8423,-71.3853,44.747
"113 km ENE of Misawa, Japan",Misawa,Japan,4.5,2025-12-10 06:23:49.788,41.0148,142.6678,51.628
"Volcano Islands, Japan region",Volcano Islands,Japan region,4.8,2025-12-10 05:18:49.584,23.2217,143.6223,42.436
"126 km WNW of Houma, Tonga",Houma,Tonga,4.3,2025-12-10 05:12:37.615,-20.7068,-176.4087,263.411
"283 km WNW of Houma, Tonga",Houma,Tonga,4.2,2025-12-10 04:07:12.018,-20.3002,-177.8617,523.293
"Kepulauan Babar, Indonesia",Kepulauan Babar,Indonesia,4.3,2025-12-10 01:47:41.841,-7.2997,129.7215,127.354
south of the Kermadec Islands,the Kermadec Islands,south of the Kermadec Islands,4.4,2025-12-10 01:36:16.895,-32.6436,-177.9727,10.0
"20 km ENE of Vinchina, Argentina",Vinchina,Argentina,4.4,2025-12-10 00:15:25.618,-28.6627,-68.0306,89.076
"85 km ESE of Severo-Kuril’sk, Russia",Severo-Kuril’sk,Russia,4.5,2025-12-09 23:19:52.227,50.2716,157.1564,35.0
"95 km ENE of Yokohama, Japan",Yokohama,Japan,4.6,2025-12-09 23:04:36.382,41.2677,142.3659,49.983
"127 km NE of Kuji, Japan",Kuji,Japan,4.1,2025-12-09 22:49:47.435,40.9028,142.9449,35.0
"119 km ENE of Hachinohe, Japan",Hachinohe,Japan,4.5,2025-12-09 22:20:05.736,40.9883,142.7584,49.285
"105 km SSW of Honchō, Japan",Honchō,Japan,4.3,2025-12-09 22:14:40.366,41.2056,142.5948,62.522
"48 km NNW of Naisano Dua, Indonesia",Naisano Dua,Indonesia,4.1,2025-12-09 21:51:09.991,-9.1708,123.6698,35.0
"182 km ESE of Ozernovskiy, Russia",Ozernovskiy,Russia,4.3,2025-12-09 21:26:09.156,51.0151,158.9937,10.0
south of the Fiji Islands,the Fiji Islands,south of the Fiji Islands,5.3,2025-12-09 21:00:16.339,-26.9202,-176.3142,10.0
south of the Fiji Islands,the Fiji Islands,south of the Fiji Islands,5.0,2025-12-09 20:31:15.858,-26.7478,-176.0596,10.0
"24 km ESE of Solok, Indonesia",Solok,Indonesia,4.9,2025-12-09 19:48:26.724,-0.9033,100.8527,10.0
"266 km ESE of Ozernovskiy, Russia",Ozernovskiy,Russia,4.9,2025-12-09 19:43:38.901,50.472,159.9345,10.0
"136 km NW of Ternate, Indonesia",Ternate,Indonesia,4.7,2025-12-09 18:02:29.579,1.6191,126.4763,44.813
"51 km W of Abra Pampa, Argentina",Abra Pampa,Argentina,4.5,2025-12-09 17:54:43.997,-22.8036,-66.1865,250.22
"30 km WSW of Sarpol-e Z̄ahāb, Iran",Sarpol-e Z̄ahāb,Iran,4.5,2025-12-09 17:16:06.824,34.3203,45.5786,10.0
"70 km NNE of Serang, Indonesia",Serang,Indonesia,4.0,2025-12-09 16:56:42.254,-5.4925,106.2967,162.108
"194 km SE of Kuril’sk, Russia",Kuril’sk,Russia,4.0,2025-12-09 16:29:16.837,44.1475,149.8065,10.0
"20 km N of Burang, China",Burang,China,4.2,2025-12-09 15:39:11.542,30.4765,81.1429,19.232
"82 km WSW of Gorontalo, Indonesia",Gorontalo,Indonesia,4.1,2025-12-09 15:20:47.163,0.3533,122.348,129.767
off the coast of Oregon,Oregon,off the coast of Oregon,4.0,2025-12-09 15:12:46.352,44.4079,-129.4365,10.0
"143 km W of Port-Vila, Vanuatu",Port-Vila,Vanuatu,4.1,2025-12-09 14:28:52.348,-17.5689,166.9762,10.0
south of the Kermadec Islands,the Kermadec Islands,south of the Kermadec Islands,4.5,2025-12-09 13:14:57.102,-33.1068,-179.1803,43.184
"42 km NNE of Calama, Chile",Calama,Chile,4.3,2025-12-09 12:57:27.268,-22.119,-68.7234,117.133
"14 km SSE of Cimin, Turkey",Cimin,Turkey,4.4,2025-12-09 12:34:14.298,39.5831,39.7579,10.0
southern East Pacific Rise,southern East Pacific Rise,southern East Pacific Rise,4.7,2025-12-09 12:30:59.966,-34.802,-108.325,10.0
"91 km S of Hualien City, Taiwan",Hualien City,Taiwan,4.4,2025-12-09 12:01:44.110,23.151,121.6227,34.496
"189 km NW of Sola, Vanuatu",Sola,Vanuatu,4.7,2025-12-09 11:25:37.343,-12.5471,166.4468,67.116
south of the Fiji Islands,the Fiji Islands,south of the Fiji Islands,4.8,2025-12-09 11:15:08.715,-26.8807,-176.3446,10.0
"4 km SSE of Lanuza, Philippines",Lanuza,Philippines,4.4,2025-12-09 11:06:36.276,9.1991,126.085,102.632
"134 km E of Petropavlovsk-Kamchatsky, Russia",Petropavlovsk-Kamchatsky,Russia,4.4,2025-12-09 10:54:36.862,52.9308,160.6207,35.0
"39 km W of Ulagan, Russia",Ulagan,Russia,4.4,2025-12-09 10:36:50.444,50.6548,87.3988,10.0
"284 km SW of Grindavík, Iceland",Grindavík,Iceland,5.0,2025-12-09 10:12:35.083,62.0873,-26.5302,10.0
"120 km S of Honchō, Japan",Honchō,Japan,4.3,2025-12-09 10:04:53.345,41.0404,142.932,43.061
"106 km S of Honchō, Japan",Honchō,Japan,4.5,2025-12-09 09:20:03.412,41.1731,142.9607,43.493
"89 km E of Mutsu, Japan",Mutsu,Japan,5.0,2025-12-09 09:09:47.904,41.3127,142.2857,60.104
"58 km WNW of Mejillones, Chile",Mejillones,Chile,4.3,2025-12-09 09:01:19.079,-22.8496,-70.9449,19.159
"32 km W of San Pedro de Atacama, Chile",San Pedro de Atacama,Chile,4.0,2025-12-09 08:47:34.009,-22.901,-68.5169,107.97
"93 km NNE of Yakutat, Alaska",Yakutat,Alaska,4.0,2025-12-09 08:11:22.063,60.3666,-139.4041,5.0
"31 km NNE of Jalālābād, Afghanistan",Jalālābād,Afghanistan,4.3,2025-12-09 07:47:39.999,34.6827,70.6043,65.43
"40 km WNW of Sinabang, Indonesia",Sinabang,Indonesia,5.2,2025-12-09 07:02:53.596,2.5896,96.0297,10.0
Kermadec Islands region,Kermadec Islands region,Kermadec Islands region,4.5,2025-12-09 06:54:53.556,-27.4856,-177.2562,404.6
"98 km E of Gerāsh, Iran",Gerāsh,Iran,4.2,2025-12-09 06:06:11.622,27.626,55.1368,10.0
Kuril Islands,Kuril Islands,Kuril Islands,4.0,2025-12-09 05:57:27.138,48.3865,153.5989,98.514
"130 km ENE of Kuji, Japan",Kuji,Japan,4.1,2025-12-09 05:48:24.817,40.769,143.1019,39.877
"81 km WSW of Antofagasta, Chile",Antofagasta,Chile,4.4,2025-12-09 05:46:50.655,-23.9907,-71.108,10.0
"39 km S of Lata, Solomon Islands",Lata,Solomon Islands,4.5,2025-12-09 05:44:30.604,-11.0777,165.7765,35.0
"88 km S of Honchō, Japan",Honchō,Japan,4.6,2025-12-09 05:15:51.034,41.3365,142.8344,52.931
"104 km E of Yokohama, Japan",Yokohama,Japan,4.4,2025-12-09 04:47:27.581,41.2148,142.4853,51.763
"91 km S of San Juan, Peru",San Juan,Peru,4.1,2025-12-09 04:34:18.000,-16.1945,-75.1677,10.0
"Rat Islands, Aleutian Islands, Alaska",Rat Islands,Alaska,4.7,2025-12-09 04:29:59.508,51.1565,178.5551,18.812
"57 km NNE of Lae, Papua New Guinea",Lae,Papua New Guinea,4.6,2025-12-09 03:33:14.590,-6.2552,147.2248,64.997
south of the Kermadec Islands,the Kermadec Islands,south of the Kermadec Islands,5.2,2025-12-09 03:08:56.832,-32.6071,-177.5916,10.0
"24 km ESE of Salamanca, Chile",Salamanca,Chile,4.1,2025-12-09 01:57:31.713,-31.8934,-70.7405,93.273
"64 km N of Nekā, Iran",Nekā,Iran,4.1,2025-12-09 00:52:42.086,37.2237,53.1893,10.0
Kermadec Islands region,Kermadec Islands region,Kermadec Islands region,5.3,2025-12-09 00:37:07.377,-27.0266,-176.063,10.0
"76 km E of Yokohama, Japan",Yokohama,Japan,4.9,2025-12-09 00:18:27.748,41.2096,142.1449,54.88
"98 km N of Yakutat, Alaska",Yakutat,Alaska,4.1,2025-12-09 00:14:39.776,60.4278,-139.664,5.0
"134 km S of Honchō, Japan",Honchō,Japan,4.4,2025-12-09 00:09:05.294,40.9216,143.11,47.498
"109 km NE of Kuji, Japan",Kuji,Japan,5.6,2025-12-08 23:59:06.545,40.8255,142.7591,47.786
"150 km SSE of Honchō, Japan",Honchō,Japan,4.3,2025-12-08 23:30:21.683,40.8201,143.3748,35.0
south of the Fiji Islands,the Fiji Islands,south of the Fiji Islands,4.6,2025-12-08 22:57:18.657,-26.9863,-176.3965,35.0
"109 km N of Yakutat, Alaska",Yakutat,Alaska,4.3,2025-12-08 22:51:54.145,60.5247,-139.836,4.192
"111 km E of Yokohama, Japan",Yokohama,Japan,4.4,2025-12-08 22:39:28.700,41.1518,142.5761,42.478
"119 km ENE of Kuji, Japan",Kuji,Japan,4.4,2025-12-08 22:30:31.405,40.7407,142.9837,35.0
"119 km S of Honchō, Japan",Honchō,Japan,5.0,2025-12-08 22:07:17.141,41.0582,142.9996,35.0
"129 km S of Honchō, Japan",Honchō,Japan,6.6,2025-12-08 21:52:41.270,40.9761,143.1505,19.0
"64 km SSW of Yonakuni, Japan",Yonakuni,Japan,4.4,2025-12-08 21:24:32.569,23.9524,122.6959,20.209
"127 km SSE of Honchō, Japan",Honchō,Japan,4.6,2025-12-08 21:24:29.915,41.0076,143.2602,35.0
"179 km E of Yamada, Japan",Yamada,Japan,4.4,2025-12-08 21:16:47.543,39.5886,144.0274,10.0
south of the Fiji Islands,the Fiji Islands,south of the Fiji Islands,4.4,2025-12-08 21:16:23.942,-23.5326,-179.6245,554.242
"28 km NW of Port-Olry, Vanuatu",Port-Olry,Vanuatu,4.6,2025-12-08 21:15:51.302,-14.842,166.9071,35.0
"Kepulauan Babar, Indonesia",Kepulauan Babar,Indonesia,4.5,2025-12-08 20:39:39.354,-7.1004,129.3514,147.947
"189 km NNE of Colonia, Micronesia",Colonia,Micronesia,5.0,2025-12-08 20:31:36.800,11.1719,138.5544,10.0
"140 km S of Honchō, Japan",Honchō,Japan,4.4,2025-12-08 19:45:31.833,40.8805,143.1576,42.571
South Sandwich Islands region,South Sandwich Islands region,South Sandwich Islands region,4.4,2025-12-08 19:08:15.348,-58.9813,-24.917,10.0
"128 km S of Honchō, Japan",Honchō,Japan,4.3,2025-12-08 19:04:28.308,40.9719,142.9348,47.888
"138 km S of Honchō, Japan",Honchō,Japan,5.1,2025-12-08 19:01:10.789,40.902,143.2141,31.27
"126 km S of Honchō, Japan",Honchō,Japan,6.0,2025-12-08 18:56:28.321,40.9948,143.1105,22.94
South Sandwich Islands region,South Sandwich Islands region,South Sandwich Islands region,5.5,2025-12-08 18:41:15.496,-58.8007,-25.4875,29.994
"123 km S of Honchō, Japan",Honchō,Japan,4.8,2025-12-08 17:58:28.011,41.0271,143.0895,44.935
"112 km N of Yakutat, Alaska",Yakutat,Alaska,4.5,2025-12-08 17:45:35.956,60.5438,-140.1009,7.366
"51 km WNW of Muara Bungo, Indonesia",Muara Bungo,Indonesia,4.2,2025-12-08 17:34:43.118,-1.3244,101.6844,223.538
"181 km SW of Merizo Village, Guam",Merizo Village,Guam,4.4,2025-12-08 17:27:30.276,11.9715,143.6466,10.0
"123 km ENE of Hachinohe, Japan",Hachinohe,Japan,4.2,2025-12-08 17:12:44.255,41.008,142.7964,41.46
"125 km SSE of Honchō, Japan",Honchō,Japan,4.3,2025-12-08 16:20:56.078,41.0304,143.2638,33.371
"98 km S of Honchō, Japan",Honchō,Japan,4.4,2025-12-08 16:18:46.966,41.2535,142.6957,42.963
"63 km ENE of Misawa, Japan",Misawa,Japan,4.3,2025-12-08 16:08:11.110,40.9678,142.0518,54.603
"134 km S of Honchō, Japan",Honchō,Japan,5.0,2025-12-08 15:57:56.306,40.9229,143.0507,38.822
Davis Strait,Davis Strait,Davis Strait,4.2,2025-12-08 15:53:52.594,61.0517,-60.3748,10.0
"107 km ENE of Misawa, Japan",Misawa,Japan,4.3,2025-12-08 15:09:56.096,40.9936,142.5987,35.0
"102 km SSW of Urakawa, Japan",Urakawa,Japan,4.1,2025-12-08 15:05:33.327,41.2599,142.4695,33.122
"108 km S of Honchō, Japan",Honchō,Japan,4.3,2025-12-08 15:03:36.264,41.1559,142.7514,53.76
"180 km SW of Merizo Village, Guam",Merizo Village,Guam,4.6,2025-12-08 14:42:54.225,12.2043,143.4037,10.0
"93 km ENE of Hachinohe, Japan",Hachinohe,Japan,5.5,2025-12-08 14:33:39.631,40.8889,142.4766,35.0
"2025 Aomori Prefecture, Japan Earthquake",2025 Aomori Prefecture,Japan Earthquake,7.6,2025-12-08 14:15:10.397,40.9966,142.1802,45.351
Mid-Indian Ridge,Mid-Indian Ridge,Mid-Indian Ridge,5.0,2025-12-08 13:18:26.796,-24.0769,69.4561,10.0
"32 km SSW of Kabare, Democratic Republic of the Congo",Kabare,Democratic Republic of the Congo,4.7,2025-12-08 12:19:46.311,-2.7764,28.6988,10.0
"56 km NNE of Baukau, Timor Leste",Baukau,Timor Leste,4.5,2025-12-08 12:19:42.975,-7.9926,126.6309,10.0
"4 km WSW of Evangelista, Philippines",Evangelista,Philippines,4.6,2025-12-08 11:59:13.338,13.3226,121.0611,10.0
"164 km SSE of Alo, Wallis and Futuna",Alo,Wallis and Futuna,4.0,2025-12-08 11:48:03.397,-15.7059,-177.5942,432.635
"21 km SE of Hualien City, Taiwan",Hualien City,Taiwan,5.2,2025-12-08 11:24:54.434,23.8315,121.7444,10.0
"205 km NW of Maubara, Timor Leste",Maubara,Timor Leste,4.1,2025-12-08 10:36:48.432,-7.3832,123.8029,559.942
"22 km NNE of Muratpaşa, Turkey",Muratpaşa,Turkey,5.1,2025-12-08 10:21:33.625,37.0861,30.8326,110.746
"37 km WSW of Pārūn, Afghanistan",Pārūn,Afghanistan,4.1,2025-12-08 09:41:44.606,35.291,70.5468,106.502
south of the Fiji Islands,the Fiji Islands,south of the Fiji Islands,4.4,2025-12-08 07:50:01.737,-24.4481,179.8761,530.008
south of Tonga,Tonga,south of Tonga,4.8,2025-12-08 07:19:02.625,-26.2693,-175.903,10.0
"2 km NW of Polkowice, Poland",Polkowice,Poland,4.3,2025-12-08 05:31:05.283,51.5172,16.0485,10.0
"165 km ENE of Masohi, Indonesia",Masohi,Indonesia,4.4,2025-12-08 05:19:06.596,-2.9844,130.4213,10.0
"230 km NNW of Kuril’sk, Russia",Kuril’sk,Russia,4.4,2025-12-08 04:58:25.383,47.1643,146.8176,359.923
"76 km SE of Mawlaik, Burma (Myanmar)",Mawlaik,Burma (Myanmar),4.2,2025-12-08 04:48:51.329,23.0944,94.8608,94.964
"32 km ENE of Pueblo Nuevo, Venezuela",Pueblo Nuevo,Venezuela,4.5,2025-12-08 02:27:14.174,12.0222,-69.6299,10.0
"171 km SSE of Vilyuchinsk, Russia",Vilyuchinsk,Russia,5.0,2025-12-08 01:32:21.643,51.485,159.2599,35.0
"89 km N of Yakutat, Alaska",Yakutat,Alaska,5.8,2025-12-08 00:56:50.321,60.3454,-139.6253,10.0
"11 km NW of Göynük, Turkey",Göynük,Turkey,4.6,2025-12-08 00:31:56.351,36.7393,30.4636,10.0
Mariana Islands region,Mariana Islands region,Mariana Islands region,4.3,2025-12-07 23:59:58.592,19.9139,146.6582,10.0
"108 km N of Yakutat, Alaska",Yakutat,Alaska,4.8,2025-12-07 23:55:02.638,60.5187,-139.9359,5.0
"108 km N of Yakutat, Alaska",Yakutat,Alaska,5.0,2025-12-07 23:50:34.061,60.5205,-139.8768,2.118
"4 km NNW of Totoral, Peru",Totoral,Peru,4.2,2025-12-07 23:49:15.319,-17.372,-70.3834,118.705
"5 km WSW of Palca, Peru",Palca,Peru,4.9,2025-12-07 23:14:13.413,-17.7869,-70.015,109.604
"9 km N of Armiñón, Spain",Armiñón,Spain,4.0,2025-12-07 23:10:22.772,42.8074,-2.8772,10.0
"145 km ESE of Petropavlovsk-Kamchatsky, Russia",Petropavlovsk-Kamchatsky,Russia,4.3,2025-12-07 22:58:19.336,52.3754,160.4611,35.0
"24 km S of Acajutla, El Salvador",Acajutla,El Salvador,4.4,2025-12-07 22:36:02.504,13.3709,-89.8024,45.319
"99 km SSE of Sand Point, Alaska",Sand Point,Alaska,4.6,2025-12-07 22:17:56.912,54.47,-160.1113,35.0
"261 km ENE of Lospalos, Timor Leste",Lospalos,Timor Leste,4.3,2025-12-07 21:25:32.531,-7.631,129.194,143.86
"44 km SSW of Paurito, Bolivia",Paurito,Bolivia,4.2,2025-12-07 21:02:12.462,-18.2742,-63.0447,21.334
southern Mid-Atlantic Ridge,southern Mid-Atlantic Ridge,southern Mid-Atlantic Ridge,4.5,2025-12-07 21:01:20.402,-12.5965,-14.8284,10.0
"Volcano Islands, Japan region",Volcano Islands,Japan region,4.3,2025-12-07 20:42:26.192,24.8882,141.467,506.127
"130 km E of Petropavlovsk-Kamchatsky, Russia",Petropavlovsk-Kamchatsky,Russia,4.2,2025-12-07 19:58:07.521,53.2208,160.5584,65.76
"26 km NE of Van, Turkey",Van,Turkey,4.4,2025-12-07 19:17:31.517,38.684,43.571,18.712
"105 km N of Yakutat, Alaska",Yakutat,Alaska,4.6,2025-12-07 18:04:08.308,60.4961,-139.641,5.769
"97 km N of Yakutat, Alaska",Yakutat,Alaska,4.3,2025-12-07 17:50:27.858,60.4132,-139.4698,5.772
"98 km N of Yakutat, Alaska",Yakutat,Alaska,4.2,2025-12-07 17:47:07.235,60.4262,-139.6028,8.44
"63 km SE of Severo-Kuril’sk, Russia",Severo-Kuril’sk,Russia,4.5,2025-12-07 17:16:38.158,50.2794,156.7642,68.468
"155 km W of Fakfak, Indonesia",Fakfak,Indonesia,4.5,2025-12-07 16:58:52.918,-3.181,130.9218,40.879
"116 km N of Yakutat, Alaska",Yakutat,Alaska,4.6,2025-12-07 16:56:27.587,60.5892,-139.9389,5.0
"117 km SE of Petropavlovsk-Kamchatsky, Russia",Petropavlovsk-Kamchatsky,Russia,4.9,2025-12-07 16:41:26.301,52.367,159.9426,57.029
"70 km SE of Severo-Kuril’sk, Russia",Severo-Kuril’sk,Russia,5.6,2025-12-07 16:34:10.598,50.2408,156.8451,63.427
"266 km W of Adak, Alaska",Adak,Alaska,4.3,2025-12-07 15:58:37.587,52.1684,179.5168,171.368
"84 km SSE of Champerico, Guatemala",Champerico,Guatemala,4.3,2025-12-07 14:37:22.357,13.5555,-91.7177,35.0
"48 km NNW of Port-Olry, Vanuatu",Port-Olry,Vanuatu,4.4,2025-12-07 14:33:30.220,-14.6748,166.828,10.0
"41 km WSW of Puerto Cortés, Costa Rica",Puerto Cortés,Costa Rica,4.4,2025-12-07 14:20:43.917,8.8865,-83.8971,10.0
"116 km N of Yakutat, Alaska",Yakutat,Alaska,4.3,2025-12-07 13:49:07.892,60.5907,-139.9343,5.0
"39 km WNW of Port-Olry, Vanuatu",Port-Olry,Vanuatu,4.9,2025-12-07 13:25:12.424,-14.9266,166.7213,33.262
south of the Fiji Islands,the Fiji Islands,south of the Fiji Islands,4.4,2025-12-07 12:59:33.700,-26.3858,-177.7972,196.517
"101 km N of Yakutat, Alaska",Yakutat,Alaska,4.2,2025-12-07 12:55:23.572,60.454,-139.5057,5.0
"44 km NW of Port-Olry, Vanuatu",Port-Olry,Vanuatu,4.4,2025-12-07 12:30:47.422,-14.7201,166.8297,10.0
"254 km SSE of Alo, Wallis and Futuna",Alo,Wallis and Futuna,4.8,2025-12-07 12:30:22.204,-16.5086,-177.4203,10.0
"58 km NW of Port-Olry, Vanuatu",Port-Olry,Vanuatu,5.5,2025-12-07 12:16:33.041,-14.6843,166.6769,10.0
"60 km NW of Port-Olry, Vanuatu",Port-Olry,Vanuatu,5.2,2025-12-07 12:16:14.872,-14.675,166.6608,10.0
south of the Fiji Islands,the Fiji Islands,south of the Fiji Islands,4.4,2025-12-07 11:32:20.700,-22.1436,-179.7559,606.114
south of the Fiji Islands,the Fiji Islands,south of the Fiji Islands,4.3,2025-12-07 11:26:33.948,-23.6241,179.7862,531.391
"144 km SE of Akutan, Alaska",Akutan,Alaska,4.7,2025-12-07 11:13:43.286,53.3407,-164.0401,35.0
"116 km N of Yakutat, Alaska",Yakutat,Alaska,4.1,2025-12-07 10:32:13.236,60.5908,-139.8039,5.0
South Sandwich Islands region,South Sandwich Islands region,South Sandwich Islands region,4.5,2025-12-07 10:25:57.910,-55.0907,-26.1847,10.0
"110 km N of Yakutat, Alaska",Yakutat,Alaska,4.2,2025-12-07 10:13:16.174,60.5334,-139.9125,5.0
"111 km N of Yakutat, Alaska",Yakutat,Alaska,4.4,2025-12-07 09:41:57.914,60.5462,-139.9158,5.0
"Izu Islands, Japan region",Izu Islands,Japan region,4.7,2025-12-07 09:38:12.460,32.0967,140.2388,95.775
"145 km WNW of Constitución, Chile",Constitución,Chile,4.4,2025-12-07 09:35:45.765,-34.6811,-73.8003,10.0
"108 km NNW of Yakutat, Alaska",Yakutat,Alaska,4.5,2025-12-07 09:12:44.890,60.4975,-140.1135,5.0
"111 km N of Yakutat, Alaska",Yakutat,Alaska,4.1,2025-12-07 09:12:17.620,60.5344,-140.0104,5.232
"76 km WNW of Port-Olry, Vanuatu",Port-Olry,Vanuatu,4.5,2025-12-07 09:08:06.357,-14.8776,166.383,10.0
"145 km SE of Vilyuchinsk, Russia",Vilyuchinsk,Russia,4.5,2025-12-07 06:08:19.562,51.8953,159.7051,51.261
"124 km N of Yakutat, Alaska",Yakutat,Alaska,4.2,2025-12-07 05:55:51.453,60.659,-139.9129,5.0
"218 km WSW of Tual, Indonesia",Tual,Indonesia,5.2,2025-12-07 04:55:53.661,-6.6294,131.0539,35.0
south of the Fiji Islands,the Fiji Islands,south of the Fiji Islands,4.6,2025-12-07 04:33:50.834,-23.6383,179.9884,544.334
"118 km N of Yakutat, Alaska",Yakutat,Alaska,4.3,2025-12-07 04:23:14.170,60.6116,-139.8747,5.0
"114 km N of Yakutat, Alaska",Yakutat,Alaska,5.2,2025-12-07 04:20:37.162,60.5616,-140.0066,7.321
"102 km N of Yakutat, Alaska",Yakutat,Alaska,4.1,2025-12-07 04:19:46.011,60.4612,-139.5581,5.0
"70 km SSW of Severo-Kuril’sk, Russia",Severo-Kuril’sk,Russia,4.7,2025-12-07 04:01:10.374,50.1038,155.7078,100.521
"3 km N of El Porvenir, Mexico",El Porvenir,Mexico,4.3,2025-12-07 03:36:34.332,17.5087,-95.2491,138.852
"113 km N of Yakutat, Alaska",Yakutat,Alaska,4.2,2025-12-07 03:20:03.604,60.558,-139.9851,4.0
"101 km N of Yakutat, Alaska",Yakutat,Alaska,4.6,2025-12-07 03:12:17.410,60.4528,-139.5152,5.0
"37 km E of Dārchulā, Nepal",Dārchulā,Nepal,4.4,2025-12-07 02:43:07.342,29.8698,80.9384,43.404
"115 km N of Yakutat, Alaska",Yakutat,Alaska,4.2,2025-12-07 02:29:03.350,60.5671,-140.0994,5.0
"278 km SSE of Alo, Wallis and Futuna",Alo,Wallis and Futuna,5.1,2025-12-07 02:06:30.024,-16.7399,-177.4138,10.0
"100 km N of Yakutat, Alaska",Yakutat,Alaska,4.3,2025-12-07 01:56:24.002,60.4444,-139.612,5.0
"102 km SE of Severo-Kuril’sk, Russia",Severo-Kuril’sk,Russia,4.5,2025-12-07 01:42:45.446,50.0786,157.2271,35.0
"6 km S of Kalávryta, Greece",Kalávryta,Greece,4.3,2025-12-07 01:35:52.841,37.9746,22.0989,36.343
"110 km N of Yakutat, Alaska",Yakutat,Alaska,4.5,2025-12-07 01:23:03.945,60.5398,-139.8645,5.0
"42 km NE of Colonia, Micronesia",Colonia,Micronesia,4.5,2025-12-07 00:54:08.934,9.7333,138.4384,10.0
"69 km E of Nichinan, Japan",Nichinan,Japan,4.5,2025-12-07 00:31:41.951,31.6052,132.103,44.002
"118 km E of Yamada, Japan",Yamada,Japan,4.9,2025-12-07 00:16:46.480,39.5461,143.3292,31.708
"102 km N of Yakutat, Alaska",Yakutat,Alaska,4.3,2025-12-07 00:14:44.214,60.4663,-139.7008,5.0
West Chile Rise,West Chile Rise,West Chile Rise,4.4,2025-12-06 23:56:28.198,-41.2745,-86.0338,10.0
"100 km N of Yakutat, Alaska",Yakutat,Alaska,4.4,2025-12-06 23:34:00.542,60.4474,-139.5567,5.0
"109 km N of Yakutat, Alaska",Yakutat,Alaska,4.3,2025-12-06 23:06:29.610,60.5321,-139.7947,5.0
"117 km NNW of Yakutat, Alaska",Yakutat,Alaska,4.0,2025-12-06 23:05:47.637,60.5737,-140.208,5.0
"108 km N of Yakutat, Alaska",Yakutat,Alaska,4.4,2025-12-06 23:02:12.974,60.5153,-139.8741,3.26
"59 km SSW of Hualien City, Taiwan",Hualien City,Taiwan,4.1,2025-12-06 22:48:01.373,23.4513,121.4769,30.693
"96 km N of Yakutat, Alaska",Yakutat,Alaska,4.0,2025-12-06 22:42:49.630,60.4171,-139.7011,5.0
"111 km N of Yakutat, Alaska",Yakutat,Alaska,4.6,2025-12-06 22:34:31.415,60.5381,-139.9552,5.0
"264 km ESE of Severo-Kuril’sk, Russia",Severo-Kuril’sk,Russia,4.3,2025-12-06 22:28:21.492,49.7629,159.5459,10.0
"62 km E of Palca, Peru",Palca,Peru,4.2,2025-12-06 22:10:43.475,-17.7769,-69.3728,147.365
"98 km N of Yakutat, Alaska",Yakutat,Alaska,4.0,2025-12-06 21:49:26.981,60.4319,-139.8495,10.0
"93 km N of Yakutat, Alaska",Yakutat,Alaska,4.0,2025-12-06 21:35:22.962,60.3842,-139.5494,10.0
"114 km N of Yakutat, Alaska",Yakutat,Alaska,4.5,2025-12-06 21:03:59.523,60.5698,-139.9825,5.0
"117 km NNW of Yakutat, Alaska",Yakutat,Alaska,4.4,2025-12-06 21:03:21.203,60.5696,-140.224,5.0
"94 km NNE of Yakutat, Alaska",Yakutat,Alaska,4.1,2025-12-06 21:01:31.656,60.3773,-139.393,8.726
"105 km N of Yakutat, Alaska",Yakutat,Alaska,4.4,2025-12-06 21:00:12.432,60.493,-139.8571,5.0
"112 km N of Yakutat, Alaska",Yakutat,Alaska,4.3,2025-12-06 20:59:51.685,60.5545,-139.7583,5.0
"100 km N of Yakutat, Alaska",Yakutat,Alaska,4.0,2025-12-06 20:58:09.530,60.435,-139.448,1.5
"118 km N of Yakutat, Alaska",Yakutat,Alaska,4.6,2025-12-06 20:57:37.832,60.5993,-139.9849,5.0
"88 km N of Yakutat, Alaska",Yakutat,Alaska,4.4,2025-12-06 20:56:03.961,60.3374,-139.5069,5.0
"96 km N of Yakutat, Alaska",Yakutat,Alaska,4.9,2025-12-06 20:54:38.679,60.4092,-139.5694,5.0
"118 km N of Yakutat, Alaska",Yakutat,Alaska,4.0,2025-12-06 20:53:31.908,60.6113,-139.793,5.0
"88 km NNE of Yakutat, Alaska",Yakutat,Alaska,5.087666993181132,2025-12-06 20:51:52.900,60.31888580322266,-139.35723876953125,10.75879955291748
"91 km NNE of Yakutat, Alaska",Yakutat,Alaska,4.3,2025-12-06 20:49:23.160,60.3517,-139.4116,5.0
"7 km WNW of Kalávryta, Greece",Kalávryta,Greece,4.8,2025-12-06 20:48:08.874,38.0628,22.0416,15.92
"98 km NNE of Yakutat, Alaska",Yakutat,Alaska,4.4,2025-12-06 20:48:00.377,60.4099,-139.3825,1.467
"93 km NNE of Yakutat, Alaska",Yakutat,Alaska,5.2,2025-12-06 20:46:10.622,60.3673,-139.4012,5.0
2025 Hubbard Glacier Earthquake,2025 Hubbard Glacier Earthquake,2025 Hubbard Glacier Earthquake,7.0,2025-12-06 20:41:48.011,60.308,-139.5486,5.0
"82 km ESE of La Tirana, Chile",La Tirana,Chile,4.4,2025-12-06 20:20:13.594,-20.5563,-68.8995,94.341
"19 km SSE of Ruteng, Indonesia",Ruteng,Indonesia,4.2,2025-12-06 20:06:45.816,-8.7796,120.5043,120.53
"22 km NE of Kokoda, Papua New Guinea",Kokoda,Papua New Guinea,4.4,2025-12-06 19:51:16.548,-8.7344,147.8776,30.385
"255 km SSE of Isangel, Vanuatu",Isangel,Vanuatu,4.4,2025-12-06 19:29:11.793,-21.5634,170.4573,101.337
"74 km ENE of Petropavlovsk-Kamchatsky, Russia",Petropavlovsk-Kamchatsky,Russia,4.5,2025-12-06 18:14:51.940,53.3085,159.6693,71.816
"86 km WNW of Hihifo, Tonga",Hihifo,Tonga,4.4,2025-12-06 17:38:04.642,-15.7458,-174.5699,139.523
"171 km ESE of Petropavlovsk-Kamchatsky, Russia",Petropavlovsk-Kamchatsky,Russia,4.3,2025-12-06 16:50:30.057,52.6479,161.0718,10.0
"19 km WSW of Qūchān, Iran",Qūchān,Iran,4.5,2025-12-06 16:46:28.050,37.0417,58.3061,10.0
"4 km SSW of Victoria, Philippines",Victoria,Philippines,4.1,2025-12-06 15:48:54.971,13.1434,121.2556,10.0
southern East Pacific Rise,southern East Pacific Rise,southern East Pacific Rise,5.1,2025-12-06 15:12:19.159,-55.1495,-126.6904,10.0
Drake Passage,Drake Passage,Drake Passage,4.8,2025-12-06 13:24:39.148,-60.1573,-61.6928,10.0
"18 km ESE of Shahritus, Tajikistan",Shahritus,Tajikistan,4.6,2025-12-06 13:07:38.410,37.1766,68.3153,39.821
"160 km E of Petropavlovsk-Kamchatsky, Russia",Petropavlovsk-Kamchatsky,Russia,4.1,2025-12-06 12:52:28.181,52.8085,160.9717,28.604
"166 km E of Petropavlovsk-Kamchatsky, Russia",Petropavlovsk-Kamchatsky,Russia,4.6,2025-12-06 11:12:43.621,52.8181,161.0695,10.0
"11 km SE of Cuauhtémoc, Mexico",Cuauhtémoc,Mexico,4.3,2025-12-06 10:48:11.875,17.0202,-94.8182,94.535
"205 km SSE of Vilyuchinsk, Russia",Vilyuchinsk,Russia,4.1,2025-12-06 10:44:25.473,51.2234,159.5467,10.0
"165 km ESE of Petropavlovsk-Kamchatsky, Russia",Petropavlovsk-Kamchatsky,Russia,4.8,2025-12-06 10:31:26.849,52.7715,161.0444,10.0
"159 km ESE of Petropavlovsk-Kamchatsky, Russia",Petropavlovsk-Kamchatsky,Russia,4.6,2025-12-06 10:21:21.364,52.5265,160.8204,31.483
"31 km SE of Kushima, Japan",Kushima,Japan,4.3,2025-12-06 08:15:00.330,31.2753,131.465,52.787
"260 km ESE of Petropavlovsk-Kamchatsky, Russia",Petropavlovsk-Kamchatsky,Russia,4.2,2025-12-06 05:24:31.919,52.5202,162.3847,10.0
"Kermadec Islands, New Zealand",Kermadec Islands,New Zealand,4.7,2025-12-06 05:07:19.127,-29.7112,-177.0683,10.0
"108 km SSW of La Gloria, Mexico",La Gloria,Mexico,4.4,2025-12-06 04:58:57.570,15.2533,-94.5286,35.0
"113 km S of Koróni, Greece",Koróni,Greece,4.6,2025-12-06 04:47:46.431,35.7896,21.752,32.234
"144 km NE of Lospalos, Timor Leste",Lospalos,Timor Leste,4.3,2025-12-06 04:03:07.628,-7.5002,127.8101,165.544
"15 km SSW of Jurm, Afghanistan",Jurm,Afghanistan,4.2,2025-12-06 02:40:28.887,36.7425,70.7593,156.418
"159 km ESE of Petropavlovsk-Kamchatsky, Russia",Petropavlovsk-Kamchatsky,Russia,5.1,2025-12-06 02:10:26.110,52.5956,160.8653,13.146
"14 km SW of Merizo Village, Guam",Merizo Village,Guam,4.5,2025-12-06 01:16:11.581,13.1747,144.567,75.892
"85 km W of Tobelo, Indonesia",Tobelo,Indonesia,5.1,2025-12-06 00:44:34.405,1.6522,127.2482,113.578
West Chile Rise,West Chile Rise,West Chile Rise,4.6,2025-12-05 23:40:53.957,-44.136,-82.1174,10.0
"160 km SSW of Severo-Kuril’sk, Russia",Severo-Kuril’sk,Russia,4.6,2025-12-05 23:28:17.614,49.3278,155.3228,64.897
"31 km W of Pop, Uzbekistan",Pop,Uzbekistan,4.3,2025-12-05 21:04:12.668,40.8949,70.7398,19.215
"124 km S of Tambolaka, Indonesia",Tambolaka,Indonesia,5.1,2025-12-05 20:42:20.517,-10.5535,119.2458,23.371
North Atlantic Ocean,North Atlantic Ocean,North Atlantic Ocean,4.9,2025-12-05 19:47:23.636,7.0273,-46.2267,10.0
"8 km ESE of Padong, Philippines",Padong,Philippines,4.5,2025-12-05 19:37:21.774,18.0289,120.8263,10.0
"201 km SW of José María Morelos, Mexico",José María Morelos,Mexico,5.5,2025-12-05 19:33:40.764,18.6143,-106.7426,10.0
"89 km NNW of San Antonio, Puerto Rico",San Antonio,Puerto Rico,4.0,2025-12-05 19:32:02.240,19.2611,-67.3546,38.0
Drake Passage,Drake Passage,Drake Passage,4.7,2025-12-05 19:24:33.804,-60.161,-62.1152,10.0
"262 km E of Levuka, Fiji",Levuka,Fiji,4.2,2025-12-05 18:23:57.572,-18.0508,-178.2073,623.734
Drake Passage,Drake Passage,Drake Passage,4.5,2025-12-05 18:18:48.925,-60.0779,-62.4141,10.0
"33 km N of Chamba, India",Chamba,India,4.0,2025-12-05 18:06:37.924,32.8569,76.0845,18.813
"159 km WNW of Jamestown, Saint Helena",Jamestown,Saint Helena,4.3,2025-12-05 16:38:27.841,-15.5168,-7.1357,10.0
"196 km SW of José María Morelos, Mexico",José María Morelos,Mexico,4.3,2025-12-05 16:22:45.221,18.6541,-106.715,10.0
"131 km S of Lata, Solomon Islands",Lata,Solomon Islands,4.5,2025-12-05 16:06:08.302,-11.9095,165.8452,10.0
"79 km SSW of Kýthira, Greece",Kýthira,Greece,4.4,2025-12-05 15:49:43.351,35.5092,22.589,56.728
south of the Fiji Islands,the Fiji Islands,south of the Fiji Islands,4.6,2025-12-05 14:40:33.456,-26.7508,-176.2161,10.0
"151 km E of Petropavlovsk-Kamchatsky, Russia",Petropavlovsk-Kamchatsky,Russia,4.8,2025-12-05 12:03:57.332,52.9696,160.8724,10.0
North Atlantic Ocean,North Atlantic Ocean,North Atlantic Ocean,4.9,2025-12-05 11:50:23.985,6.8632,-46.4868,10.0
"139 km SW of Dunhuang, China",Dunhuang,China,4.5,2025-12-05 11:48:31.746,39.3411,93.4557,10.0
"47 km ENE of Singaraja, Indonesia",Singaraja,Indonesia,4.4,2025-12-05 11:02:08.471,-7.9671,115.4959,219.796
Drake Passage,Drake Passage,Drake Passage,5.5,2025-12-05 10:50:20.271,-60.1808,-62.0744,10.0
"3 km ESE of Fuengirola, Spain",Fuengirola,Spain,4.4,2025-12-05 09:38:34.929,36.5232,-4.5893,58.514
"41 km SW of San Pedro de Atacama, Chile",San Pedro de Atacama,Chile,4.1,2025-12-05 08:15:53.415,-23.1259,-68.5298,113.005
"169 km SSE of Vilyuchinsk, Russia",Vilyuchinsk,Russia,4.3,2025-12-05 07:59:20.521,51.5189,159.347,49.773
"Kepulauan Babar, Indonesia",Kepulauan Babar,Indonesia,4.3,2025-12-05 06:14:35.317,-7.2367,129.594,126.655
"140 km ESE of Kimbe, Papua New Guinea",Kimbe,Papua New Guinea,4.5,2025-12-05 05:34:35.711,-6.1134,151.271,10.0
"147 km ENE of Petropavlovsk-Kamchatsky, Russia",Petropavlovsk-Kamchatsky,Russia,4.3,2025-12-05 04:54:56.683,53.7772,160.4941,58.333
"57 km NW of Madang, Papua New Guinea",Madang,Papua New Guinea,4.6,2025-12-05 04:39:56.968,-4.879,145.3954,156.556
"125 km NNE of Roxby Downs, Australia",Roxby Downs,Australia,4.1,2025-12-05 04:15:48.464,-29.5889,137.5583,10.0
"100 km SSW of Severo-Kuril’sk, Russia",Severo-Kuril’sk,Russia,4.5,2025-12-05 01:52:17.427,49.8062,155.7417,72.97
"188 km SSE of Vilyuchinsk, Russia",Vilyuchinsk,Russia,4.7,2025-12-04 19:43:05.036,51.359,159.4329,35.0
Kermadec Islands region,Kermadec Islands region,Kermadec Islands region,5.3,2025-12-04 19:13:00.752,-27.495,-176.1569,10.0
"94 km SSE of Vilyuchinsk, Russia",Vilyuchinsk,Russia,4.1,2025-12-04 18:32:05.269,52.1637,159.0157,61.099
South Sandwich Islands region,South Sandwich Islands region,South Sandwich Islands region,4.3,2025-12-04 18:16:06.541,-55.7918,-26.7357,10.0
"South of Lombok, Indonesia",Lombok,Indonesia,4.5,2025-12-04 17:46:27.614,-11.7572,116.8905,10.0
South Sandwich Islands region,South Sandwich Islands region,South Sandwich Islands region,4.7,2025-12-04 16:17:39.214,-55.3878,-24.7652,35.895
"153 km S of Martapura, Indonesia",Martapura,Indonesia,4.2,2025-12-04 14:42:20.991,-4.7912,114.7513,10.0
"78 km WNW of Modisi, Indonesia",Modisi,Indonesia,4.5,2025-12-04 13:34:41.940,0.7895,123.8201,252.173
"56 km E of Petropavlovsk-Kamchatsky, Russia",Petropavlovsk-Kamchatsky,Russia,4.8,2025-12-04 13:18:35.329,53.0506,159.4767,70.87
southern Mid-Atlantic Ridge,southern Mid-Atlantic Ridge,southern Mid-Atlantic Ridge,5.1,2025-12-04 12:35:56.282,-19.9635,-12.372,10.0
"174 km NW of Panguna, Papua New Guinea",Panguna,Papua New Guinea,4.6,2025-12-04 12:16:49.791,-5.4173,154.1918,130.321
southeast of the Loyalty Islands,the Loyalty Islands,southeast of the Loyalty Islands,4.3,2025-12-04 12:00:04.420,-22.9693,170.5406,10.0
"130 km N of Lobuche, Nepal",Lobuche,Nepal,4.1,2025-12-04 11:59:01.015,29.1109,87.0043,10.0
"275 km WNW of Houma, Tonga",Houma,Tonga,4.2,2025-12-04 11:42:06.354,-20.1441,-177.7104,531.004
"175 km W of Abepura, Indonesia",Abepura,Indonesia,4.1,2025-12-04 10:59:56.673,-2.3595,139.0707,25.797
"136 km NNW of Tumxuk, China",Tumxuk,China,5.8,2025-12-04 07:44:06.341,41.0099,78.4441,9.0
"44 km WNW of San Pedro de Atacama, Chile",San Pedro de Atacama,Chile,4.4,2025-12-04 07:15:00.427,-22.7353,-68.5873,123.317
"133 km NNE of Tobelo, Indonesia",Tobelo,Indonesia,4.3,2025-12-04 06:25:34.748,2.7818,128.5872,222.675
"69 km W of Sinabang, Indonesia",Sinabang,Indonesia,4.4,2025-12-04 06:05:18.349,2.5657,95.7595,24.561
"Pagan region, Northern Mariana Islands",Pagan region,Northern Mariana Islands,4.8,2025-12-04 04:42:55.356,18.2905,146.2495,87.63
Fiji region,Fiji region,Fiji region,5.2,2025-12-04 04:31:45.462,-21.4912,-179.2237,599.274
"159 km ESE of Modisi, Indonesia",Modisi,Indonesia,5.0,2025-12-04 04:23:11.091,-0.3169,125.646,76.161
"1 km SW of Santa Gertrudis Miramar, Mexico",Santa Gertrudis Miramar,Mexico,5.2,2025-12-04 03:45:09.857,16.0587,-95.4009,67.017
"37 km SE of Tobelo, Indonesia",Tobelo,Indonesia,4.6,2025-12-04 03:17:26.676,1.4567,128.2043,106.214
Pacific-Antarctic Ridge,Pacific-Antarctic Ridge,Pacific-Antarctic Ridge,5.1,2025-12-04 03:14:35.540,-54.9048,-129.2594,10.0
Pacific-Antarctic Ridge,Pacific-Antarctic Ridge,Pacific-Antarctic Ridge,5.5,2025-12-04 03:12:08.029,-55.3756,-128.1136,10.0
"194 km WSW of Port McNeill, Canada",Port McNeill,Canada,4.1,2025-12-04 02:28:16.666,50.1191,-129.724,10.0
"181 km E of Ozernovskiy, Russia",Ozernovskiy,Russia,4.3,2025-12-04 01:57:46.127,51.2104,159.0646,10.0
"37 km NNW of Thang, India",Thang,India,4.2,2025-12-04 00:21:31.583,35.2286,76.6052,10.0
"2 km ENE of Dhaka, Bangladesh",Dhaka,Bangladesh,4.1,2025-12-04 00:14:40.236,23.7187,90.427,10.0
"38 km NNE of Castlepoint, New Zealand",Castlepoint,New Zealand,4.2,2025-12-03 23:17:42.485,-40.583,176.3945,25.903
"32 km ESE of Mangatainoka, New Zealand",Mangatainoka,New Zealand,4.5,2025-12-03 22:47:13.075,-40.5048,176.2241,19.726
"59 km ESE of Ozernovskiy, Russia",Ozernovskiy,Russia,4.1,2025-12-03 21:56:07.171,51.2005,157.2175,87.431
"75 km W of Bojnūrd, Iran",Bojnūrd,Iran,4.1,2025-12-03 21:51:46.217,37.4632,56.4799,10.0
Fiji region,Fiji region,Fiji region,4.1,2025-12-03 20:49:33.517,-20.2032,-178.1048,560.186
"50 km ESE of Severo-Kuril’sk, Russia",Severo-Kuril’sk,Russia,4.3,2025-12-03 19:10:39.910,50.4878,156.7733,86.299
"224 km E of Kokopo, Papua New Guinea",Kokopo,Papua New Guinea,4.7,2025-12-03 17:36:42.720,-4.4978,154.2852,10.0
Kermadec Islands region,Kermadec Islands region,Kermadec Islands region,5.0,2025-12-03 16:42:27.392,-31.5476,-178.4085,10.0
"Izu Islands, Japan region",Izu Islands,Japan region,4.5,2025-12-03 15:54:36.774,29.4748,141.4531,78.012
"30 km WNW of Barishal, Pakistan",Barishal,Pakistan,4.4,2025-12-03 14:45:20.072,36.4151,74.3758,35.0
"54 km ESE of Onagawa Chō, Japan",Onagawa Chō,Japan,4.4,2025-12-03 14:41:01.951,38.3161,142.0482,57.554
"2 km NE of Camotlán de Miraflores, Mexico",Camotlán de Miraflores,Mexico,4.3,2025-12-03 14:19:06.476,19.2332,-104.2214,38.416
"198 km SSE of Vilyuchinsk, Russia",Vilyuchinsk,Russia,4.3,2025-12-03 14:05:05.807,51.2728,159.4839,23.645
Vanuatu region,Vanuatu region,Vanuatu region,4.5,2025-12-03 14:01:21.937,-15.1264,172.3477,636.785
"99 km NNE of Ollagüe, Chile",Ollagüe,Chile,4.1,2025-12-03 13:31:15.404,-20.3768,-67.9493,156.159
"81 km ESE of Chignik, Alaska",Chignik,Alaska,4.451483061928972,2025-12-03 13:17:33.286,56.05329132080078,-157.1608428955078,28.560338973999023
"Izu Islands, Japan region",Izu Islands,Japan region,4.5,2025-12-03 13:04:19.384,31.0262,143.1151,10.0
"204 km W of Tual, Indonesia",Tual,Indonesia,4.4,2025-12-03 13:00:49.479,-5.7806,130.9141,118.123
"86 km SW of El Arenal, Mexico",El Arenal,Mexico,4.7,2025-12-03 12:59:13.374,14.6744,-93.3167,35.0
"192 km WSW of Adak, Alaska",Adak,Alaska,4.2,2025-12-03 11:39:37.708,51.138,-179.1438,35.0
"71 km WSW of Vallenar, Chile",Vallenar,Chile,4.3,2025-12-03 10:54:06.059,-28.848,-71.4269,35.816
"115 km S of Vilyuchinsk, Russia",Vilyuchinsk,Russia,4.2,2025-12-03 09:08:28.633,51.8962,158.5115,70.037
"265 km WNW of Houma, Tonga",Houma,Tonga,4.2,2025-12-03 07:49:55.033,-20.373,-177.7093,523.167
"214 km SSW of Srandakan, Indonesia",Srandakan,Indonesia,4.5,2025-12-03 07:06:46.979,-9.7658,109.6044,41.835
"71 km SE of Honchō, Japan",Honchō,Japan,4.2,2025-12-03 06:20:22.072,42.3068,144.1851,49.069
"67 km ENE of Khorugh, Tajikistan",Khorugh,Tajikistan,4.2,2025-12-03 05:30:07.681,37.8111,72.1989,187.016
"107 km SE of Burica, Panama",Burica,Panama,4.3,2025-12-03 04:44:52.285,7.2306,-82.3157,10.0
south of the Fiji Islands,the Fiji Islands,south of the Fiji Islands,4.5,2025-12-03 03:07:32.623,-24.6527,179.9802,532.511
"14 km SE of Rāmhormoz, Iran",Rāmhormoz,Iran,4.1,2025-12-03 02:15:35.839,31.1827,49.7002,10.0
"208 km E of Levuka, Fiji",Levuka,Fiji,4.6,2025-12-03 01:57:12.859,-17.7849,-178.7413,552.073
"103 km NW of Talcahuano, Chile",Talcahuano,Chile,4.1,2025-12-03 01:53:27.184,-36.0151,-73.8568,19.688
"94 km NW of Talcahuano, Chile",Talcahuano,Chile,4.3,2025-12-03 01:42:45.314,-36.0772,-73.7967,23.172
"81 km NW of Talcahuano, Chile",Talcahuano,Chile,4.2,2025-12-03 01:26:30.948,-36.2016,-73.7556,18.668
Fiji region,Fiji region,Fiji region,5.6,2025-12-02 23:35:28.675,-20.8566,-178.9541,620.0
"68 km S of Pocito, Argentina",Pocito,Argentina,4.4,2025-12-02 23:28:31.827,-32.2965,-68.5182,37.463
"174 km NNW of Sola, Vanuatu",Sola,Vanuatu,4.9,2025-12-02 22:57:52.961,-12.4465,166.8701,204.123
Kermadec Islands region,Kermadec Islands region,Kermadec Islands region,4.7,2025-12-02 19:57:55.245,-27.6938,179.4477,514.853
"82 km S of Severo-Kuril’sk, Russia",Severo-Kuril’sk,Russia,4.4,2025-12-02 17:24:19.286,49.9351,156.0616,70.767
"42 km SSE of Kieta, Papua New Guinea",Kieta,Papua New Guinea,4.3,2025-12-02 16:36:09.806,-6.5701,155.7736,175.202
south of the Fiji Islands,the Fiji Islands,south of the Fiji Islands,4.3,2025-12-02 15:55:35.532,-23.1571,-177.567,220.922
south of the Fiji Islands,the Fiji Islands,south of the Fiji Islands,4.3,2025-12-02 15:49:26.854,-26.5494,-176.1108,10.0
"174 km SE of Hihifo, Tonga",Hihifo,Tonga,4.6,2025-12-02 15:24:18.806,-16.8566,-172.4617,10.0
south of the Fiji Islands,the Fiji Islands,south of the Fiji Islands,4.3,2025-12-02 15:16:09.069,-26.6233,-176.0182,10.0
"3 km WNW of Naic, Philippines",Naic,Philippines,4.4,2025-12-02 15:07:51.461,14.3289,120.7398,221.545
"129 km E of Petropavlovsk-Kamchatsky, Russia",Petropavlovsk-Kamchatsky,Russia,4.1,2025-12-02 14:36:05.246,52.8571,160.5243,41.146
"107 km SW of Fīrūzābād, Iran",Fīrūzābād,Iran,4.2,2025-12-02 13:30:04.967,28.2462,51.7119,10.0
"74 km ESE of Bintuni, Indonesia",Bintuni,Indonesia,4.6,2025-12-02 13:28:01.116,-2.3276,134.1553,5.054
"96 km ESE of Teluk Dalam, Indonesia",Teluk Dalam,Indonesia,5.1,2025-12-02 13:16:24.210,0.337,98.6405,49.768
"7 km WNW of Tecpán Guatemala, Guatemala",Tecpán Guatemala,Guatemala,4.3,2025-12-02 12:59:00.340,14.7856,-91.0593,169.27
"61 km ESE of Ollagüe, Chile",Ollagüe,Chile,4.3,2025-12-02 12:56:46.012,-21.363,-67.6842,211.606
"179 km NE of Lospalos, Timor Leste",Lospalos,Timor Leste,4.6,2025-12-02 12:30:13.963,-7.4197,128.1947,143.843
"94 km SE of Severo-Kuril’sk, Russia",Severo-Kuril’sk,Russia,5.3,2025-12-02 11:10:39.281,50.0773,157.0663,35.0
"53 km ESE of Shimoda, Japan",Shimoda,Japan,4.4,2025-12-02 11:07:15.555,34.4938,139.4817,10.0
"5 km N of Sagaing, Burma (Myanmar)",Sagaing,Burma (Myanmar),4.8,2025-12-02 11:01:09.803,21.9235,95.9869,10.0
"94 km ENE of Nagqu, China",Nagqu,China,4.8,2025-12-02 10:56:23.331,31.9102,92.921,10.0
central Mid-Atlantic Ridge,central Mid-Atlantic Ridge,central Mid-Atlantic Ridge,4.3,2025-12-02 10:39:41.629,9.452,-40.4419,10.0
"46 km S of Nemuro, Japan",Nemuro,Japan,5.0,2025-12-02 10:03:03.596,42.9062,145.5507,35.0
central Mid-Atlantic Ridge,central Mid-Atlantic Ridge,central Mid-Atlantic Ridge,4.4,2025-12-02 09:40:59.929,9.5346,-40.5662,10.0
South Sandwich Islands region,South Sandwich Islands region,South Sandwich Islands region,4.5,2025-12-02 09:23:04.488,-59.1111,-25.0092,24.481
"Galapagos Islands, Ecuador region",Galapagos Islands,Ecuador region,4.3,2025-12-02 08:44:25.979,2.3968,-95.213,10.0
"Galapagos Islands, Ecuador region",Galapagos Islands,Ecuador region,4.1,2025-12-02 08:36:00.736,2.1406,-95.5696,10.0
"99 km NE of Hihifo, Tonga",Hihifo,Tonga,4.5,2025-12-02 08:27:52.812,-15.3238,-173.135,10.0
central Mid-Atlantic Ridge,central Mid-Atlantic Ridge,central Mid-Atlantic Ridge,4.6,2025-12-02 08:05:35.252,9.545,-40.4776,10.0
"167 km E of Ozernovskiy, Russia",Ozernovskiy,Russia,4.3,2025-12-02 08:02:34.016,51.3829,158.8963,31.504
central Mid-Atlantic Ridge,central Mid-Atlantic Ridge,central Mid-Atlantic Ridge,5.2,2025-12-02 07:34:30.673,9.3019,-40.681,10.0
central Mid-Atlantic Ridge,central Mid-Atlantic Ridge,central Mid-Atlantic Ridge,4.6,2025-12-02 05:59:28.153,9.4392,-40.5327,10.0
"96 km SE of Severo-Kuril’sk, Russia",Severo-Kuril’sk,Russia,4.1,2025-12-02 05:48:27.203,50.0607,157.0884,36.54
south of the Fiji Islands,the Fiji Islands,south of the Fiji Islands,5.0,2025-12-02 05:13:57.568,-26.8248,-176.2178,10.0
"16 km NE of Mene Grande, Venezuela",Mene Grande,Venezuela,4.6,2025-12-02 04:48:24.805,9.9404,-70.8134,10.0
"63 km E of Severo-Kuril’sk, Russia",Severo-Kuril’sk,Russia,4.3,2025-12-02 04:47:12.940,50.6857,157.0186,64.782
"67 km S of Calama, Chile",Calama,Chile,4.1,2025-12-02 02:36:29.347,-23.0609,-68.8495,103.357
central Mid-Atlantic Ridge,central Mid-Atlantic Ridge,central Mid-Atlantic Ridge,4.4,2025-12-02 02:19:25.484,9.4556,-40.4801,10.0
central Mid-Atlantic Ridge,central Mid-Atlantic Ridge,central Mid-Atlantic Ridge,4.4,2025-12-02 02:02:22.428,9.4768,-40.6669,10.0
"40 km S of Teknāf, Bangladesh",Teknāf,Bangladesh,4.1,2025-12-02 01:56:31.335,20.4905,92.3253,10.0
"54 km WNW of Panguna, Papua New Guinea",Panguna,Papua New Guinea,4.9,2025-12-02 01:56:29.404,-6.1955,155.0083,158.207
"102 km WSW of San Antonio de los Cobres, Argentina",San Antonio de los Cobres,Argentina,4.2,2025-12-02 01:48:21.663,-24.4318,-67.2982,200.54
South Sandwich Islands region,South Sandwich Islands region,South Sandwich Islands region,4.5,2025-12-02 01:27:59.092,-56.3082,-25.5974,10.0
"177 km SE of Petropavlovsk-Kamchatsky, Russia",Petropavlovsk-Kamchatsky,Russia,4.2,2025-12-02 01:09:11.648,51.8742,160.3698,10.0
south of the Fiji Islands,the Fiji Islands,south of the Fiji Islands,4.0,2025-12-02 01:07:43.274,-23.1952,-179.7067,582.437
"192 km SSE of Vilyuchinsk, Russia",Vilyuchinsk,Russia,4.9,2025-12-02 00:50:56.754,51.3831,159.6595,10.0
Mid-Indian Ridge,Mid-Indian Ridge,Mid-Indian Ridge,4.6,2025-12-02 00:22:37.747,-10.0596,66.794,10.0
"58 km S of Sand Point, Alaska",Sand Point,Alaska,4.2,2025-12-02 00:19:18.196,54.8127,-160.6053,43.058
"29 km WNW of Yuyapichis, Peru",Yuyapichis,Peru,4.9,2025-12-01 23:26:58.600,-9.5429,-75.2302,108.152
Kermadec Islands region,Kermadec Islands region,Kermadec Islands region,4.5,2025-12-01 23:16:31.045,-27.3275,-176.8501,35.0
Kermadec Islands region,Kermadec Islands region,Kermadec Islands region,5.2,2025-12-01 23:08:04.871,-27.1082,-176.4363,35.0
"43 km NNW of Khandūd, Afghanistan",Khandūd,Afghanistan,4.2,2025-12-01 23:05:14.723,37.2868,72.0551,108.958
"79 km SE of Atka, Alaska",Atka,Alaska,5.1,2025-12-01 22:21:07.810,51.648,-173.4586,35.0
"Izu Islands, Japan region",Izu Islands,Japan region,4.4,2025-12-01 22:12:22.040,32.5027,142.4884,10.0
"12 km NE of Jericó, Mexico",Jericó,Mexico,4.4,2025-12-01 22:11:53.675,16.354,-92.8733,208.454
"39 km WSW of San Nicolas, Philippines",San Nicolas,Philippines,4.5,2025-12-01 22:11:17.462,14.7587,119.7692,10.0
Kermadec Islands region,Kermadec Islands region,Kermadec Islands region,4.6,2025-12-01 22:07:37.251,-27.1652,-175.9607,10.0
"82 km NE of Tadine, New Caledonia",Tadine,New Caledonia,4.9,2025-12-01 21:12:19.958,-21.1132,168.5224,10.0
"58 km WNW of Kirakira, Solomon Islands",Kirakira,Solomon Islands,5.1,2025-12-01 20:05:12.930,-10.2888,161.4093,104.577
"113 km SE of Bushehr, Iran",Bushehr,Iran,4.1,2025-12-01 19:57:09.771,28.1928,51.5983,10.0
"Pagan region, Northern Mariana Islands",Pagan region,Northern Mariana Islands,4.0,2025-12-01 19:18:57.203,18.8286,145.2538,199.55
"81 km E of Falam, Burma (Myanmar)",Falam,Burma (Myanmar),4.8,2025-12-01 18:55:15.922,22.8791,94.4717,99.301
"4 km NNE of Bacolod, Philippines",Bacolod,Philippines,4.5,2025-12-01 18:32:07.963,8.9656,126.3025,56.431
"244 km E of Levuka, Fiji",Levuka,Fiji,4.1,2025-12-01 17:25:37.999,-18.0067,-178.3713,596.914
"110 km N of Tobelo, Indonesia",Tobelo,Indonesia,4.3,2025-12-01 15:19:33.629,2.7113,128.1721,73.75
"239 km SSW of Colonia, Micronesia",Colonia,Micronesia,4.6,2025-12-01 15:10:29.365,7.669,136.9808,10.0
"34 km SSE of Tommot, Russia",Tommot,Russia,4.4,2025-12-01 14:55:46.105,58.6644,126.4766,10.0
"140 km ESE of Petropavlovsk-Kamchatsky, Russia",Petropavlovsk-Kamchatsky,Russia,4.8,2025-12-01 14:07:56.508,52.7494,160.644,34.576
"39 km W of Ollagüe, Chile",Ollagüe,Chile,4.2,2025-12-01 12:29:11.180,-21.1594,-68.6237,111.331
"69 km SE of Fīrūzābād, Iran",Fīrūzābād,Iran,4.0,2025-12-01 12:28:56.247,28.4389,53.1078,10.0
Kermadec Islands region,Kermadec Islands region,Kermadec Islands region,4.3,2025-12-01 10:50:58.507,-31.4862,179.8098,432.135
"83 km NE of Petropavlovsk-Kamchatsky, Russia",Petropavlovsk-Kamchatsky,Russia,4.2,2025-12-01 09:03:27.761,53.5571,159.5678,45.494
"57 km S of Aitape, Papua New Guinea",Aitape,Papua New Guinea,4.7,2025-12-01 08:40:31.294,-3.6493,142.2499,35.0
"154 km E of Beauséjour, Guadeloupe",Beauséjour,Guadeloupe,4.5,2025-12-01 07:52:35.724,16.3206,-59.6292,10.0
"280 km NW of Houma, Tonga",Houma,Tonga,4.4,2025-12-01 07:07:46.693,-19.7558,-177.529,544.161
Mariana Islands region,Mariana Islands region,Mariana Islands region,4.5,2025-12-01 06:59:08.235,19.1885,146.2372,91.59
"44 km SW of Sechura, Peru",Sechura,Peru,4.2,2025-12-01 06:37:00.570,-5.8617,-81.0816,32.602
west of Macquarie Island,Macquarie Island,west of Macquarie Island,4.2,2025-12-01 05:42:44.372,-59.0038,149.5291,10.0
south of the Fiji Islands,the Fiji Islands,south of the Fiji Islands,4.2,2025-12-01 05:29:07.728,-25.3374,179.8969,499.395
"20 km E of Jurm, Afghanistan",Jurm,Afghanistan,4.2,2025-12-01 04:51:06.704,36.8332,71.0559,205.599
"46 km NNW of Bandar Abbas, Iran",Bandar Abbas,Iran,4.4,2025-12-01 04:26:20.780,27.585,56.1308,10.0
"227 km E of Levuka, Fiji",Levuka,Fiji,4.3,2025-12-01 04:16:55.987,-17.9166,-178.544,578.78
"32 km SW of Bahía Solano, Colombia",Bahía Solano,Colombia,4.3,2025-12-01 04:05:54.383,5.9851,-77.569,10.0
South Sandwich Islands region,South Sandwich Islands region,South Sandwich Islands region,4.3,2025-12-01 03:30:24.060,-59.4373,-26.0685,42.938
"114 km NW of Neiafu, Tonga",Neiafu,Tonga,4.7,2025-12-01 02:54:40.381,-17.829,-174.6388,10.0
"34 km ESE of Aiquile, Bolivia",Aiquile,Bolivia,4.2,2025-12-01 02:22:32.779,-18.2947,-64.8709,10.0
"53 km E of Baculin, Philippines",Baculin,Philippines,4.6,2025-12-01 01:41:43.796,7.4127,127.0704,35.0
"78 km SW of Challapata, Bolivia",Challapata,Bolivia,4.1,2025-12-01 01:37:57.834,-19.4176,-67.2761,227.844
"19 km WSW of Urakawa, Japan",Urakawa,Japan,4.6,2025-12-01 00:48:01.683,42.0602,142.5913,57.662
"139 km ENE of Masohi, Indonesia",Masohi,Indonesia,4.9,2025-11-30 23:16:37.213,-2.9848,130.1828,10.0
"47 km SE of Onagawa Chō, Japan",Onagawa Chō,Japan,4.6,2025-11-30 17:25:49.939,38.1966,141.8948,54.948
"Pagan region, Northern Mariana Islands",Pagan region,Northern Mariana Islands,4.7,2025-11-30 16:23:05.446,18.8501,145.7151,201.514
"70 km SSW of Severo-Kuril’sk, Russia",Severo-Kuril’sk,Russia,4.2,2025-11-30 15:37:36.796,50.0555,155.9105,89.467
"109 km WSW of Neiafu, Tonga",Neiafu,Tonga,4.5,2025-11-30 14:49:01.167,-18.957,-174.975,191.174
south of the Fiji Islands,the Fiji Islands,south of the Fiji Islands,4.2,2025-11-30 14:18:30.500,-26.879,-176.0819,10.0
"88 km E of Ozernovskiy, Russia",Ozernovskiy,Russia,4.5,2025-11-30 14:06:15.835,51.5151,157.7795,90.253
"121 km E of Atka, Alaska",Atka,Alaska,4.4,2025-11-30 12:24:45.055,52.1002,-172.439,72.624
Pacific-Antarctic Ridge,Pacific-Antarctic Ridge,Pacific-Antarctic Ridge,5.0,2025-11-30 12:18:13.489,-56.0757,-143.8795,10.0
"176 km WNW of Abepura, Indonesia",Abepura,Indonesia,4.4,2025-11-30 10:36:39.758,-2.1892,139.0948,10.0
south of the Fiji Islands,the Fiji Islands,south of the Fiji Islands,5.3,2025-11-30 10:05:29.877,-26.9787,-176.2688,10.0
"41 km SE of Nemuro, Japan",Nemuro,Japan,4.0,2025-11-30 08:53:27.537,43.0378,145.9031,39.606
south of the Fiji Islands,the Fiji Islands,south of the Fiji Islands,4.4,2025-11-30 08:38:35.261,-25.5645,179.6055,519.439
"152 km N of Masohi, Indonesia",Masohi,Indonesia,4.7,2025-11-30 08:31:49.549,-1.923,128.9011,10.0
"14 km NW of Ilabaya, Peru",Ilabaya,Peru,4.3,2025-11-30 07:53:41.539,-17.3176,-70.5944,125.69
"29 km SE of Dampit, Indonesia",Dampit,Indonesia,4.3,2025-11-30 07:25:46.494,-8.4001,112.9424,140.342
off the coast of Ecuador,Ecuador,off the coast of Ecuador,4.5,2025-11-30 05:34:27.648,1.6999,-84.6589,10.0
"164 km NE of Neiafu, Tonga",Neiafu,Tonga,4.6,2025-11-30 05:01:19.060,-17.4164,-173.1133,35.0
"19 km S of Pīpalkoti, India",Pīpalkoti,India,4.3,2025-11-30 04:57:07.984,30.2518,79.4611,25.331
"184 km NNE of Lospalos, Timor Leste",Lospalos,Timor Leste,4.2,2025-11-30 04:18:12.919,-6.8976,127.3696,378.31
"29 km SW of Jurm, Afghanistan",Jurm,Afghanistan,4.2,2025-11-30 03:11:50.654,36.661,70.6139,109.922
"84 km WNW of Vinchina, Argentina",Vinchina,Argentina,4.5,2025-11-30 02:51:46.671,-28.4498,-68.9984,94.818
"131 km SSW of Kokopo, Papua New Guinea",Kokopo,Papua New Guinea,4.3,2025-11-30 02:43:01.324,-5.3754,151.6848,125.603
"90 km ESE of Petropavlovsk-Kamchatsky, Russia",Petropavlovsk-Kamchatsky,Russia,4.1,2025-11-30 00:01:41.098,52.6529,159.7852,73.655
Kermadec Islands region,Kermadec Islands region,Kermadec Islands region,5.3,2025-11-29 23:42:46.026,-27.1631,-176.5717,36.374
"196 km SSE of Vilyuchinsk, Russia",Vilyuchinsk,Russia,4.3,2025-11-29 23:28:07.340,51.312,159.5531,10.0
west of Macquarie Island,Macquarie Island,west of Macquarie Island,4.2,2025-11-29 23:24:52.123,-56.579,146.3353,10.0
"41 km ENE of Hachinohe, Japan",Hachinohe,Japan,4.1,2025-11-29 23:03:37.958,40.5884,141.9801,56.25
"167 km SE of Vilyuchinsk, Russia",Vilyuchinsk,Russia,4.5,2025-11-29 22:53:04.778,51.8472,160.1105,30.704
west of Macquarie Island,Macquarie Island,west of Macquarie Island,5.8,2025-11-29 22:47:50.658,-56.5108,147.4508,10.0
"108 km E of Miyako, Japan",Miyako,Japan,4.4,2025-11-29 21:46:32.434,39.8246,143.1895,29.917
Fiji region,Fiji region,Fiji region,4.2,2025-11-29 21:25:43.542,-21.2008,-178.9084,645.536
"111 km WNW of Basco, Philippines",Basco,Philippines,4.9,2025-11-29 20:01:55.520,20.9359,121.0281,10.0
"47 km ENE of Calama, Chile",Calama,Chile,4.3,2025-11-29 19:32:49.072,-22.3324,-68.482,109.844
"115 km WNW of Basco, Philippines",Basco,Philippines,4.4,2025-11-29 19:29:51.242,20.9082,120.9745,24.644
southeast of the Loyalty Islands,the Loyalty Islands,southeast of the Loyalty Islands,4.2,2025-11-29 18:55:01.939,-22.9236,170.9414,10.0
Kermadec Islands region,Kermadec Islands region,Kermadec Islands region,4.8,2025-11-29 18:18:28.907,-27.23,-176.2047,10.0
"79 km W of San Antonio de los Cobres, Argentina",San Antonio de los Cobres,Argentina,4.1,2025-11-29 17:59:05.138,-24.2435,-67.0961,206.6
"278 km S of Suva, Fiji",Suva,Fiji,4.2,2025-11-29 16:44:03.749,-20.6499,178.5917,583.949
"118 km W of Gorontalo, Indonesia",Gorontalo,Indonesia,4.6,2025-11-29 15:23:06.290,0.3695,122.0085,182.34
Vanuatu region,Vanuatu region,Vanuatu region,4.4,2025-11-29 13:41:32.389,-13.6113,170.6978,629.972
"15 km NE of Colonia, Micronesia",Colonia,Micronesia,4.6,2025-11-29 13:29:48.203,9.6159,138.2209,10.0
"4 km SSW of Motomiya, Japan",Motomiya,Japan,4.0,2025-11-29 12:23:11.262,37.4761,140.3752,113.547
Scotia Sea,Scotia Sea,Scotia Sea,4.7,2025-11-29 12:15:14.242,-61.1702,-36.4403,10.0
western Indian-Antarctic Ridge,western Indian-Antarctic Ridge,western Indian-Antarctic Ridge,4.3,2025-11-29 11:58:48.516,-48.1337,117.5056,10.0
"118 km W of Sola, Vanuatu",Sola,Vanuatu,5.0,2025-11-29 11:50:03.912,-13.715,166.4729,10.0
western Indian-Antarctic Ridge,western Indian-Antarctic Ridge,western Indian-Antarctic Ridge,4.4,2025-11-29 11:12:38.462,-47.808,116.0727,10.0
Scotia Sea,Scotia Sea,Scotia Sea,4.4,2025-11-29 09:32:58.110,-60.7301,-50.4998,10.0
west of Macquarie Island,Macquarie Island,west of Macquarie Island,5.9,2025-11-29 08:03:53.203,-52.366,151.8084,10.0
"161 km SW of Belaya Gora, Russia",Belaya Gora,Russia,4.4,2025-11-29 07:18:12.649,67.6893,143.0535,10.0
Mariana Islands region,Mariana Islands region,Mariana Islands region,4.5,2025-11-29 06:57:15.257,21.5934,143.1209,304.108
"20 km S of El Rosario, El Salvador",El Rosario,El Salvador,4.9,2025-11-29 06:52:40.983,13.313,-89.049,84.992
"204 km W of Tual, Indonesia",Tual,Indonesia,4.5,2025-11-29 06:33:00.223,-5.9669,130.9334,121.359
"100 km SE of Kieta, Papua New Guinea",Kieta,Papua New Guinea,5.1,2025-11-29 06:04:59.183,-6.8742,156.2641,154.765
"2 km E of Cepitá, Colombia",Cepitá,Colombia,4.3,2025-11-29 04:32:30.299,6.7524,-72.9558,162.717
"101 km E of Georgetown, Saint Helena",Georgetown,Saint Helena,5.1,2025-11-29 04:20:40.436,-7.9947,-13.4967,10.0
"190 km S of Severo-Kuril’sk, Russia",Severo-Kuril’sk,Russia,5.0,2025-11-29 03:34:07.310,48.9607,156.2413,13.482
south of Tonga,Tonga,south of Tonga,4.7,2025-11-29 02:31:56.796,-25.2274,-175.3988,10.0
"43 km NW of San Antonio de los Cobres, Argentina",San Antonio de los Cobres,Argentina,4.7,2025-11-29 00:55:12.692,-23.9845,-66.6652,197.499
"45 km SSW of La Tirana, Chile",La Tirana,Chile,4.1,2025-11-29 00:48:33.885,-20.6669,-70.2903,46.168
"257 km SW of Yanglong, China",Yanglong,China,4.6,2025-11-28 22:53:31.758,37.1913,96.3388,10.0
southern Mid-Atlantic Ridge,southern Mid-Atlantic Ridge,southern Mid-Atlantic Ridge,5.3,2025-11-28 22:46:29.696,-47.5014,-13.447,10.0
"139 km SSE of Koshima, Japan",Koshima,Japan,4.8,2025-11-28 22:40:44.664,29.1143,131.2005,9.766
southern Mid-Atlantic Ridge,southern Mid-Atlantic Ridge,southern Mid-Atlantic Ridge,4.9,2025-11-28 22:35:03.207,-47.5152,-13.5665,10.0
"172 km S of Severo-Kuril’sk, Russia",Severo-Kuril’sk,Russia,4.6,2025-11-28 21:23:44.867,49.1254,156.146,33.974
"228 km E of Neiafu, Tonga",Neiafu,Tonga,4.6,2025-11-28 20:11:44.901,-18.8013,-171.8211,10.0
"7 km S of Amatenango de la Frontera, Mexico",Amatenango de la Frontera,Mexico,5.8,2025-11-28 20:06:08.384,15.3677,-92.1037,153.161
Banda Sea,Banda Sea,Banda Sea,4.3,2025-11-28 19:40:20.580,-6.7507,130.0274,122.601
"295 km WNW of Houma, Tonga",Houma,Tonga,4.2,2025-11-28 18:26:52.442,-20.6685,-178.089,522.112
South Indian Ocean,South Indian Ocean,South Indian Ocean,4.8,2025-11-28 17:59:55.050,-37.1842,52.411,10.0
"66 km ENE of Petropavlovsk-Kamchatsky, Russia",Petropavlovsk-Kamchatsky,Russia,4.4,2025-11-28 17:57:13.169,53.2233,159.5924,67.161
"147 km NNW of Neiafu, Tonga",Neiafu,Tonga,4.6,2025-11-28 17:48:46.318,-17.4578,-174.5935,103.611
South Sandwich Islands region,South Sandwich Islands region,South Sandwich Islands region,4.0,2025-11-28 16:01:20.298,-58.9805,-28.4878,10.0
"63 km ESE of Mangili, Philippines",Mangili,Philippines,4.4,2025-11-28 15:28:50.367,5.7796,126.2159,151.062
"94 km S of Severo-Kuril’sk, Russia",Severo-Kuril’sk,Russia,4.4,2025-11-28 14:57:15.614,49.8389,155.8718,74.632
southern Mid-Atlantic Ridge,southern Mid-Atlantic Ridge,southern Mid-Atlantic Ridge,5.0,2025-11-28 13:29:34.628,-14.1982,-14.3764,10.0
"43 km SSW of Ollagüe, Chile",Ollagüe,Chile,4.4,2025-11-28 12:58:44.180,-21.5986,-68.3806,145.16
"82 km SW of Atocha, Bolivia",Atocha,Bolivia,4.5,2025-11-28 11:44:22.112,-21.4329,-66.814,212.454
"209 km ESE of Severo-Kuril’sk, Russia",Severo-Kuril’sk,Russia,4.6,2025-11-28 10:39:10.446,49.7425,158.6707,10.0
"34 km ESE of Minuri, Philippines",Minuri,Philippines,4.1,2025-11-28 10:16:16.530,16.4124,122.1573,67.848
"Kepulauan Babar, Indonesia",Kepulauan Babar,Indonesia,4.8,2025-11-28 08:32:54.036,-7.1001,129.7585,140.065
south of Panama,Panama,south of Panama,4.2,2025-11-28 08:32:02.729,4.4657,-82.747,10.0
"88 km NW of Amahai, Indonesia",Amahai,Indonesia,4.3,2025-11-28 07:37:33.889,-2.8395,128.2946,10.0
"110 km W of Abra Pampa, Argentina",Abra Pampa,Argentina,4.8,2025-11-28 07:13:31.893,-22.7597,-66.771,219.095
central East Pacific Rise,central East Pacific Rise,central East Pacific Rise,5.3,2025-11-28 05:18:27.170,-9.0856,-108.9253,10.0
"191 km SSE of Sarangani, Philippines",Sarangani,Philippines,4.1,2025-11-28 05:15:23.455,3.9525,126.4004,44.415
"271 km S of Ambon, Indonesia",Ambon,Indonesia,4.2,2025-11-28 05:11:38.973,-6.1043,127.7211,397.397
"27 km N of Labuan, Indonesia",Labuan,Indonesia,4.3,2025-11-28 04:35:25.636,-6.1321,105.834,161.069
"140 km WSW of Adak, Alaska",Adak,Alaska,4.4,2025-11-28 04:32:52.156,51.2637,-178.4046,47.643
"131 km WNW of Hihifo, Tonga",Hihifo,Tonga,5.6,2025-11-28 03:30:09.169,-15.3351,-174.8407,263.0
north of Ascension Island,Ascension Island,north of Ascension Island,4.7,2025-11-28 01:25:37.512,-0.2594,-16.1735,10.0
south of Africa,Africa,south of Africa,4.3,2025-11-28 00:45:11.185,-52.7572,27.0588,10.0
"220 km ENE of Lospalos, Timor Leste",Lospalos,Timor Leste,4.2,2025-11-28 00:43:14.310,-7.5437,128.7425,143.323
"18 km S of Nekā, Iran",Nekā,Iran,4.0,2025-11-28 00:35:53.334,36.4893,53.2719,10.0
"156 km SW of Leava, Wallis and Futuna",Leava,Wallis and Futuna,4.3,2025-11-28 00:20:41.871,-15.284,-179.1933,431.748
"17 km E of Nūrābād, Iran",Nūrābād,Iran,4.2,2025-11-27 22:29:14.753,30.1377,51.6974,10.0
"112 km ENE of Miyako, Japan",Miyako,Japan,4.3,2025-11-27 22:03:58.944,39.8676,143.2263,36.699
"96 km NNW of Rāvar, Iran",Rāvar,Iran,4.6,2025-11-27 21:44:59.196,32.0486,56.3493,10.0
"108 km NNW of Rāvar, Iran",Rāvar,Iran,4.3,2025-11-27 21:41:53.566,32.1976,56.449,10.0
"112 km W of Valparaíso, Chile",Valparaíso,Chile,4.4,2025-11-27 21:23:19.879,-32.9948,-72.8305,10.0
"5 km S of San Juan Bautista, CA",San Juan Bautista,CA,4.04,2025-11-27 20:57:37.730,36.799,-121.543666666667,8.2
"141 km E of Yamada, Japan",Yamada,Japan,4.5,2025-11-27 20:33:59.988,39.5266,143.5987,10.0
"Auckland Islands, New Zealand region",Auckland Islands,New Zealand region,4.3,2025-11-27 18:12:38.725,-49.5905,164.4033,18.022
"183 km SE of Sarangani, Philippines",Sarangani,Philippines,4.2,2025-11-27 17:45:08.855,4.2421,126.6452,46.838
"150 km E of Korsakov, Russia",Korsakov,Russia,4.2,2025-11-27 17:35:08.003,46.8926,144.711,382.102
"12 km WNW of Susitna, Alaska",Susitna,Alaska,6.0,2025-11-27 17:11:29.059,61.56951904296875,-150.75079345703125,69.43339538574219
"115 km SSE of Isangel, Vanuatu",Isangel,Vanuatu,4.3,2025-11-27 16:07:54.058,-20.5072,169.7026,97.56
"281 km WSW of Tual, Indonesia",Tual,Indonesia,4.8,2025-11-27 16:01:40.340,-6.8493,130.5204,105.965
"200 km SE of Sarangani, Philippines",Sarangani,Philippines,4.9,2025-11-27 12:31:13.201,4.0695,126.6845,26.731
"41 km SSE of San Jose Village, Northern Mariana Islands",San Jose Village,Northern Mariana Islands,4.6,2025-11-27 12:26:01.227,14.6053,145.7293,120.325
"78 km SE of Vilyuchinsk, Russia",Vilyuchinsk,Russia,4.1,2025-11-27 11:40:39.573,52.4437,159.2362,56.901
"61 km WNW of Sinabang, Indonesia",Sinabang,Indonesia,4.2,2025-11-27 11:18:04.285,2.616,95.8441,28.724
"16 km ENE of Tungi, Bangladesh",Tungi,Bangladesh,4.1,2025-11-27 10:15:17.099,23.9741,90.5388,10.0
"147 km NW of Ternate, Indonesia",Ternate,Indonesia,4.8,2025-11-27 09:59:14.336,1.7442,126.4587,57.575
Fiji region,Fiji region,Fiji region,4.4,2025-11-27 09:54:11.934,-20.0503,-178.2564,580.104
